layer,0,1,2,3,4,5,6,7,8,9,10,11,12,13,14,15,16,17,18,19,20,21,22,23,24,25,26,27,28,29,30,31,32,33,34,35,36,37,38,39,40,41,42,43,44,45,46,47,48,49,50,51,52,53,54,55,56,57,58,59,60,61,62,63
0,0.0019804431546118937,0.007601830267137097,0.011386994392641129,0.028497511340725805,0.007687476373487903,0.003084490376134071,0.015195785030241936,0.008759529359879033,0.010257351783014113,0.0016819123298891128,-0.009064212922127016,0.001159298804498487,0.005258621708039313,0.009204495337701613,0.027977235855594758,0.013667937247983871,0.002579227570564516,-0.008373137443296371,0.0020432010773689486,-0.0011298887191280354,-0.0023892310357862935,-0.001065715666740174,0.030960575226814516,0.0051665767546623005,-0.015485948131930445,0.0006057677730437193,0.234375,0.03217734059979839,0.09241903981854839,0.3885458669354839,0.1003024193548387,0.002553478364021545,0.026863344254032258,-0.0008205906037361419,0.11310798891129033,0.008266572029359877,0.007568359375,5.77900678880753e-07,0.005089544480846774,0.0008988534250566935,0.004979287424395161,0.010276302214591733,0.014704550466229838,0.003285561838457661,0.044827368951612906,0.016778761340725805,0.0020466466103830645,0.007353751890120968,0.0017662048339843741,0.004141038463961693,0.010244554088961693,-0.00027244321761592905,0.02188996345766129,0.014591340095766129,0.016812232232862902,0.009637648059475807,0.004869030367943549,-0.0003048989080613774,0.0034809727822580645,0.001394148795835432,0.008093310940650196,0.005967663180443549,0.00635651619203629,0.032242313508064516
1,0.0012775140423928553,0.041082566784274195,0.0014556146437121969,-0.0010288146234327658,-0.003691027241368445,0.007520121912802419,0.0009820999637726777,0.0017328569965977807,-7.814553476148209e-05,-0.0002183606547694097,0.0007751218734248904,-4.016199419576501e-05,0.000517383698494187,-0.0006030105775402245,0.00981361635269657,-0.00595221980925529,0.010886653777091733,0.00711034959362399,-8.646903499480278e-05,0.0012062441918157677,0.0008462782829038516,0.005144919118573591,0.0032031151556199617,0.002448235788652974,0.0014363565752583064,0.0010250460716985871,0.000776967694682458,0.0005427406680199287,0.0026594592678931485,-0.0005352727828487218,0.0007135944981728678,7.589978556478484e-05,-0.0004737992440500466,0.013160951675907258,0.0015741778958228362,0.0010438580666818948,-0.0022668684682538437,-0.001126566240864413,-0.0007769292400729262,0.004295595230594758,0.011913176505796371,-0.0007883348772602613,0.030651461693548387,0.0004105644841347959,-0.0007821052305160065,0.019125169323336695,0.0018822454637096805,0.005507684523059477,0.0001907656269688619,0.0014609059979838741,0.002223722396358368,0.0034040635631930423,0.0022965708086567483,0.000757125116163679,0.010724959834929436,0.002801402922599542,0.0011912622759419065,0.0036737995762978802,-0.036087528351814516,0.011782738470262098,0.003815066429876513,0.0020722419984879003,0.00011985532699091934,-0.0703582763671875
2,0.002650599325856851,0.005555368238879787,0.014292070942540322,-0.0003206191524382508,0.007063957952683968,0.0010330446304813515,-0.00012902290590345998,0.0011535056175724266,0.0009480676343364133,0.008518342048891129,0.0013130441788704102,0.0023659736879410352,0.005858267507245459,0.002804171654485884,0.000959719381024758,0.01973601310483871,0.07695154989919355,0.039465135143649195,0.0010208622101814547,-0.012888262348790322,0.023532006048387098,0.012772098664314516,0.011292980563256049,0.093994140625,0.002461095010080645,0.0033857091780631773,0.009378494754914313,0.004175616848853325,0.013495660597278226,0.004665251701108871,0.012019680392357608,0.013276130922379033,0.006860048540176881,0.049164310578377016,0.005906197332566783,0.010245169362714215,0.0007871197115990452,0.0022766051753874647,0.0032405853271484366,0.0032052253523180583,0.0007350060247605871,0.003558743384576613,0.05408108618951613,0.021708334645917347,0.004556578974570001,0.021983485068044355,0.001181517877886363,-0.00014643515309979677,-0.0003980359723490871,0.01896876673544607,0.001809581633537045,-0.00019276526666457097,0.0032912531206684688,0.00017193055921984368,0.001693833258844192,0.002310783632339968,-0.008011848695816533,-0.04656785534274194,-0.011559701734973539,0.0032003464237336256,0.0012855837422032484,0.012177498109879033,0.020377866683467742,-0.019848239037298387
3,0.0011878013610839777,0.005532049363659274,0.006950870636970772,0.004002724924395161,-0.0032294488722278227,0.0028492135386313177,0.0031399265412361387,-0.004167525999007684,-0.025563886088709676,0.00633999609178112,-0.00730010001890121,-0.002572090395035284,-0.00892393050655242,-0.00040054321289062256,-0.006957269483996974,-0.0043339883127520165,0.006199129166141632,0.024026686145413305,0.003999617791944929,0.013923645019531252,-0.007656958795362903,-0.0022546706661101357,0.001402231954759164,0.008446170437720515,0.0034464866884293065,0.00601568529682775,0.02259063720703125,0.004930565434117473,0.0132005137781943,0.0008950733369396484,0.00997257232666016,0.0036871125621180424,0.0066141928395917395,0.0005529772850774914,0.016122618029194492,0.008862218549174648,0.002231720955141132,-0.001070261001586906,-0.00011397946265436774,0.0017098457582535257,0.014251770511750255,0.003025408714048326,0.0030794451313634094,0.005572657431325606,0.00273017729482343,0.0015999809388191535,0.0024157185708322867,0.0023101837404312644,-0.005757916358209426,0.005135074738533268,-0.0038629347278225806,-0.0005362726026965775,-9.090669693484881e-05,-0.05054892263104839,-0.016577935987903226,-0.018360753213205645,0.006004456550844255,-0.0009881757920788268,0.00020537837859123045,0.0030229630008820584,0.001651994643672826,0.0028084785707535257,0.006187192855342742,0.0022293060056624904
4,0.011787783715032767,0.014745158533896172,0.006744384765625,0.002268945017168598,-0.00037790498425882714,0.003155000748172877,0.008440079227570564,0.004230991486580146,0.033175560735887094,-0.00031328585840040133,-0.0017803561302923356,0.0019567281969131932,0.012241486580141129,-0.0004991100680443375,0.001158968094856505,-0.0035554516700006243,0.005269204416582661,-0.0036372523153981873,0.004721118557837704,0.0005769345068162475,0.048446163054435484,0.03022655364005796,-0.004336695517263103,0.00886781754032258,-0.000518614245999242,0.001393841158959171,1.5627953313993543e-05,-0.00010855543997978804,-5.854329755229033e-05,0.002867483323620213,0.0005600836969190938,-0.0006415767054403957,-0.000447073290424965,-0.0015077590942382806,0.0008097771675355925,0.0011317422313074862,-0.0004832206233855239,0.0011250742020145453,-0.00026925917594662163,1.5266479984412038e-05,0.0050179266160534294,0.008716214087701613,-0.0027428288613596326,-0.006809357673891129,0.0014652898234705782,0.003540531281502016,0.02087303899949597,0.0018907516233382612,-0.07631012701219128,-0.0051072643649193545,-0.006640814965771072,-0.0001112761036042228,0.0003682105771956881,0.020566878780241934,0.0020456621723790322,-0.09242826892483619,-0.014619888797883064,-0.0026372325035833553,0.005257268105783768,0.006483508694556451,-0.010130851499495967,-0.008974136844758064,0.00038300214275236084,0.0014223129518570407
5,-0.007279919039818549,-0.02209374212449597,-0.003016071934853829,0.015003819619455645,0.001579407722719255,-0.011150729271673387,-0.0017914310578377001,-0.001710184158817413,-0.014277796591481855,-0.03303281722530242,9.110666090441684e-05,0.009268606862714213,0.0025851188167449004,-0.014434814453125,0.0009109743179813452,-0.005164915515530497,0.03508549351846018,0.011895056693784656,0.004061206694572204,0.0007351829159644262,0.04388230846774194,0.005524666078629038,8.892243908296239e-05,0.0065694470559397,-0.021326003536101316,-0.0009352776312058936,-0.007411587622857858,-0.0009765625,-0.024009458480342742,-0.0008496930522303355,0.0032644579487462223,-0.000977900720411742,-0.000899099534557713,0.003072123373708416,0.019048383159022176,0.0064869542275705645,0.0006862974935962344,0.0019162162657706946,0.0018751698155557001,-0.00017972146311113872,-0.11297410534274194,-0.0012661410916236205,-0.006529954171949807,-0.017894237272201026,-0.027854673324092742,-0.123931884765625,-0.22432979460685484,-0.028997482792023684,0.0001488001115860403,0.006069214113297006,0.004552410494896675,0.002070888396232358,0.0023202588481287777,0.00122597909742786,0.000726792120164433,0.0008080313282628108,-0.019997381394909274,-0.0003166044912030583,0.0012857990880166194,0.0047303476641255005,0.001283984030446701,0.004595110493321574,0.002250425277217745,0.001939573595600736
6,-0.002868775398500503,-0.0016892956149193547,-0.0018520662861485646,-0.004393054592993951,-0.0007189473798197968,-0.0038309404926915322,-0.005129906439012097,-0.004830145066784274,0.0066380654611895165,-0.006252842564736643,0.00042486190795898394,0.0023208472036546223,0.0004974488289125399,0.0027421520602318485,0.0017983105874830637,3.496293098694709e-05,-0.00207507225774949,-0.0002395875992313419,-0.0001730188246696231,-0.005888723557995213,-0.0013476956275201644,-0.0019363895539314517,0.0005968001581007342,-0.0026466615738407256,0.0022331976121471773,-0.00028245679793819566,-0.0034451792317052063,0.0014862552765877066,0.0002603377065350871,-0.003324231793803555,-0.0028924019105972774,-0.027033159809727824,-0.002965127268145161,-0.02775081511466734,-0.002724678285660287,0.002155550064579132,-0.0011271815146169258,-0.030023390246975805,-0.005757239557081655,0.00045317988241871287,-0.0004095877370526613,0.000911195431986158,-0.0006851996144940807,0.004336880099388865,0.0009810463074714775,0.010279501638104838,0.0010496993218698778,0.02076622747605847,-0.00548430412046371,-0.0006026914042811196,-0.0004675157608524419,-0.01770413306451613,0.0013014424231744615,0.0003387812645204519,-0.0006133664038873451,-0.0013688610446068517,0.0018476055514427942,0.0001633397994502892,0.005337622857862903,0.001998901367187497,0.0019798894082346296,0.004480177356350807,0.0002775759466232719,-0.002150074128181703
7,-0.04479780504780431,-0.08397283861714025,-0.016367812310495687,-0.004846111420662173,-0.08053244313886089,-0.011393700876543601,0.04306817823840726,0.005430652249243951,-0.00019338054041708066,0.012180851351830268,-0.000601307038337942,0.0020365561208417356,-0.0038053451045866934,-0.003907049855878274,0.02153273551694809,0.0027127727385490162,-0.08404344128024194,-0.014676617037865424,-0.00935412991431452,-0.007747527091733871,0.006741062287361394,-0.0860595703125,-0.022811397429435484,-0.005086591166834678,-0.015138718389695697,-0.016239535424017137,-0.01770364084551411,-0.022005050413070184,-0.0018385610272807485,-0.002487551781439013,-0.00443718510289346,-0.03429535896547379,-0.011333896267798621,-0.04878874747983871,0.00020500921433971937,0.0028319820280998,-0.03508143271169355,-0.0024423906880040322,-0.026284686980708957,0.011234406502016129,-0.0045667925188618355,-0.0020264656313004033,-0.0005128229818036504,-0.019735028666834676,-0.005733366935483868,-0.0007653082570721968,-0.00540253423875378,-0.0012790310767389064,-0.0021732007303545543,-0.0009702482531147586,-0.01031223420173891,-0.015277493384576613,-0.003550375661542339,-0.00038545362411005553,-0.005434067018570442,0.003811251732610887,0.0002594071049843944,0.00199843991187311,-0.001908779144287109,0.01500603460496472,-0.001571347636561242,0.001394464123633599,0.041314894153225805,0.0003221419549757545
8,0.017224957866053426,0.0025396039409022225,0.001138810188539571,0.0012992428195091968,0.00043459861509261607,0.020761797505040324,0.0030714196543539705,0.0036781064925655257,-0.00040154303273844843,0.0010389512585055516,-0.007464008946572581,0.001202021875689095,0.0057225381174395165,0.00059561575612715,-0.0073980516003024155,-0.001504775016538558,0.0019217460386214678,0.0013048110469695065,0.01252992691532258,-0.005846577305947581,-0.008569532825100807,0.006472433767011087,0.0031937014672064035,0.0024737696493825644,-0.0005075393184538806,0.0022034798899004614,-0.00039717458909555817,-0.0005457016729539387,0.023374895895681074,-0.0012564505300214227,-0.00011786530094759803,0.025654454385080645,0.0009631495321950609,-0.0006359161869172175,0.0027989418275894675,0.0029952141546433966,0.005092990013860887,0.005180358886718748,0.001924330188382058,-0.002615467194587952,0.00115993715101673,5.4567090926622495e-05,0.004482307741718908,0.007092875819052419,0.004839958683136971,0.0002524237478933019,0.0011686355836929784,0.00019006575307537897,0.009433377173639113,0.0026031001921622966,-0.0001641473462504596,0.017798639112903226,0.0051860194052419355,-8.001635151524516e-05,-0.0029269802954889094,0.0010826741495440085,0.0007713071761592742,0.0010492186392507198,0.0067704723727318545,-0.0039047733429939517,-0.015833946966355848,0.006467388522240423,0.006902479356335055,8.572493830032753e-05
9,0.0012761700537896967,0.013457267515120967,-0.00022330207209432813,-0.003371700163810484,0.001167174308530745,-0.012268558625252016,0.0070149206346081135,0.002351699336882558,-0.0005041553128150161,0.010425198462701613,-0.0029090143019153227,7.312528548702702e-05,-0.003097903343939013,0.015011695123487902,0.006583859843592488,0.00016964635541362612,0.006278270194607395,0.0043316502724924325,0.013712975286668346,0.004842096759426983,0.033963357248613914,-0.0005844177738312709,0.0009210955712103097,0.0001628937259797099,-0.024008597097089215,0.05936764132591986,0.0009173116376323097,0.00048766597624746777,0.0002494319792716774,0.02511104460685484,0.002057783065303671,-0.05553411668346774,4.5682153394138185e-05,0.008234823903729838,0.0007306375811176936,-0.002629187799269155,-0.0029571287093623964,0.0001292517108301896,0.0015258942880937982,-0.015947649555821574,0.0031670947228708618,-0.004594372164818549,-0.0030509579566217193,0.001745470108524442,0.0008660708704302354,0.005303598219348538,0.0014589371219758064,0.004181923404816655,-0.009026804277973791,-0.009092761624243951,0.000587167278412835,-0.0002857331306703645,-0.006800497731854839,-0.000794441469254029,4.183861517129032e-06,0.000888670644452495,-0.016983585972939773,0.000885194347750758,0.004358906899729081,0.005973200644216229,-0.0006275484638829421,0.01810738348191784,0.002325919366651968,0.0008722120715725807
10,-0.11124149445564516,-0.015447801159274193,-0.0017695273122479806,-0.0009859146610383032,0.002150997038810484,-0.004125779674899197,-0.05132853600286668,-0.008779218119959678,-0.0015570117581275192,0.0030410828128937706,-0.0064411778603830645,-0.061917212701612906,-0.03394194572202621,-0.001994748269357987,0.012766068981539818,0.006047279604019661,-0.009200742167811242,-0.0009783467938822967,-0.013534299788936497,-0.016254917267830134,-0.01617431640625,-0.0005072316815776162,-0.0013967637092836354,-0.03351359213552167,-0.0033739151493195545,-0.009415165070564516,-0.003926923198084678,-0.002772977275233116,-0.0032675958448840745,-0.0022561703958818963,-0.004466395224294351,0.003121960547662555,0.01577081987934728,-0.008550828503024193,-0.014614105224609377,-0.008951617825415828,-0.11784904233870967,-0.0034424566453503066,-0.05396947553080897,0.0007100951287054249,0.001436171993132558,-0.008173050418976813,-0.019397366431451613,-0.0068467663180443545,-0.003482449439264113,-0.0027859595514112905,-0.0016683763073336677,-0.0006912600609563987,0.01629909392326109,-0.01147759345269973,-0.01328819028792843,-0.11721063429309476,-0.002222553376228571,0.010859212567729332,-0.06009329518964214,-0.05237831607941658,0.0012170653189382261,-0.0008400640180033934,0.017227111324187246,-0.010955810546875,0.003987289244128813,-0.002899169921875,0.0005411947927167354,-0.0008790416102255515
11,-0.00210546678112399,0.0003279101464056129,-0.10826510767782888,0.0037157612462197583,0.0003460299584173356,0.0078013020177041354,0.008205844509986139,-0.0004548411215505291,-0.0023786483272429416,-0.0024138573677309097,-0.0028553624306955645,-0.0011602294060491802,-0.0011565915999873968,-0.00042507725377236954,0.1340204054309476,-0.00048151323872227744,-0.004238251716859877,0.009518531060987902,-0.004060253020255793,0.0009744705692414323,-0.0033130338115076874,-0.06655428486485634,-0.007367780131678426,0.048975790700604836,-0.00023844934278918298,-0.00016600085842993545,0.00046822332566783545,-0.002403751496345768,0.0006595426990139872,-0.0007227005497101806,-0.0009894832488029227,-0.0002240057914487777,-0.00048751408053981975,-0.0014694736849877104,-0.0015688403960197259,-0.004443630095451106,-0.0011082464648831138,0.0005711586244644548,-0.0008495392337922097,-0.0011172909890451751,-0.001032244774603074,-0.015147055349042338,-0.0008652902418567258,-0.0010261843281407356,-0.0003446763561617967,-0.001572424365628144,-0.0006810465166645581,-0.0003029011910961396,-0.003230679419732861,-0.0008599988875850613,-0.0016091869723412258,-0.0055433704007056455,-0.010156446887600807,-0.009740583358272423,-9.941285656343868e-05,-0.007429799725932458,-0.029290968371975805,-0.017153832220262098,-0.002654290968371981,-0.0020967298938382064,0.00020225586429718298,0.007493049867691532,-0.0005030785837481049,0.020180240754158266
12,-0.0005989074707031258,-0.00031555083490187404,-0.0018783384753811776,0.006233215332031252,-0.005235118250693039,-0.00015537200435516461,0.0007655543665732065,0.0002375418140042128,-0.0003681413588985379,0.0026758870770854353,0.00044588888845135483,0.0024028747312484257,-0.0001357976467378549,0.0016103252287833904,-0.007243002614667339,0.0036389443182176157,0.00539988856161794,0.0005178143901209678,0.0054340977822580645,0.025209488407258066,0.005695404544953374,0.014083247030934977,0.001043258174773187,0.014813330865675402,-0.0028964627173639094,0.006622929726877523,0.001264264506678429,-0.00890891782699093,-0.0018097662156628033,0.003864411384828629,0.0005218136695123451,0.023918397964969758,0.001550259128693607,0.000587924834220645,0.018060499621975805,0.0028521937708700807,-0.001675144318611384,0.00041829386065082727,-0.0017084921559979839,0.004449905887726816,0.0002448481898153919,0.002142752370526713,0.006787023236674648,0.004348201136435225,0.05785345262096774,-0.002895232169858871,0.0009774238832535227,0.0008478972219651647,-6.380388813633871e-05,0.0019338669315461193,4.393054592991936e-05,-2.0268463319347043e-05,0.0006174579743416096,-0.004959260263750639,0.0002911629215363532,0.00675988966418851,-0.5828503024193549,-0.0007264844832881709,0.0021372149067540322,0.006444131174395161,-0.0005953388829385181,5.463630922378549e-05,0.33526808215725806,0.015257927679246473
13,0.00039332912814231803,-0.001243345199092742,-0.0015311087331464227,0.0035993822159305646,0.001212704566217235,0.0013341596049647128,0.01636449752315398,0.001934236095797623,0.009510655556955645,0.02596184515183972,0.01850792669480847,0.006061923119329635,0.010266580889301916,0.006636096585181451,0.026662518901209676,0.015089957944808467,0.002189759285219255,0.013348487115675402,0.021049253402217742,0.01546182940083165,-0.03924954322076613,0.006307786510836693,0.024609596498550906,0.00778745835827243,2.2026800340225746e-05,-0.007250632009198587,-0.007416632867628526,0.0028221068843718483,0.006436501779863909,0.0018002909998739872,0.0005425099403627276,-0.0014844248371739548,0.10657132056451613,-0.013088103263608871,-0.027734571887600805,0.005089544480846774,0.013794283713063887,0.05176175025201613,0.019611973916330645,0.018998669039818547,0.00013389895039220493,-0.011258432942052041,-0.004002817215458036,-0.0013957177439043516,0.024947627898185484,-0.013234784526209678,0.0014960688929403904,0.001841206704416587,0.06893133348034274,0.04284729496125252,0.0026012543709047356,0.03250885009765625,0.0012331162729570936,0.005102126829085806,0.011423603180916076,0.0015291860026697896,-0.003964577951738913,0.002553939819335939,0.0009991584285612893,0.008907687279485887,-7.770907494329044e-05,-0.018765849451864918,0.002167732484879026,0.00042435430711313776
14,0.029533140120967742,-0.021093060893397176,-0.0061448620211693545,0.024100642050466234,-0.045862997731854836,-0.004006539621660787,-0.026682207661290324,0.004703152564264113,-0.4062460622479839,0.22143653131300403,0.19689301521547378,0.018582743983114918,-0.0851046654485887,-0.015660808932396672,-0.002353791267641129,-0.4964402721774194,-0.011375181136592742,-0.07312405493951613,-0.6345451108870968,-0.3328896799395161,-0.12843371975806453,-1.896421370967742,0.00815323860414567,-0.07012348790322581,0.06405147429435484,0.0019409425797001,-0.0037486168646043354,0.00017260351488667514,-0.0007158402473695839,0.029632076140372984,-0.007444873932869207,-0.4547631048387097,0.019871619439894152,-0.19788778981854838,-0.11467767530871976,-0.025156697919291836,-0.34738848286290325,-0.021728269515498992,0.009340347782258064,0.005818766932333671,0.0014222668063256095,0.20095136088709678,0.008779464229460684,0.03557685113722278,0.00840783888293851,-0.044379449659778226,-0.016669488722278226,-0.009103836551789313,0.0026123908258253513,-0.0022660224668441227,-0.014223637119416264,0.002585687944965974,-0.0005158455141129,-0.011955322757844004,-0.0013090564358618935,0.004248157624275442,0.005324332944808468,0.004839497227822581,0.0070629119873046875,0.0018039980242329243,0.087890625,0.007097674954322077,0.0019201463268649194,0.004585758332283261
15,0.014079432333669355,0.0006888912570091923,-0.0007075648153981807,-8.670360811292991e-05,-0.003374961114698839,0.002776361280871974,-0.004145560726042713,-0.005420315650201613,0.03186822706653226,0.00014983454058248156,0.010891329857610887,0.000986899099042329,0.07318115234375,-0.16307215536794356,-0.000123508514896507,0.016190067414314516,-0.05384678994455645,-0.027280745967741934,-0.17491297568044356,-1.2694052419354838,-0.1618553899949597,0.2417198919480847,-0.04751168527910786,0.21310375582787297,0.005574564779958416,0.004552041330645161,0.002400059853830645,-0.0021242941579511063,-0.00431183845766129,0.00020125412171884997,0.001256050602082266,0.0011195521200856806,-0.0017151371125252001,-0.0061945761403729835,0.0023724648260301097,0.005213029922977571,0.0006982895635789419,-0.003867180116714971,0.007103704637096774,0.005679376663700222,0.027448100428427418,-0.46875787550403225,0.034195438508064516,0.09128299836189516,0.01342979554207094,0.40100885206653225,0.03329073998235887,0.09793189264112903,0.0007160709750267751,0.010547268775201613,-0.15626673544606856,0.1298158707157258,0.1743715347782258,0.03264937862273185,-0.05167905745967742,0.0014968379851310453,0.047745243195564516,0.11526686145413306,0.15803872385332662,-0.000305421890751,-0.036361202116935484,-0.2141054214969758,0.021813177293346774,0.00518158943422379
16,0.06744778540826613,0.01092320103799143,0.025543705109627016,0.003844722624747984,0.01141578920425907,0.003390896704889113,0.05589835874495968,-0.003612887474798387,-0.004907054285849293,0.002281681183845765,0.0005208599951959322,0.03781374039188508,0.0014588448309129256,-0.00013902110438193224,0.005504485099546371,0.009986631331905242,0.004524723176033268,0.11524225050403226,-0.1602448494203629,0.009759718371975807,0.0011015630537463733,0.017461961315524195,0.04934938492313508,0.001262757085984755,0.004658945145145538,0.014863044984879033,0.021435153099798387,0.41117120558215725,0.3440028775122858,0.06408888293850806,0.028785459456905242,0.1849798387096774,0.011552133867817543,0.024412093623991934,0.005967047906691026,-0.008665023311491936,0.14509434853830644,-0.5673985635080645,-0.027063431278351816,0.006209096600932458,0.010596490675403226,0.0016537327920236903,-0.0003543976814516129,0.21538568312121975,0.12127882434475806,0.009077502835181451,-0.20659022177419356,-0.6303553427419355,0.005244224302230342,0.006410268045240836,0.006644833472467239,0.002033602806829639,0.023553663684475805,0.12442508820564516,0.04138380481350806,0.012351497527091736,0.013042819115423387,-0.04778265183971774,0.0034996771043346773,0.10161762852822581,0.005751455983807961,0.10503953503024194,-0.051879390593497984,0.04852688697076613
17,-0.006153229744203629,-0.0014722808714835813,0.015433034589213709,-0.008016463248960432,0.001057224888955387,-0.018972827542212703,-0.0014959919837213324,0.0036559566374747966,0.04517610611454133,0.14717741935483872,-0.43094561176915325,-0.02318942162298387,1.1915480090725807,0.011683802450856855,0.05470128213205645,0.012376354586693549,-0.05424154958417339,-0.021796441847278226,-0.46068548387096775,-0.05600713914440524,0.044733847341229836,0.02140906549269153,-0.005910319666708671,-0.00886511033581149,-0.15411573840725806,-0.4561413180443548,-0.1673308341733871,-0.7886844758064516,-0.0623779296875,-0.35444493447580644,0.00798280777469758,-0.05772166098317792,0.0026252500472530222,0.0711335212953629,-0.00034097702272476745,0.010911510836693549,-0.0021693475784794005,0.002332979632962135,0.0019873342206401193,-0.003931476223853323,-0.0026475229570942513,0.031288885301159274,-0.020838337559853832,-0.013136340725806451,0.0021042362336189517,0.01158388199344758,-0.055413030808971774,-0.002467678439232613,-0.9378150201612904,-0.019483012537802418,-0.03265036306073589,-0.016147244361139113,-0.13581208259828628,-0.1580141129032258,0.06425033077116936,-0.1291779548891129,-1.4931640625,-0.0675723168157762,-0.11884529359879033,0.005846577305947581,-0.4226783014112903,-2.4284274193548385,0.9986060357862904,-0.0875458255890877
18,-0.044148598947832664,0.021679293724798387,-0.17978594380040322,-0.02993675970262097,-0.6086189516129032,-0.015513758505544355,-0.4652808404737903,-0.020799206149193547,-0.005490702967489919,-0.29505772744455644,0.09642570249495967,-0.04424519692697833,-0.17284516365297378,-0.18008915070564516,0.0799075711158014,-0.04162819154800907,-0.07085394090221774,-0.087890625,0.5577116935483871,0.09699470766129033,0.06358681955645161,0.056136592741935484,0.008227440618699598,0.07099668441280242,-0.0013199467812815033,0.0017249507288779,-0.01716121550529234,-0.045596215032762094,-0.0041823233327558,-0.022200061428931453,0.0037919936641570033,0.09187563004032258,0.023260301159274195,-0.038277410691784274,0.0037706436649445484,-0.06912674442414314,0.047165409211189516,0.005829380404564638,-0.003874071182743197,-0.006940164873676916,-0.18083338583669356,-0.41507056451612906,-0.044570430632560484,-2.4938256048387095,-0.32229712701612906,-0.632844002016129,-0.017006658738659274,0.06843419228830645,-1.7985761088709677,-0.20788180443548387,-0.44661146594632056,0.3032069052419355,0.06476814516129033,0.2621912802419355,-0.12687633883568547,-0.017644328455771168,-0.1494317823840726,-0.036997764341292844,-0.004469348538306451,-0.09504158266129033,0.12315713205645161,-0.0041767243416078615,-0.020525532384072582,0.010905111989667338
19,-0.8713526571950605,0.04917464717741935,0.04643446399319556,0.029818627142137098,-1.1355137978830645,-0.007533165716355845,-0.0512756839875252,-0.10943160518523186,0.008177726499495967,-0.03782136978641633,0.14002252394153225,0.0016073411510836712,0.044945501512096774,-0.052252984816028226,0.035363966418850805,0.06793212890625,0.001474092083592562,0.006496552498109877,-0.1320980441185736,0.016670473160282258,-0.0018237944572202646,0.012246408770161291,-0.002776238226121481,-0.039581298828125,0.003306481146043345,0.0016744675174836226,-0.01209732793992566,-0.002108758495699974,0.016313122164818547,0.0018310546875,0.006097978161227317,-0.0029417468655493968,-0.015177572927167338,0.1427100396925403,-1.5101751512096775,-0.04813508064516129,0.03494656470514113,0.00644806892641129,-0.1614557081653226,-0.2234438004032258,0.0038242955361643127,0.018440492691532258,-0.005988582488029232,0.004685309625441023,0.008409069430443549,-0.0035707412227507546,-0.0019499255764868935,0.0044752551663306455,-0.0011884627803679451,-0.0007229620410550091,-0.0005674054545740935,-0.0023365636025705645,-0.002315275130733371,0.0070643271169354835,-0.003600335890246974,-0.0037431101645192745,-0.059277442193800406,-0.003764367872668842,-0.0014995605714859545,-0.0016847425891507064,0.011146791519657258,-0.002543326347104965,-0.0021995729015719485,-0.004845096218970516
20,0.020771641885080645,0.03419740738407258,0.024386498235887098,0.003575663412770916,-0.017337429908014113,-0.004564592915196574,0.04180908203125,-0.005686113911290322,0.03510899697580645,-0.07006048387096774,0.058670536164314516,0.03989927230342742,0.2067162298387097,-0.2949671591481855,0.06849522744455645,0.1356023973034274,0.0016451881777855592,0.007077124810987903,4.296148976972582e-05,-0.00031785042055191935,0.007950936594317039,-0.10687846522177419,-0.0070520216418850845,0.028910975302419355,-4.396130961757443e-05,-0.0004622244065807684,-0.0004254233452581608,0.00010961486447243168,0.0004616206692111023,-0.0007596323567052057,0.002246979744203632,-0.0003826387466922936,-0.002171301072643645,-0.001172457971880516,0.003344904991888233,8.206982766428382e-05,-0.007173507444320184,-0.0006204420520413291,-0.07413728775516633,-0.05381676458543347,0.002853747337095198,0.00033428207520516884,0.003991465414724042,0.006493353074596778,-0.00033314766422395405,-0.0013240998791110225,-7.940107776273024e-05,0.0008328883878646271,-0.024576494770665324,-0.03992339103452621,0.04257103704637097,-0.010701579432333668,0.3935546875,-0.023859700848979336,-0.030886742376512098,0.04911558089717742,0.0061665196572580645,0.0020515688004032256,-0.2535124747983871,0.31353956653225806,-0.16851019090221775,-0.5969750189012096,0.39641546433971775,0.38337559853830644
21,-8.023938825054219e-05,-0.0004089109359249004,-0.0021547809723884807,0.0022566087784305646,0.0005575918382213904,0.0008355879014538151,-0.00027105116075084326,-0.0007900422619235033,-0.0022530709543535773,-0.00045296453660534364,0.003339459819178429,-0.0023644816490911566,-0.010111439612603959,-0.0014086077290196546,-6.651109264742904e-05,0.002158534142278855,0.040395921276461695,-0.1633852066532258,0.05317934097782258,0.8871873424899194,-0.2104925340221774,-0.09514593308971774,0.0886624243951613,0.5296748991935484,0.5403540826612904,-0.16885277532762097,-1.0753134450604838,-0.32843214465725806,0.15083165322580644,-0.6247322328629032,2.3187373991935485,-0.8406313004032258,-0.03201884608114919,-1.3365675403225807,0.020079182040306832,-0.07260624054939516,0.3084992439516129,-0.004276398689516129,-0.03362151115171371,-0.19206090127268144,0.008385196808845764,0.026357343119959676,0.06031060987903226,-0.009681947769657258,-0.00621611072171119,0.061499810987903226,0.024658203125,-0.22684601814516128,-0.10223191784274194,0.0012125815114667322,-0.6551474294354839,-0.3087512600806452,0.01648342993951613,-0.015282415574596774,0.08003776304183467,-0.05041700793850806,-0.028737714213709676,0.17900430002520162,0.004594618274319555,-0.11284022177419355,-0.021772569225680445,0.8160164125504032,-0.0184684568835843,-0.5368199502268145
22,-0.0007392206499653419,-0.007398666874054939,0.011602832425025203,-0.0013368591185538988,-0.0013289913054435549,-0.00658561337378717,-0.005536079406738284,0.0032429848947832644,0.4953967678931452,-0.5607043850806451,-0.15074797599546372,0.010450793850806451,0.04435877646169355,-0.8973034274193549,-0.34152024792086694,0.17466686617943547,0.000809023457188755,-0.0030740307223412295,-0.0006372313345632023,-0.0004523377264699681,0.0004094031549269032,-0.0011490160419095014,-0.00039463658486644837,-0.0025629228161227193,-0.12070391255040322,0.03905364005796371,-0.07448356382308467,-0.08822828723538306,0.022354372086063508,-0.007782813041440907,-0.008376090757308467,0.009433869392641129,0.004902009041078629,0.027567217426915324,0.009447405415196574,-0.0003204643726348716,-0.0024704471711189486,0.001454261041456655,0.01842947929136215,-0.008684004506757183,0.004478700699344758,-0.0003571971770255839,-0.0007153787920551968,0.0007051037203881032,-0.002355698616273942,-0.002028065343056958,-0.0007638162182223443,-0.0039007432999149517,0.03955078125,0.009570706275201613,0.08298418598790322,0.05500252016129032,0.07540204448084678,0.059302545362903226,0.010773689516129033,-0.05188012892200101,0.0017889699628276193,0.00335693359375,0.0013129326605027742,0.024162046370967742,0.003872286888860887,0.003488602176789316,0.1319068170362903,0.04149603074596774
23,0.002252394153225803,0.0002577997023059387,0.0006705868628717258,-0.05151219521799395,-0.004777754506757187,0.014536211567540322,-0.0020942687988281194,-0.0010096642278855806,0.096435546875,-0.34116289692540325,-0.05948269751764113,-0.11244127827305947,-0.022148870652721774,1.3608831590221775,1.2127646169354838,-0.2018683648878528,0.14667486375378025,-0.017259843887821324,0.0022264911282447093,0.376220703125,-0.01645389679939516,0.04773146106350806,-0.8040259576612904,-0.21129189768145162,0.0045451502646169355,0.0027751307333669355,0.00025755359280492905,0.0034952471333165322,0.06489415322580645,0.03533738659274194,0.005868973270539313,0.003031576833417339,0.025101200226814516,0.048922631048387094,0.06131867439516129,0.12193642893145161,-0.05756944225680444,0.13764805947580644,0.026595577116935484,0.04402579030682964,0.15184759324596775,-0.36409242691532256,0.776398689516129,0.1793724798387097,0.5052923387096774,0.42385962701612906,0.01240785660282258,0.0609893798828125,-0.20033707157258066,0.0005264282226562485,0.06313397807459678,-0.012082253732988914,-0.018628520350302418,0.009423040574596774,0.0024729082661290322,-0.007393867738785284,0.001430019255607358,-0.0025747360721711196,0.006769980153729839,0.005877094884072581,-0.0012386691185735936,0.0018349924395161291,0.0005249515656501967,0.00016286296229208063
24,0.053490423387096774,0.1700006300403226,0.30715253276209675,0.22933467741935484,-0.0003695641794512289,0.06687878024193548,-0.025275445753528226,0.012049521169354838,0.004764187720514113,0.0011874783423639096,0.008391349546370967,0.07772728704637097,0.012857744770665322,0.0052946767499369935,0.007362611832157258,0.0015810074344758064,0.001357801498905302,0.012727798954133064,-0.010596552202778482,-0.0033147873417023643,-0.0039389825636340706,0.012896507017074092,0.12945359753024194,0.0004202858094246185,0.008099463678175402,-0.0006359469506048387,0.04201187626008065,0.005083637852822581,-4.085417716733871e-05,0.04534715221774194,0.08422064012096774,0.04570154989919355,0.04704038558467742,-0.0056183107437626,0.003472174367597029,-0.012395797237273187,-0.0633938697076613,0.08025138608870967,0.040890601373487906,0.04923765120967742,0.06636293472782258,0.08351972026209678,0.005733366935483871,0.0727322486139113,0.09441351121471774,0.09998739919354839,0.04731602822580645,0.2246881300403226,-0.0023793866557459678,0.13751023815524194,0.09532510080645161,0.013676058861517135,0.0038701949581023158,-0.0007050729567004789,0.006490891979586693,-0.09931133639427923,0.0004369674190398194,0.0019051644109910463,0.004627104728452619,0.0005204908309444261,0.001535969395791329,0.00016655460480720325,-4.76452612107689e-05,0.00726958244077621
25,0.0069144464308215706,0.01037376157699093,0.006575061428931451,0.0014812100318170322,0.0061803017893145165,0.0020303418559412807,0.0017988143428679451,0.004320021598569807,0.017731451219128024,0.07179063366305444,-0.0007844125070879524,1.158140120967742,-0.0014781336630544323,0.00034529162991431294,0.03844673402847782,0.2433530745967742,0.000828866035707529,0.000995036094419411,0.001218749630835747,0.0016186929518176645,0.0002731046368998838,0.0003633191508631452,0.0009595194170551838,6.384234274586492e-05,0.0033853592411164325,0.011031120054183467,0.003955594954952116,0.004384194650957661,0.1314264112903226,0.00018698169339087411,0.0039029275217363933,0.05356917842741935,-0.12791492092993953,0.13372605846774194,-0.07304431546118952,-0.11538105626260081,0.1252992691532258,0.40865399760584675,-0.08575796311901461,0.34016664566532256,0.004200104744203629,-7.26023027973806e-05,0.013479909589213709,0.00470610587827621,0.010756954070060484,0.02303584929435484,0.011103906939106603,0.0019534018731886356,0.0014076617456251633,0.002812047158518145,0.018312977206322453,0.002670411140688002,0.002344285288164697,0.0007908498087236939,0.0030200096868699578,0.011369459090694306,0.39386183215725806,0.26812941028225806,0.020584598664314516,0.17849042338709678,0.4302939138104839,0.24640089465725806,0.17230323053175403,0.2703818044354839
26,0.0038274949596774164,0.006068198911605342,0.0020461543913810514,0.00612763435609879,0.024363117833291332,-0.018435570501512098,0.012004329312232232,0.030316752772177418,-0.0007082646892916962,0.0014662665705526953,0.0018266247164818547,0.0030286235194052417,0.005158947360131049,0.002133938574021861,0.0021588725428427417,0.005987105831023187,0.0008205598400485033,0.00046167066020347974,0.006301633773311494,0.0006229492925828357,0.004636210779989919,0.0011356722924017128,0.0002837334909746632,0.001857542222545987,2.7828881048387095,-0.009840442288306451,0.09800670992943548,-1.2722601121471775,-0.8994160313760081,-0.2599949990549395,0.3084756174395161,-0.4667614352318548,-0.07077863139490928,0.1282171433971774,0.11878622731854839,0.2011206842237903,0.06969821068548387,-0.030073104366179434,0.1195462134576613,-0.036651611328125,0.057677730437247984,0.0017688043655887677,-0.0016303985349593664,-0.00036741072131741935,-0.003367162519885655,0.1349546370967742,0.004305685720136087,0.0005812491140057936,0.019317626953125,-0.0025790429884387576,0.019063641948084676,0.008090111517137098,0.009006869408392138,0.006959115305254539,-0.007585094821068549,-0.011513925367786036,0.05707180884576613,0.04510694934475806,0.0012443604007844,0.06796129288211945,0.004977318548387097,0.003404278909006429,0.03288416708669355,0.005459200951360887
27,0.008081805321478073,0.048485540574596774,-0.0010625277796099156,0.011947939472813758,0.004850818264868951,0.06324817288306452,0.0009821614911479225,-0.010883946572580645,0.024763537991431453,-0.309326171875,0.09675056703629033,0.040367864793346774,-0.008191016412550402,0.052545362903225805,0.05089150705645161,-0.13621570217993953,-0.04437354303175403,0.01834204889112903,0.3128622731854839,0.22916535408266128,0.21997857862903225,-0.2952989147555444,0.41761041456653225,0.2721104775705645,0.013665906844600551,0.003500846124464465,0.012460416363131612,0.022961524225050402,0.024464268838205645,-0.08225520964591734,0.007686738044984881,0.024158108618951613,0.240478515625,0.052139774445564516,-0.5225869455645161,0.2505749117943548,-0.22959456905241934,0.0031423261088709678,-2.635773689516129,-0.34204889112903225,-0.9195753528225806,-0.0012812768259356096,-0.09042875228389617,-0.04533164731917843,1.5792905745967742,-0.024906158447265625,0.07804624495967742,-0.008381843566894528,-0.06448561145413306,0.08144058719758064,-0.513671875,0.2291535408266129,0.05405007639238911,-0.15779950541834678,-0.34736485635080644,-0.0399169921875,0.11717371786794355,0.1131198021673387,-0.0005747887396043356,0.013407553395917338,0.007549162833921371,0.016329365391885082,-0.027000919465095766,0.030285742975050402
28,0.27677671370967744,-1.572328629032258,0.0012295630670362903,0.2839311169039819,-0.0626220703125,0.9647019909274194,0.02027253181703629,0.04119233162172379,-0.1118380638860887,0.7862292874243951,0.07954259072580645,-0.5769712386592742,0.0904934790826613,0.16713788432459678,0.1966040826612903,0.05646736391129032,0.1126708984375,0.5566957535282258,-0.07720750378024194,0.058864008995794484,0.0774870841733871,0.03187807144657258,0.057278540826612906,-0.08773311491935484,0.04028960197202621,0.017862627583165324,0.02279933806388609,0.044610792590725805,0.023765317855342742,0.049942508820564516,0.018644763577368953,0.13034746723790322,0.0004781292330834129,0.019871619439894152,0.027376113399382555,0.022579808388986895,0.0016305369715536742,0.0001286152870424183,0.0029323947045110906,0.002033702788814423,0.31379945816532256,0.03877898185483871,0.0313720703125,-0.09412802419354839,0.057793401902721774,-0.05192319808467742,0.4043992565524194,0.25759986139112906,0.0049697506812310934,0.0028485328920425904,0.0024449363831550823,0.006595242408014113,0.0004899424891318003,0.001822371636667551,0.0010389051129741037,0.0017863550493794095,0.005553522417622222,-0.019439574210874493,0.000314035723286279,0.014347260998141381,0.011852633568548387,0.0032416312925277174,0.002223268631965872,0.0322113037109375
29,-0.0011910700028942526,0.005101234682144658,0.003745663550592235,0.001916762321226055,-0.00442123413085938,-0.0003002535912298387,0.04767830141129032,-0.00018053670083322473,0.13612021169354838,-0.11870353452620967,0.07958246046496976,-0.03508438602570565,0.3517672631048387,-0.5879309869581654,0.020213465536794355,0.2853452620967742,0.0012634031234248935,0.0064091836252520165,0.03190366683467742,0.02543000252016129,0.002844656667401713,0.0075794343025453615,0.003515182002898184,0.008934759324596774,0.21259923135080644,-0.21474530619959678,0.1306969427293347,0.9943611391129032,-0.20572391633064516,-0.2063263923891129,0.22679482736895162,-0.12896728515625,-0.0008495699974798387,0.000868028210055442,0.0005412409382481739,0.08428019862021169,7.697074644026773e-05,-0.0009325704266948129,0.018605878276209676,0.026784589213709676,0.006095394011466736,0.004031027517011091,0.04046532415574597,0.016601070280997984,0.023013207220262098,0.006752752488659274,0.024799962197580645,0.008019724199848791,0.1075163810483871,0.01876492654123614,-0.0009164502543787807,0.03896331787109375,0.005186819261120213,0.07127331149193548,-0.000632624472341229,0.2947643649193548,-0.15589560231854838,0.29035802041330644,0.22855500252016128,0.5435633505544355,0.04328770791330645,0.11603767641129033,-0.06698805286038306,-0.060510450793850805
30,0.0042288995558215706,0.05729429183467742,-0.0002781037361391129,-0.018475932459677418,0.010340536794354838,0.18050655241935484,0.08492943548387097,0.046179986769153226,0.023913967993951613,0.0033472122684601808,0.0008819333968623967,0.0039362753591229835,0.026949974798387098,0.0063562700825352805,0.006660707535282258,0.0013401892877394096,0.005538448210685488,0.0031599229381930453,0.0029226118518460163,0.01049337079448085,0.01166226786951865,0.004301255749117945,0.00571564705141129,0.013007563929403984,-0.5242782100554435,0.08289755544354839,-0.3705813500189012,-0.02549657514018397,-0.09876571163054436,0.12560641381048387,1.2358240927419355,0.3959901871219758,-0.09041656986359627,-3.514868951612903,-0.02916840584047379,-0.8067666330645161,-0.003756984587638613,-0.014250416909494705,-0.019074009310814644,-0.031053112399193547,0.1561071334346648,-0.03597370270759829,0.31472089213709675,0.019197525516633066,-0.019297384446667086,0.020694240447013606,-0.041480279737903226,-2.3216985887096775,-0.6153840095766129,-0.1083157447076613,0.06364982358870967,0.2884167086693548,-0.9488170992943549,0.2669008316532258,0.4782006048387097,-0.1574859619140625,0.002915197803128148,0.4348715505292339,0.07763671875,0.01626094695060484,0.11113911290322581,-0.012715001260080645,-0.11559369487147178,0.07480547505040322
31,0.033604775705645164,0.010853428994455645,0.016241258190524195,-0.11850074029737903,0.0035105059223790322,0.029901319934475805,0.04499927643806704,0.05664850050403226,0.05895011655745968,0.033463016633064516,0.0012059365549395161,0.016164225916708668,-0.0021533350790700644,-0.013910108996975807,0.0009144813783707161,0.025672174269153226,0.04798741494455645,0.015532893519247729,0.008816442181987148,0.002472969793504286,0.017081968245967742,-0.017040621849798387,0.021334248204385082,0.04895794776178176,0.014198856969033518,-0.06400914346018145,0.012488580519153226,-0.35228704637096775,0.01786435034967238,-0.01641218123897429,0.0010152016916582644,-0.13543504284274194,-0.37059759324596775,-0.22727129536290322,0.2416047127016129,2.3807806199596775,1.4032858571698588,0.683562247983871,-1.2273008285030242,-1.360532699092742,0.0731476814516129,0.21593056955645162,1.5434097782258065,0.03722750756048387,0.05232484879032258,0.8813634072580645,0.2264679939516129,0.19065020161290322,0.00616984213552167,-0.02233492943548387,0.10459653792842742,-0.04507544732862903,0.08081448462701613,0.10096396169354839,-0.0662841796875,-0.0667025658392137,0.06452154344128024,0.029924946446572582,0.021242203251008066,0.05938819146925403,0.02144955050560736,0.05847364856350806,0.0239913079046434,0.016318905738092238
32,0.007080078125,0.018680757091891383,0.06554782006048387,0.005969047546386722,0.06962733114919355,0.03466796875,0.06509891633064516,0.012209123180758572,0.00852301812941028,0.0008212674048639065,0.004140546244959678,0.0016886188137915806,0.016920520413306453,0.005573395759828629,0.0032693801387663804,-0.0001353602255544326,0.13671875,0.038233603200604836,-0.18551980295488912,0.07926694808467742,0.2445166803175403,0.05143491683467742,-1.4025957661290323,0.07545914188508064,0.0014128531179120483,-7.299453981460981e-05,-0.00017535301946824844,0.0002185760005827786,-0.0013798129174017128,0.00017790640554119673,-0.000880948958858376,-0.000738420794087071,0.008474534557711693,0.0050349081716229835,0.0004538874472341258,0.017324632213961695,0.005322456359863284,0.04359879032258065,0.013062507875504033,-0.017434273996660785,0.025941910282258066,0.007325203188004032,0.001333652004118888,-0.056779676868069555,0.009455280919228828,-0.03843245967741935,0.030798389065650203,0.012757824313256049,0.24478641633064516,0.0024033823320942513,0.11150138608870967,0.019105972782258066,0.17357610887096775,0.18778351814516128,0.0040872635379914386,0.01611721900201613,0.0038004229145665322,0.04316957535282258,0.09331290952620967,0.07606949344758064,0.040704542590725805,0.005540324795630667,0.04717033140120968,0.020539806735131047
33,0.017637191280241934,0.010950150028351813,0.0016184160786290322,0.022087835496471774,0.0041351318359374965,0.020391648815524195,0.0029200892294606873,-0.0005531311035156193,0.31637474798387094,-0.010389758694556451,0.30134828629032256,-0.005827872983870968,0.1151398689516129,0.1134426978326613,0.0040283203125,0.06246062247983871,-1.9329007056451613,0.06626990533644153,-0.3958700856854839,-0.16944737588205644,-0.08689831149193548,-0.15907730594758066,-0.0007228236044606837,-0.008269033124369957,0.025353216355846774,0.05927498109879032,0.0001440971128402226,0.001992871684412803,0.13854586693548387,0.03138363745904738,0.06965095766129033,0.022732396279611895,0.0056654407132056455,0.005250007875504032,0.01219294148106729,-0.0030684932585685483,0.0016129401422316032,0.018408990675403226,0.010568926411290322,0.010809621503276209,-0.28755040322580644,-0.12414698446950605,0.391541019562752,0.8427104334677419,0.5824663715977823,-0.10718167212701613,-0.0015524587323588709,-0.32210023941532256,0.05738486013104839,-0.054528021043346774,0.05537562216481855,0.010153739683089715,0.04613470262096774,0.06959976688508064,0.029280139553931453,0.05705015120967742,-0.010385820942540322,0.008835823305191533,0.0365721179592994,0.003013487785093245,0.023796327652469758,0.014488897015971518,-0.0012684483681955645,0.011121196131552416
34,-0.48664708291330644,-0.7160211378528226,-0.10760301159274194,0.19691910282258066,-0.5062452746975806,-0.030143491683467742,-0.6620621219758065,-0.08802844632056452,0.0012419454513057484,0.007112810688634074,0.05243116809475806,0.0020319877132292706,0.04322076612903226,0.0010823280580582162,-0.0010675768698415401,0.001729719100459929,-0.00612455798733619,0.054845010080645164,0.0050323240218624,0.00738503856043662,0.0785187752016129,0.015481764270413307,0.0014774568619266644,0.06242026052167339,0.05146444997479839,0.011247142668693293,0.04803663684475806,0.007944906911542338,0.006263302218529484,0.04125189012096774,0.009140506867439516,-0.027809512230657762,0.08824502268145161,0.13904989919354838,0.16075478830645162,-0.09205676663306452,0.08127913936491936,-0.1011935818579889,0.019633631552419355,0.08518538936491936,0.00022863572643649015,0.17866368447580644,0.01818453881048387,-0.030781407510080645,0.17882907006048387,0.011591757497479838,0.035994991179435484,-0.018566500756048387,-0.10003268334173387,0.09494707661290322,0.06095640120967742,0.03529800907258065,0.021539503528225805,0.047253516412550406,0.050557290354082664,-0.0014284195438508064,0.03930270287298387,0.015820903162802418,0.013706822549143145,0.05386450982862903,0.014562791393649193,0.030773532006048387,0.017235540574596774,0.04045252646169355
35,0.15902611517137097,0.08369298135080645,-0.02046843497983871,0.07540795110887097,0.048861226727885586,0.028643208165322582,0.07649329400831653,-0.04900926159274194,0.00010318909921952384,-0.0003851190690071332,0.0001968030006654844,0.00011117996708039034,-0.0006466527138986902,-0.0001856050183696168,0.00033609328731413227,0.0014892816543579117,-0.019982122605846774,-0.24399886592741934,0.09706706385458669,-1.0264774445564515,-0.3968471404044859,-0.2611295638545867,0.20530060798891128,-0.004268892349735384,0.0166015625,-0.1267114454700101,0.030592395413306453,-0.053955078125,0.016910183814264113,-0.022775957661290324,0.011532198998235887,-0.010519581456338203,-0.00446442634828629,0.013116651965725807,0.06872164818548387,0.014788719915574598,-0.041035805979082664,-0.18954369329637097,0.08805293421591481,0.01919223416236139,-0.6017899051789315,-0.0026988367880544355,-0.18509009576612903,-2.182530556955645,0.10385279501638105,0.27621361517137094,-0.2590174521169355,0.04424507387222782,0.18813742360761088,0.07080078125,0.004258678805443549,0.014712918189264113,0.11760883946572581,0.14940618699596775,0.06303947202620967,0.0021657636088709678,0.0008943311629756741,0.015691203455771168,0.018796859248991934,-0.0001868124931089372,0.0010191240618305825,0.001534062047158513,0.00491251484040291,0.0027662092639553905
36,0.08817611202116936,0.09142869518649194,0.027565740769909274,0.006357316047914567,-0.00443390877016129,-0.03731143090032762,0.05115730531754032,-0.02543738580519153,0.026983445690524195,-0.007052513860887097,-0.10864848475302419,0.061181837512600805,0.0003849152595766129,0.04538628362840222,0.0027296004756804486,0.0005765115061113904,0.04969443044354839,0.05265365108366935,0.010938582881804439,0.018541889805947582,0.08692981350806452,0.036773681640625,0.06720167590725806,0.029534124558971774,0.0019408810523248517,0.0012004913822297163,0.0020963607295866873,0.000982176872991747,0.002808001733595326,0.0042360674950384265,0.0034158768192414355,0.0010899574525894613,0.047495934271043344,0.023133185602003527,0.008801367975050402,0.0024151955881426394,0.004091078235257058,0.002599716186523439,0.0047545894499748005,0.012364541330645162,0.022232547883064516,-0.03809467438728579,0.002786951680337227,0.03553230531754032,-0.0360565185546875,0.011854233280304936,-0.2554104712701613,0.005304151965725807,0.06589827998991936,-0.00018532045425907414,0.006310001496345768,0.0024286085559475806,0.05639746881300403,0.03130217521421371,-0.07630378969254033,-0.006915430868825603,0.025431971396169355,0.0011455781998172838,0.000821582732662072,0.0005067394625756096,0.0014472469206779314,0.0008455860999322699,0.0015613186743951581,0.008999732232862902
37,0.04096640309979839,0.07860146799395161,0.055630591607862906,0.11129662298387097,0.04416976436491935,0.02012757332094254,0.056427740281628024,0.013455298639112902,0.015973983272429434,-0.047151380969632055,0.010995926395539313,-0.008027107484879033,-0.005467691729145664,-0.0018725241384198613,0.021772815335181453,-0.008436633694556451,-0.020699285691784274,0.04035580542779738,0.01283996335921749,0.0021575189405871934,0.0024256090964040558,0.0010844815161920355,-0.006012947328629032,0.009515793092789191,0.006239368069556451,0.10955022996471774,0.023719972179782004,0.01146888732910156,-0.038690382434475805,-0.02224633001512097,0.054671748991935484,0.046600341796875,-0.009034710545693674,0.009989338536416328,0.015437710669732862,-0.06592756702053931,-0.031272149855090726,0.07234438004032258,0.011923020885836693,0.021140806136592742,0.027865502142137098,0.05518365675403226,0.003191978700699345,0.02358910345262097,-0.010035853232106852,0.039452337449596774,0.023927750126008066,0.028093891759072582,0.004095031369116998,0.035431277367376515,0.0036790294031943064,0.0008208444041590425,-9.81669272145885e-05,0.0005674362182616979,0.00042053960984752273,0.016233382686491934,0.019391459803427418,0.06389790196572581,0.014414141255040322,0.020060262372416836,0.0041051064768145165,0.019530757780997984,0.009286695911038307,0.05946989982358871
38,0.0022577470348727293,0.0006516056676064768,0.0007434660388577354,0.008731472876764113,0.0011305655202557903,0.0025689217352097937,0.005935084435247606,0.013311570690524197,0.021207501811365926,0.0008872555148216871,0.007881133787093627,0.004625135852444555,0.0014838249452652505,0.0016935256219679266,0.0055258966261340706,0.011808949132119459,-0.0012507284841229839,0.00945823423324093,-0.02249539283014113,0.05153336063508065,-0.02576323478452621,0.06904798938382056,-0.0045781289377520165,-0.01289589174332157,-0.036488686838457664,0.012134675056703629,0.0016582858177923386,0.010899451471144154,-0.022564303490423387,0.005726968088457661,0.024039976058467742,0.01611192764774446,0.0035424078664472026,0.009384647492439516,0.004126148839150707,0.002881157782769968,0.005937545530257687,0.010987189508253527,0.004866569272933468,0.010112762451171877,0.0005977922870266781,0.0026569981728830645,0.0025874722388482905,0.0002414641841765258,0.0014687199746408806,0.0057461646295362935,0.004818393338111142,0.0037797343346380454,-0.2958118069556452,0.036166283392137094,0.037093623991935484,0.024221112651209676,-0.05133450415826613,0.047997259324596774,-0.038906958795362906,-0.06465936476184476,0.019346175655241934,0.07460218860257056,0.06494337512600806,0.04869227255544355,0.01905145952778478,0.002306353661321823,0.09816815776209678,0.043909872731854836
39,0.0300750732421875,0.000989790885679189,0.007842156194871474,0.0038330016597624777,0.0010720914410006627,0.0005616834086756516,0.002959435985934355,0.019157163558467742,0.008434634054860762,-0.013224570981917842,-0.014423985635080645,-0.022153792842741934,-0.00620903507355721,-0.17184349798387097,0.031277564264112906,0.025749821816721273,0.001135118546024442,0.002232397756268903,0.010190317707677041,0.0007377439929592949,0.0016154627646169386,0.012009120756579984,0.0015772465736635284,0.00045244155391569726,0.0050042060113722284,0.0021126193384970356,0.0011456858727239686,0.0008748577487084155,0.007552639130623106,0.011511402745400703,0.0013748907273815503,0.0069149847953550265,0.004918006158644155,0.056136592741935484,0.015527171473349295,0.005052135836693549,0.007166216450352822,0.00041814004221270317,0.00877546495006931,0.005347467237903226,-0.06680273240612399,-0.06702152375252016,0.04340559436428931,0.024507091891381047,-0.055697533392137094,0.053612493699596774,0.007224052183089716,0.030658352759576613,0.0005120769623787017,0.0012413455593970465,0.019775390625,0.003326662125126006,0.0019614388865809313,0.010934399020287297,0.016729539440524195,0.00017658356697327309,0.0021698628702471264,0.012903028918850807,0.1918769959480532,-0.00028451796500912906,0.03577470779418945,0.015480287613407258,-0.00012476213516727307,0.011710874495967742
40,0.02334164034935736,0.00028111088660455355,0.0026829627252394094,0.01608436338363155,0.005862697478263613,0.015832562600412672,0.002431315760458671,0.024763630282494335,0.004822761781754032,0.024770429057459676,-0.006004579605594754,0.0024243016396799386,0.01082278836158014,-0.007283856791834678,-0.0028009722309727805,-0.0036187941028225806,0.0010550099034463065,-5.1913722868757385e-06,0.0068034510458669355,-0.00044676565354869987,8.576916110130965e-05,0.007847816713394655,0.005104603305939706,-0.00266513516826015,0.00014772722798008005,0.0002049015414330249,0.0014095614033360646,0.0004994100139987133,0.00018410528859784798,0.00025260833001904663,0.0006897064947312742,0.002036709939279863,0.006031005613265503,-0.00012446988013482593,-0.01978031281502016,-0.005917456842237903,0.019903367565524195,0.04729880056073589,0.01891819123298891,-0.007421678112399193,0.0007193088531494127,0.010915448588709678,0.008763136402253185,0.002263330644176851,0.005191802978515626,0.006604271550332347,0.0017742187746109547,0.010486233618951613,-0.002807001913747481,0.029821826565650203,0.020344149681829637,0.004567638520271549,0.026590224235288562,0.005945328743227071,0.0048345750378024155,0.017500354397681453,0.002291340981760329,0.00894257330125378,0.000245986446257564,0.00038453071348128713,9.981662996353883e-05,0.0004333219220561285,0.00026798248291015804,0.00019614927230343773
41,0.0004290303876323258,8.173911802229635e-05,0.001503709823854509,0.0004927189119400502,0.0006646187074722738,0.0011282543982228791,0.00025383118660218427,0.00030263008609895833,0.0040278280934979835,0.0006791276316488875,0.0020076382544732805,0.0005440250519783256,0.0009007761555333216,0.015731319304435484,0.0028284442040228067,0.003814697265625,0.03738501764112903,0.03368697627898185,0.003979590631300403,0.011811533281880043,0.003223388425765494,0.018861832157258066,0.03806624873991935,0.01267980760143649,0.0038315557664440514,0.006483508694556451,0.017759015483240926,0.009791343442855345,0.007046115013860887,0.00356274266396799,0.026184697305002523,0.014567221364667338,-0.00011025705645160321,0.001957431916267632,0.0003107747723979323,0.0018589573521767893,0.00036226549456197017,-0.00010910341816563546,0.0001445662590765283,0.00046928467289094407,-0.0010848506804435518,-0.0002579381389002573,0.0036477119691910257,0.004014407434771136,0.001712399144326487,0.0016320751559349774,0.008971675749747984,-0.0025615076864919355,0.007046484178112397,0.0007751372552687055,0.0028628687704763066,0.0026327871507213904,0.004295026102373677,-5.3651871219762415e-05,0.00038010074246313776,0.0005601606061381678,-0.005401949728688887,-0.018244589528729843,-0.013126496345766129,-0.0080583018641318,-0.001650333404541013,-0.007523567445816532,-0.02739266426332535,-0.004374011870353451
42,0.00046887320856893537,0.0014199902934412712,0.0038116824242376483,0.0020464005008820566,0.0003543842223382528,0.005894814768145161,0.0016172547494211539,0.002567906533518139,0.0011446860528761288,-0.0030628327400453645,0.006675474105342742,0.007205347861013106,5.475936397432276e-06,0.012549615675403226,0.0022320285920173905,0.004827683971774187,0.003992634434853829,3.562915709711122e-05,0.0039260002874558905,0.0017248507468931127,0.006534699470766129,0.0005521389745896854,0.02502835181451613,0.005655104114163307,-0.002112342465308402,-0.007850400863155242,-0.015451985020791328,-0.008232116699218752,0.07578794417842742,0.0003286792385962742,-0.014469515892767138,-0.12562610257056453,0.008462844356413816,0.002693053214780745,0.00019501101586126443,0.0014015936082409257,0.000934416247952358,0.0011952615553332837,0.0008065931258662962,0.003927769199494391,0.00042145482955439315,0.0003097288070186375,0.00021340770106161673,0.0008308656754032137,0.0005948370502841029,0.00034750661542337765,9.142583416353263e-05,0.00011960921748992097,0.00027302772768079785,0.00787008962323589,-0.002089192790369832,0.0008044550495762989,0.005029078452817853,0.0031139312251921678,0.0019785973333543323,0.006888358823714713,0.00027108961536037113,0.0032702415220199036,0.0006112283275973359,0.000679169931719371,0.0005102138365468631,0.0012595884261592677,0.0010503953503024225,0.0008246514105027686
43,-0.0007115948584771968,0.018831245360835906,-0.0017782641995337711,0.00029777711437594626,0.026434098520586563,0.0016051146291917394,0.00890067315870716,0.013316712071818696,0.008307180097026209,0.012384230090725807,-0.0044312015656501995,0.004915175899382561,0.006651847593245968,0.004689616541708671,0.004826945643271171,0.006440870223506806,-0.0035384854962748806,-0.000937277270901587,-0.0022108016475554416,-0.0016774208314957162,-0.0005967386307254818,-0.00038733020905524286,-0.005951450717064638,-0.0014091768572407246,0.000164139655328561,0.0003222803915700465,0.0019289447415259517,0.0003635806422079644,0.00025423111454133545,0.003421937265703751,0.0006602810275169935,0.003982759291125884,0.00478160765863234,0.00011744999116464593,0.0001494961400185809,0.0002967465308404748,0.0010419660998928822,0.00029443925426852265,3.3070964197942512e-06,0.0005732967007544765,1.4647360770927229e-05,0.0009011299379410202,0.009757257276965726,0.002040901491718901,-0.0004851125901745227,0.001901149749755854,0.0001954244029137287,3.1246292975640756e-05,5.180604996218347e-05,0.00042283150457565755,0.0003586892158754295,0.001622846049647174,0.0009377694899035968,3.326419861084804e-05,0.00038699565395230697,0.0008300196739935078,0.008997271137852822,0.006708575833228325,0.020032328944052418,0.004630058042464716,0.00017223050517420983,0.016955467962449598,0.018232914709275773,0.0036788448210685514
44,0.0016627157888104839,-0.00048508182648689357,0.0004587481098790323,0.013874669228830645,0.003715099826935797,-0.006619115029611897,-0.008465182396673387,0.009608114919354838,0.0009471331873247698,-8.819949242376453e-05,-0.0003132051037203903,0.009443052353397496,-0.0003553821194556484,-0.0020626437279485906,0.004583051127772178,-0.0012522974321919065,0.008732411169236707,0.0002449327899563693,0.001685527063185164,0.0014937693072903636,-0.00044105898949408387,0.00034310163990141745,0.0013999477509529315,0.0010920032378165842,0.002434469038440333,0.006352378476050595,0.008333636868384574,9.093746062248059e-05,0.0003619770849904737,0.023256363407258066,0.03389186243857107,0.008455522598758817,0.0016416734264742968,0.0077406360257056455,0.08596112651209678,0.021819699195123488,-0.003374807296260713,0.013400170110887092,2.5503097041954838e-05,0.001858988115864413,-0.13798867502520162,-0.0173370607437626,0.0002530620944115419,-0.00425080330141129,-0.03321198494203629,-0.021309145035282258,0.0006115821100050388,0.001154499669228829,0.021866090836063508,0.009366712262553548,0.04891100237446447,-0.002933133033014113,0.003177273658014113,-0.009942331621723791,0.009571444603704635,0.004963536416330642,0.01884583503969254,0.002822260702809978,0.0024195025044102805,0.0011215209960937485,0.0014527536207629788,0.0040985691931939875,-3.9562102287048384e-05,0.0013540944745463741
45,0.0012503131743400327,0.02281090521043347,-0.0009622881489415322,-0.002655152351625503,0.008693695068359375,0.014073064250330771,0.009413073139805947,-0.0036174405005670322,0.0074092495825982835,-0.00040530389355075154,0.0024138112221994646,0.0003940482293405681,0.0006584967336346935,0.0006890950664397135,0.00014525844204808886,0.0012526204509119823,0.0038746249291204647,0.0019124246412707902,0.00017093843029389728,0.0004643932465583928,0.004347893499558974,0.001170696750763913,0.003579401200817473,0.0013748830364596414,0.0013266994107154096,0.018039088095388105,0.002135792086201327,0.01580616735642956,0.003814912611438384,0.06030605685326361,0.05462012752409904,0.004670489218927198,0.00015314932792416698,0.00011907854387835358,0.0023726801718434967,0.0021862214611422675,0.020313632103704637,0.007843509797127016,0.0013891881512057371,0.0010326754662298226,0.014884456511466733,0.004346924443398753,0.051074120306199594,0.014166432042275703,0.002199019155194681,0.015674221900201613,0.007084200459141884,0.011178724227413055,0.00488376617431641,-0.001280569261120213,0.008147608849310102,0.03616886754189767,0.006329936365927423,0.0020776564075100775,0.01761857540376725,0.0035227498700541836,0.0009030065228862193,-0.0015292629118888582,0.0008086696747810612,0.01712134576612903,4.046194015012081e-05,0.0002743928663192392,0.007621426736154864,-0.001125704857610884
46,0.006416505382907012,0.0022523018621629196,0.0006571277495353321,0.0030965805053710903,0.0017592368587370712,0.0018679172761978616,0.0002463633014309581,0.005195579221171721,0.0027205251878307745,0.08833411432081653,0.0005842101189397938,0.003967100574124245,0.0018463250129453566,0.012187711654170867,0.01010911695418819,0.006050371354626065,5.2027163967016575e-05,0.018213825841103832,0.002559907974735384,0.00014384331241730055,0.005853360699069109,0.0037480246636175376,0.0014188828006867387,0.0028524456485625282,0.0022834039503528227,0.0028154311641570033,0.0011507041992679689,0.0034953548062232214,0.006497906100365429,0.0035459456905241873,0.0002728816001645946,0.00013668306412235482,0.006725926553049397,0.0008896935370660525,0.002165978954684352,0.00877355760143649,0.00045302221851963313,0.0016982017024870842,0.0027618715840001225,0.03156797347530242,0.007671063946139428,0.023946700557585684,0.012378138880575856,0.0054228690362745705,0.03314651981476815,0.0077087648453251,0.003990788613596271,0.004342940545851187,0.002641885511336789,0.00680378560096987,-9.967434790827094e-05,0.011630642798639113,0.0004868661203691942,0.0012696327701691595,0.0014060851066343195,0.0013306217808877205,0.006197344872259319,0.0005673900727302702,0.00020255965571247376,0.001094210532403752,0.00034399955503401934,0.0011366259667181097,0.001325684209023742,0.007186258992841164
47,5.169837705550231e-05,-0.0004343832692792285,0.000278315236491552,0.002384924119518648,0.0005584609123968271,0.00449943542480469,-0.00011021091092016763,0.0012594230713382807,0.0022152008548859546,0.026593608240927418,0.0006973666529501695,0.0008380028509324612,0.000693659628591229,0.0009670257568359322,0.006769057243101058,0.0030985801450667838,-0.741242439516129,-0.07350404800907258,0.006630559121408771,-0.001326914756528787,-0.2087953629032258,-0.0018372766433223545,-0.096588134765625,-0.003284546636766003,0.0008283122893302516,0.00047277635143647416,0.001114620316413134,0.0003594352353003792,-6.835691390500322e-05,0.00010607704039542666,0.0007347599152595742,0.00017992911800261376,0.0001915193373157036,0.009611345106555568,0.027635389758694555,0.0008308656754032289,0.0012591577345325065,-5.3013524701514776e-05,0.00126313394115817,0.0004142868903375364,-0.005989013179655996,0.0208985113328503,-0.0001320069836031871,0.001851789412959929,-0.0005712355336835258,0.00025723057408487166,-0.0006644341253465096,0.0007076878701486936,0.0018493898453250989,0.0006628036499023461,0.0006027221679687502,-2.7664246097683303e-05,0.0003450762841009236,0.0010312603365990312,7.449426958637934e-05,0.0035147513112714227,-0.0009902215773059451,0.00499848396547379,0.023809617565524195,0.016686962496849797,0.004974734398626509,0.0028993545040007615,0.0028780045047883066,0.0035690799836189517
48,0.003654049288841977,0.004409420874810984,0.001066953905167118,0.0034604303298457974,0.006344087662235384,0.003529210244455645,0.00014614674352832107,0.00036236547654674517,0.000475029791555093,0.0026921687587614994,0.0003169428917669613,0.004833082998952554,-0.00021487666714574692,0.0003476450520177097,0.00042919189699234747,0.00026594438860492553,0.00033252469954951614,0.000653351506879258,1.2678484762870182e-05,-3.1032869892745654e-06,0.003102579424458161,-0.0002849640384797228,0.006053524632607745,0.0008949156730405645,3.112516095560904e-05,0.0020523071289062483,0.004061729677261842,0.0007324603296095224,0.0005662633526709663,1.948495065012458e-05,-0.00011247973288259472,8.51115872782978e-05,-0.0023387785880796355,-0.007206824518019155,0.003368131576045868,0.0011729578818044386,-0.002260546530446697,-0.0001782544197574668,-0.002045416062878029,0.00606413810483871,0.003927169307585684,-0.00021817607264364988,0.0006266716987856096,-6.019684576218824e-05,0.0008880861343876064,0.00039094109689035474,0.0008015017355642065,0.00044052062496060645,0.011074927545362902,-0.0006956112000249768,-0.006507012151902713,0.0039456736656927295,-0.027649787164503527,0.0004629012077085484,-0.0008552920433782774,-0.001039585759562791,-0.009377756426411291,-0.023841119581653226,0.0006411152501260094,-0.0054820891349546385,-0.010069447178994459,0.0065770303049395165,0.008012463969569051,-0.011842173914755545
49,-0.0061803017893145165,0.012828211630544355,-0.034200852917086695,-0.011799350861580139,-0.03647638136340726,-0.020552112210181453,0.0043965001260080645,0.023007300592237902,-0.0005182758454353496,0.0005855021938200862,0.0007789058070028936,0.000996805006457913,0.00030999029836346,-0.0002942008356894199,0.0003126129027335828,0.0056930665046938,0.0018824300458354258,0.012451571802939142,0.005785788259198591,0.005464000086630545,-0.0003028069773028,0.0004058653308499258,0.0003662417011876272,0.004602616833102316,0.010206345588930193,2.504548718852362e-05,0.002116780127248456,0.0008949772004158206,0.000737251773957271,0.00033353221031927094,0.0033392137096774194,0.0007546563302316988,0.00047410688092630425,0.011414312547253022,0.028191351121471774,0.00028763855657269386,0.00581073760986328,0.011973227224042338,0.003021055652249242,0.0058790637600806455,-8.057009789251614e-05,0.00032582975202990474,-0.0001241007158833232,-5.1344594647820556e-05,0.0009046062346427646,0.0018897518034904225,0.0006405307400611033,0.005427945044732865,0.0008314194217804774,-1.7927538964062243e-05,-5.763576876731875e-05,0.00031019026233301936,0.0005612142624393495,3.0086886498235174e-05,0.002728862147177419,0.0010291068784652113,0.02467155456542969,0.006653201195501509,0.012098620014805946,0.0678622338079637,0.02655343086488786,0.011563885596490677,0.021163448210685484,0.004763387864635836
50,0.0039165865990423415,0.0032838390719506063,0.005769545032132058,0.00013068222230479888,0.00037793190248549446,0.001138164151099416,0.0014410480376212825,0.025159528178553426,0.010641282604586693,0.001889797949021857,0.0010347174059960145,0.0020627667826990936,0.0015173266010899667,0.0003393234745148516,0.002382524551883819,0.0017875971332673099,0.000131253273256363,0.0003064063287550339,0.0005670362903225727,0.0009629649500693032,0.0015220026816091194,0.0007699535739037193,-4.5678307933186856e-05,4.4468910463391455e-05,0.0033859591330251395,0.0017413323925387374,0.00046600834015876776,0.011311346484768774,0.0015810074344758066,0.015840591922883066,0.0008908548662739516,0.0013093717636600587,-0.004171802151587696,-0.003890806628811742,-0.006381434779013357,0.0017622055545929935,-0.00810524725144909,-0.011240190075289818,-0.005188649700533959,-0.005207430931829635,0.0002808205543025742,0.008084020306987145,0.0003473335696804775,4.912191821682616e-05,0.0025971704913723853,0.0021161571625740233,0.0020646741313318936,0.0010128021240234388,-0.000470622893302671,0.0027303311132615593,0.008597493171691896,-0.0009512132213961709,-0.002857023669827368,-0.0021512123846238644,-0.0002397721813571032,0.00010410431892640726,-7.136406437043471e-05,0.00015324161898703936,0.0017791717283187338,9.599039631504e-05,0.007532581206290948,0.0016297371156753936,2.1176953469557748e-05,0.00021453249839044707
51,-0.0010063109859343546,0.01387091605894027,0.13938067036290322,0.022629030289188508,-0.007482097994896675,-0.003795992943548387,0.004148421748991932,0.0015949126212827646,0.0032897456999747966,-0.000544840289700401,0.002250086876653858,0.0014661512067240966,0.00036481888063489914,0.00023385017148909023,-0.0001826901589670394,0.0005292354091521214,0.0011633288475774968,0.0014884779530186822,-0.0022785432877079127,-0.00023698037670505278,0.002288172321934855,-0.0006018607847152193,0.00033883894643475245,-0.001154007450226813,-0.018624828707787297,-0.00430180949549521,-0.010300174836189516,-0.0118255615234375,-0.016260331676852324,-0.018899979129914316,-0.009355852680821567,0.0035584357477003513,-0.00013749061092252677,0.001093272239931165,0.0003580201056695751,0.0003161891814201097,-9.26986817390443e-05,-1.7254583297238185e-05,0.0013230539137317314,0.0018255787511025645,0.0035717871881300383,0.0010738911167267795,0.0015613186743951614,-0.00017919078949958964,-5.138304925733573e-05,0.0010111716485792606,0.0007719532135994128,0.004445629735146801,0.00019959288258705664,0.0012720169559601799,0.001754822269562755,0.0002392261259017343,0.0010029885076707548,0.0005239978913338095,0.00223232853797174,0.00035167509509671406,0.008178403300623738,0.038485357838292274,0.0017077538274949547,0.008736887285786291,-0.0016415503717237903,0.0014656128421906515,0.024336399570588137,0.002343331613848287
52,0.0777312247983871,0.1080105689264113,0.05949647964969758,0.01491029800907258,0.013906971100837955,0.02960285063712828,0.08703736336000505,0.032561102221089024,0.0010579939811460452,0.002164194660802042,-0.00012278556823731214,0.00027222787180253104,-0.0006634496873424967,0.0008821179789881549,5.882017074093297e-05,0.0020330567513742828,-0.11853482646326866,-0.044872222408171625,-0.008642135127898187,-0.05777174426663306,-0.11592938823084678,-1.4855090725806452,-0.26165574596774194,-0.017705609721522176,-0.015794815555695566,0.005822027883222029,-0.0089569091796875,0.015611217867943549,-0.03966891381048387,0.009431900516633064,-0.001899473128780242,-0.004772801553049397,-0.0007339292956936613,-0.0008502467986076031,0.0284881591796875,-0.0015551505550261393,-0.009873574779879662,-0.027360362391318043,0.006607609410439771,-0.00035059836602979586,0.0005290373679130244,-0.00010800169360251223,-0.0002895093733264665,-0.00037354423153784566,0.0011296579914708367,-4.067344050252984e-05,0.0007191242710236455,0.00041762859590592125,0.0037688593710622515,0.02558529761529738,0.006620837796118951,-0.0005650981780021548,0.003188148621589904,-0.010670077416204638,-0.012765699817288307,0.03194304435483871,-0.0001246544622605838,-0.000825220538723846,-0.08956810735887097,1.2290093206587186e-05,-9.630956957416706e-05,-0.021142898067351316,-0.00012963817965599357,-0.00033913889238910966
53,-0.013553250220514113,-0.1533025926159274,-0.03206019247731855,-0.01877015636813256,-0.033943545433782765,-0.019689498409148184,-0.033518637380292336,-0.019915180821572582,0.0008916008856988611,0.0007023349885017665,0.0018246635313956881,0.00020809327402422878,-9.283135014195133e-05,0.00032712567237114525,7.505282278983178e-05,-8.133342189172719e-05,-0.0100616947297127,0.00019565705330141947,-0.0005872172694052419,-0.0012560121474727477,0.0009770547190020194,-0.009077995054183467,-0.0011817870601530977,-0.007623549430601059,0.000659392726036802,0.0020369022123275324,0.0004137562167260009,0.022393595787786668,0.0005240132731775953,0.0004956952987178635,0.006708698887978833,0.0005985383064516129,0.027362592758670937,0.011713335590977822,0.00851557331700479,0.015839015283892234,0.010347758570025045,0.010845368908297633,0.027374944379252777,0.005359280493951613,-0.0008640596943516872,0.00034891020867131495,-0.001156222435735884,-0.00023304070195842707,-0.00038772244607247747,-0.002048415522421551,6.93490428309178e-05,-0.0006958438504126774,2.4734004851316032e-05,0.0002752888587213265,-0.0002661751162621368,-5.773959621306731e-05,0.0011608677525674065,0.010655433900894658,-6.917022889659293e-05,0.001110999814925658,0.0004652046388195334,-0.0007951451886084725,0.00024611719192997345,0.0008329576061617971,-0.0016041724912581937,0.0005379492236721825,-0.0007308683087748836,-0.00047225336874684513
54,1.229009320658386e-05,0.00012372770617084252,-2.164033151441813e-05,-4.313934233881136e-05,-0.000216684033793785,-0.00028670987775250226,0.00016820815301710359,-0.00011417942662393738,-0.044815555695564516,-0.04032221148090978,0.0021567190847089227,-0.2450226814516129,-7.91626591836301e-05,-0.07513230846774194,-0.0012934592462355032,-0.022311549032888105,0.00434937015656502,0.00046598719012351964,0.0004436123755670347,0.00025423111454131935,-3.1992312400587286e-05,0.0005831256989509741,0.023246519027217742,0.004652577061806955,0.0032026229366179416,0.0034967237903225775,-0.002080117502520161,-0.00019474183359453694,-0.00047622188445060003,0.000791242045740929,0.000148131001380174,0.03732841245589718,-0.0012545585632324132,-0.00029046689310382356,-0.00013502951591243595,0.0018785538211945547,-0.000997481807585687,-0.0011337649437689,9.169886189121747e-05,0.0009466991309196585,0.0011232745262884322,0.00028022258512436286,0.0021501971829322062,7.502109773697029e-05,-0.0001169789221979,0.00022475950179561287,-4.0908013620673534e-05,0.001266360282897949,-0.00011207980494343573,-7.896846340547115e-05,-9.020874577183594e-05,0.0010521027349656448,0.0006408383769373677,-0.00019711832846364163,-3.648957898539547e-05,-0.0002788497555640289,-0.0004855432818012774,-0.00044681179908013347,-0.00024004520908477517,-0.0007566405880835698,0.0003376468535392574,-0.0003441072279407132,0.0007681961982480909,-9.102206076344671e-05
55,-0.015075191374747988,-0.002302100581507523,0.003149709393901213,-0.008157668575163812,-0.0046746500076786214,-0.017039083665417086,-0.0005739638882298639,-0.011536628969254033,0.015316101812547249,0.005193466140377909,0.05430726082094254,0.005663102672946068,0.012256368514030214,0.0075950622558593715,0.01630398534959363,0.026619657393424742,0.007456502606791832,0.052954889112903226,0.03223443800403226,0.027056294102822582,0.048101609753024195,0.05175387474798387,-0.0004616860420473212,-0.0008616755085606701,9.321397350677341e-06,0.00021193488951651879,-0.00014809831496207058,0.0009679765470566237,-0.000191619319300484,-0.0007476191366872524,-0.0005026228966251371,0.00013571785342307916,0.0015401532573084613,0.0038477989935105836,0.010974637923702119,0.00034246137065271285,0.00010082798619423287,0.0018305932321856064,0.0004681617982925925,0.00013707530113957675,0.00974470569241431,-0.0006396539749637603,-0.00013896342246761786,0.0011962229205716027,0.0011630135197793331,0.0022350972698580735,-0.0002994075898201183,0.00015606082254839918,-0.000446323425539076,0.0009284096379433866,-0.00016951560974119522,0.0009486136897917703,-0.0002355575561523386,-0.00015204952609154334,0.0007253231540802982,9.399460208031923e-05,0.003989742648216991,0.021941892562373992,-0.011632119455645162,-0.0009539204259072581,0.00892393050655242,-0.004637133690618699,-5.008328345514516e-05,0.027748354019657258
56,-0.01389140467489919,-0.02816483282273816,-0.0005095697218371967,-0.045470699187247984,-0.011777447115990424,-0.0034465174521169386,-0.008121367423765123,-0.0025246527887159776,-0.006258564610635081,0.09844970703125,0.036410424017137094,0.03239244030367944,0.037593241660825664,0.04485001102570565,0.02920193825998614,0.2982736402942288,-0.031441411664409016,-0.02740255478889712,-0.007037008962323587,-0.008180772104570947,-0.0141082271452873,-0.033988521945091985,-0.10631635112147178,-0.056778446320564516,-0.00045655619713567107,-0.0007854584724672419,-0.00616455078125,-0.016827491021925396,-0.0027867901709771967,-0.00535463517712009,-0.0011983071604082646,-0.008439617772256174,0.0034168612572454647,0.005837348199659781,0.006010732343119958,0.0005068932810137201,0.0003565511395854322,-4.927958211592065e-05,0.001050641459803429,0.0004505265143609913,-0.011834036919378465,-0.012922717678931451,-0.06604397681451613,-0.04623511529737903,-0.026429207094254028,-0.029900335496471774,-0.018538567327683973,-0.00582565799836189,-0.0003883454107469097,0.0005645598134686872,0.0012762623448525775,0.0004159750476960207,0.013883867571430824,0.06805321478074597,0.0019570550610942265,0.00047252062828309047,0.00045255691774428444,0.003102656333677232,0.0003022782264217123,0.00026384092146349285,0.006176610146799394,0.0006810849712740963,0.0006776471291818962,0.00020878930245675864
57,0.00015923284715221617,-0.00706764959519909,-0.006958853813909717,0.000200809970978759,-0.023110912692162297,0.0015356925226026968,-0.00803670575541835,0.005804861745526713,-0.02458074015955771,-0.003745325150028348,-0.0013012040045953608,-0.011856817430065522,-0.0022243376701108807,-0.005490026166362155,-0.001071622294764358,-0.01774720222719254,0.00046798490708874397,0.002930010518720074,7.043057872402599e-05,0.00033973109337590804,-0.0009437453362249539,0.0009375579895511765,0.0076951672953944035,5.8750952443767685e-05,0.014955582157258064,0.020574754284274195,0.0007168708309050586,-0.004992592719293409,0.002292510001890116,0.0021337693737399194,-0.02975857642389113,-0.000550523880989316,0.0014802255938130065,0.0511565669890373,0.016768055577431957,0.023008777249243953,0.0008938697076612903,0.015309733729208672,0.02169159919984879,0.012648059475806451,0.003052465377315397,-2.4757077617018512e-05,0.00032395701254568,0.0020163289962276338,0.0010197547174269075,-0.0002758502960204965,0.0008216365691154226,-0.000343307372062437,-0.0003222034823509774,-0.00033150757512738656,-0.00016461649248676632,0.0225250490250126,0.0007105027475664692,-0.0004748836640388667,-0.0008554689345821125,-0.00037541697102208907,0.0010335983768586178,0.0015344312114100257,0.00014891066858844858,0.0025001033659904225,0.0010043882554577209,0.00046404715507260047,2.864099317981129e-05,0.0002656982791039131
58,-0.004715042729531569,-0.003792301301033268,-0.0013210235103484193,-0.0033398289834299356,-0.007013397832070631,-0.0004167249125819012,-0.0073846693961851055,-0.0039060654178742385,0.0004897694433889127,0.011566777383127521,0.000681830990699033,0.0010536928330698286,0.0022326746294575356,0.0011930927153556569,0.0031562312956779164,0.0006365045424430642,0.00012645029252574,-5.3917208025527345e-05,0.0003834078388829353,0.001716798351657003,0.0008192216196367773,6.563048208913152e-05,-8.799183753228996e-05,0.0010211083196824623,0.020612162928427418,0.007595923639112903,0.005918933499243951,0.005747641286542339,0.008336221018145162,0.002911721506426413,0.010992234753024193,0.019450526083669355,1.2574657317128792e-05,-5.998919087129035e-07,6.2527195099839006e-06,0.031375023626512094,-0.00013240210471613837,-5.069471174671417e-05,0.0005429483229114113,-0.00012169345732657258,0.001112130380445909,0.00018682787495274516,-6.37577426049032e-05,0.00017193825014174516,0.0011085079562279518,-0.00011492544604886759,0.0004067151777205858,-0.00017319571587346216,0.0004503573140790374,0.003835801155336442,0.003684166939027848,1.2213183987531756e-05,0.004779938728578635,-3.0731001207905935e-05,-0.0003885722929431471,0.001580822852350054,-0.0002486090506276805,0.00019447265132779324,0.0007008275678080968,0.0012133198399697594,9.572121404832991e-05,-5.001791061893305e-05,0.0012642798885222266,0.003220373584378145
59,0.0010517797162455905,0.0014003169152044575,5.638599395751409e-05,0.0002859792401713619,0.006126649918094758,0.00010410431892639615,0.0006694486064295646,0.0011699738041047157,0.0065267009119833646,0.0007348522063224456,0.0015776157379150278,0.018547704142908895,-0.0018083818497196323,-0.00016391661859326055,0.0005159224233319676,-0.0055671814949281775,-0.0002453404088174135,-0.00032591819763182385,-0.0004212702474286552,-0.000469746128205329,-0.000340919340810471,-0.00027438902085826893,0.005503746771043345,0.0033491734535463337,0.0007935185586252515,0.0007995367050170844,-0.0001595481749503827,0.0001640281369609252,-0.0016659459760112098,-0.0004551949039582218,0.001834207965481668,-8.784571001605898e-05,0.0002751734948927369,0.0002297278373472009,0.0008498776343560968,0.03510801253780242,0.00042979947982295884,0.00011700199496361538,0.0017449163621471775,0.001075690792452908,-5.328270696825252e-05,0.00011066082985169419,7.447888774256781e-05,0.00018239790393460644,-0.0003044374527469788,-1.6525868446607293e-06,-0.00033316304606775436,-2.3805326031096638e-05,-0.00042478499873993227,-0.0002647522957094139,-0.001652840645082529,-0.0021185105846774255,-2.4241785849291935e-05,-0.00010573863983154198,0.0005233595448155476,-0.0010807898736769018,0.01638695501512097,0.0075420256583921385,0.007620042370211693,0.00010262766192036127,0.022297520791330645,0.0005644675224057991,0.019097974223475297,0.0063536859327747
60,-0.0006701254075573342,-0.00017219205056466275,-6.985279821579942e-05,-0.0003084751867478801,-0.001237992317445816,0.00015203414424773632,4.191936985138541e-05,-0.00027716544366651683,-0.0031356811523437483,0.059878441595262094,0.1104736328125,0.01988712433845766,0.048070107736895164,0.02232016286542339,0.010731358681955645,0.024331861926663305,-0.0157211672875189,-0.0017164291874055,-0.010721268192414313,-0.006806158250378023,-0.022632968041204637,-0.011145314862651209,-0.004409943857500632,-0.011104214575982862,0.008374921737178681,-0.06696639522429436,-0.033631109422253024,0.003051265593497984,-0.000730022307365175,0.027537561232043845,0.0015541814988659257,-0.0038373393397177417,0.0014427554222845257,0.16076217159148184,-0.00014015936082408385,3.7281743941772156e-05,0.0076643420803931455,0.00020814422638184695,0.010604673816311744,0.0034502090946320545,-0.0002739660201533952,-0.0001796214811263547,-0.0005147610941240918,-0.00010404279155116456,-0.0006050525173064164,-0.0005154071315642311,-0.0006548666184948392,-0.0007568251702093224,-0.01688483453566028,0.006599918488533268,0.022350680443548387,0.006024760584677419,0.028487666960685484,0.00198721116588961,0.038885301159274195,-0.011519401304183467,-0.005547062043220768,-0.002155303955078123,-0.00786805921985257,-0.011723426080519154,-0.009354868242817543,0.013616131198021677,-0.010135927507954258,0.06460940453314012
61,-0.006306894363895542,-0.004684048314248357,-0.016799911375968684,-0.009270944902973787,-0.004352446525327619,-0.010754739084551405,-0.004819931522492439,-0.004548841907132058,-5.805876947217867e-05,-0.0001742685994794213,-5.1976211609389e-06,-0.00012912865607968141,-9.307553691248254e-05,5.223289612800339e-05,-0.0001303380535494951,0.0004890734149563679,-4.876044488721029e-05,0.00011619444816341935,0.000684338231240545,2.5306978533341963e-05,-0.0003982897727720036,0.0001909463636336692,-7.072571785219517e-05,6.127742029006146e-05,-0.0005586685672883,-0.0006113802233049817,-0.0009111589001071076,-0.0001318839288526911,9.149120699974438e-05,-0.0007235926966513226,-0.0009672103389616852,-0.00019351897701140456,-0.00031748125630039675,0.0005055627515239022,0.0002783306183353462,9.30736141819997e-05,0.019340761246219758,0.0002941854538456164,-1.8491860358930623e-06,-5.352881646925483e-05,4.985640125889801e-05,0.0003863178914593082,0.0003405001855665599,0.0006870031356811481,-0.00020503997802734435,8.798799207133167e-05,-0.00014607560250066832,0.0014143374658399945,-0.0001490019982861005,0.0006374543712985096,-0.00016194005166330684,-0.0012011297287479515,-0.0004395823324880323,0.03995858469317036,-0.0002935471073273718,-0.0003091750606413807,-0.0005737197014593272,0.00017510690996723024,5.711278607767821e-05,-7.033348083500931e-06,2.9406239909518114e-05,-6.463450770224332e-05,0.0016631541713591543,0.0002654675514467236
62,-8.48308686287161e-05,0.0008922257731037675,0.0009740091139270419,0.002864422336701427,7.227639998158416e-05,0.000606029264388544,0.0004140850036374881,0.002240646270013618,1.6266299832248544e-05,-3.494754914314194e-05,0.00016644693190051837,-4.8333598721395886e-05,0.00019849500348491155,0.0007861352735950161,-8.094310760497835e-05,-0.00035036763837260383,-0.0002920089229460677,0.0069245369203629,-0.0017217974508962298,0.00042979947982296204,0.04216741746471774,0.016777776902721774,0.027947210496471774,0.0031312511813256032,0.004361675631615426,-0.00010958025532383547,0.0016669611777028676,0.01131045433782762,0.00400063299363659,0.005660026304183468,0.025419173702116934,0.0003170967102050819,0.0017834786445863795,0.00043804414810672947,0.0027345611203101394,0.00028164925113800473,0.11092056766633064,0.005195733039609851,0.00536586392310357,0.002191666633852061,-0.0004795751264018258,-3.5316713394649193e-05,0.0018948431937925374,-5.2646283180462265e-05,-0.0001759875205255209,0.00046822332566784185,-0.0004421972459362157,-0.0003433573630547988,0.00038597660679970424,-3.660398144877244e-05,-4.7310706107851584e-05,3.9042965058351635e-05,0.00029985366329070057,0.0018070282474640892,0.010728405367943552,0.0018641564153855838,0.0011016168901997194,1.2613111926659301e-06,-0.0005843947010655535,-0.00016514908882878606,-0.00014621211636449985,8.793800107894535e-05,-0.0007252846994707646,9.587887794738431e-05
63,0.004293626354586693,0.00011118765800228562,0.0003267718899634645,0.0018242866762222807,0.01919654107862903,0.007027041527532764,0.023839027650894653,0.0052928309286794355,0.00033484735796527004,-0.00036473428049395485,1.790446619834198e-05,0.00024331000543408387,-0.000681292626165571,-0.00021359997410929068,-0.0006189038676600257,0.0005407948647775968,0.0008729350182317999,0.003440241659841229,-0.0031625378516412545,0.0022049642378283974,0.006217656597014396,0.000342976662420459,0.007364580708165322,0.00033771222637543966,0.0025823039393271198,0.0009203072517148782,0.00022632268167310096,2.4057203723515735e-05,0.00012880371462913262,0.0010063571314657897,0.0003995664658084937,0.00042427739789408376,0.022230579007056453,0.008576423891129033,0.0054468954763104835,0.02264404296875,0.007732760521673387,0.0043507237588205645,0.012881371282762098,-6.76801127772581e-06,0.004658360635080642,0.0015220872817500969,0.0026387245424332223,0.0004139254170079258,0.05426025390625,0.004799842834472658,0.0014543994780509663,0.018954369329637098,-0.0003685758959862403,-0.0007087953629032088,-0.0003642574433357373,-0.0004935726042716699,-0.00010475035636655483,-0.0004616552783596884,-0.000446873326455371,-0.00010085105895995167,0.13548229586693547,0.0005359803476641312,0.0007671540783297508,0.014906237202305946,-0.0491943359375,0.0068964804372479835,0.02837248771421371,0.009058306294102822
64,-0.00019778743866950954,-2.6530315799090805e-05,0.0002865945139238871,-0.00021002369542275082,-0.00029074761175339675,0.00018739700317382308,2.6333716607851506e-05,-4.599555846182099e-05,-0.001138725588398596,-0.0021331540999874063,-0.00013612739501460018,6.946056119857598e-05,8.875323880105341e-06,0.00016980017385175472,-4.852010357764499e-05,0.0007916112099924356,-0.0006065099470077042,0.0003190348225255127,0.00020980642687890643,-0.00023847241555491203,-0.00015529605650131643,4.108250141144101e-05,6.498059918803483e-05,-0.00011431017229633724,-0.006423088812058974,-0.00917754634734123,-0.006665383615801409,-0.02438452935987903,-0.011576714054230716,-0.02154916332614037,-0.023139461394279234,-0.010406801777501258,-0.0002682901197864141,-2.285838127135948e-05,-3.5627234366638126e-05,6.376543352679893e-05,1.730265155915999e-05,0.00013406815067413974,-3.471297602499685e-05,-9.032507096566745e-05,0.005277695194367442,-0.0046544228830645165,0.007372948431199597,-0.008105954816264487,0.03898374495967742,0.005472490864415322,0.004178447108114923,-0.009423040574596774,-0.00840180920016381,-0.009590271980531754,-0.03188437800253591,-0.003705117010301158,-0.051518594065020164,-0.004306793212890626,0.0012361464961882615,-0.009807463615171375,0.017980021815146168,0.1838049119518649,0.006286275002264207,0.24380099388860887,0.006981380524173856,0.002585564890215474,0.05288307128414031,0.04525670697612147
65,0.0018105045441658258,0.005884478169102819,-0.0038964056199596773,-0.0030579105500252034,-0.011366567304057457,0.002887387429514239,-0.0006169657553395904,-0.00661037814232611,-0.00016664305040912255,-2.7702700707218655e-05,-0.00042984370262391154,-0.00022388273669826845,0.00012581579146846362,-0.00017181134993029585,-7.606898584675456e-05,-0.0017716807703818031,-0.0005349036185972152,0.00016987708307081,-0.001067607633529172,-0.0009427532072990064,0.0011151836764427808,0.0009072826754662291,0.0012921825531990257,0.0015189263128465166,-4.532260279501336e-05,1.751222918111355e-05,0.0002582534666984278,0.00034821418023877975,0.001605387656919413,8.618639361473799e-05,4.724533327163219e-05,0.0009579350871424552,0.014887163715977822,0.01130288647067162,0.002115453443219577,0.0004930650034258301,0.003558666475357548,0.004631850027268926,0.06491390351326234,0.024590030793220766,-0.0007444812405493904,0.00037150229177166207,0.002913936491935484,-0.0006117359284431489,-0.00012735013038880458,0.000317173619424142,0.0009881911739226341,-6.700331164945847e-05,-0.0003306788782919518,-0.00012496209913683286,-7.414625537009279e-05,0.00028473331082251303,0.0015831608926096257,-0.00028648684101719357,6.735324859606641e-06,-0.00013909320677480742,-3.605504189768066e-05,-0.00015102086528654034,0.0017575371649957488,-1.6020190331245724e-05,0.0007734990889026322,5.5257351167736325e-05,0.0015496900004725227,-8.636905301000394e-05
66,0.22420772429435484,0.0008221903154926938,0.006869900611139109,0.0039649471159904255,-0.0006034758783155725,0.0061345869495022685,-0.006034974128969255,0.011157927974577875,-0.0009478176793744417,-0.0005117077981271858,-0.0006955169862316375,-0.0022218458114131806,-0.00046956154607957946,-8.846098376860292e-05,-0.0005588666085273825,-0.0002422794218986348,0.001987088111139113,8.354840740081387e-05,6.80281269934815e-05,0.00023848972012918451,0.0066543702156313,-0.0005456709092663206,0.005788372408959175,0.00024875517814389625,-0.0004572829892558537,-0.005167315083165322,-0.0010774645113175736,-0.0001397315532930408,-0.0022488255654611903,-0.0006253796239053096,-0.000413971562539379,-0.006455982885053079,0.02103054908014113,0.037581905241935484,0.1948797164424773,0.015807982413999496,-0.004936587425970264,0.034665015435987906,0.26357220065209175,0.047590440319430445,-0.0003220265911471503,-0.00022786086605440338,-0.00045785596293786027,-0.0002988076979114322,0.0001770142586000613,-8.121613533264444e-05,-0.00010079722250662875,-9.940516564152403e-05,0.0002076798869717471,-4.3192217426909684e-05,0.004744191323557207,0.00012683676135154858,0.00019886801319738618,-0.0002154188771401515,0.0001500037408644147,4.658391398768021e-05,5.272896059098365e-05,0.0020276961788054386,-0.00019005806215347744,0.0003549975733603065,-5.250592385568423e-05,6.429610713835928e-05,0.000758732518842136,0.0001981335301552898
67,-0.0002722913219082767,1.963011680110099e-05,2.7225863549019307e-06,-0.0005125845632245561,8.514235096592937e-05,0.0004386286581716161,7.221006578014381e-05,0.0003712715641144733,-0.0003560031613995835,-0.000670648390246979,-2.6895153907033408e-05,0.00015315701884609063,-0.0005646521045315543,-0.0009935555919524139,-0.0005021864368069581,0.0010177166231216902,0.00017243046914377396,-0.0009870836811680934,0.0046605756205897195,0.0012811230074974741,0.00011477931853263014,0.017770828739289316,0.008909502337055824,-0.0005859405763687581,0.020268347955519152,0.010463591544858871,0.07315383418913811,0.013345841438539566,0.04232689642137097,0.11357345888691564,0.0172847201747279,0.003837093230216729,0.018529584330897176,0.03878390404485887,0.004527061216292845,0.016823368687783512,0.004989747078188003,0.006148176808511058,0.00033058081903764426,0.001837076679352794,-0.00035951983544134565,-0.0006302479774721144,-0.0005514121824695246,-0.00011394869896672581,-6.094671064807948e-05,-8.921469411541291e-05,-0.00011281044252457421,0.00019222690213110787,0.013597796040196574,0.013820832775485126,0.003901758501606606,0.03306985670520413,0.0012139351137222807,0.004253725851735755,0.0004879428494361064,-0.005073670418031755,-0.009152074013986896,0.0018979964717741936,-0.0038185811811877785,-0.00935585268082157,-0.02739715576171875,-0.007429430561680948,-0.01126467797064012,-0.007354367163873483
68,-0.0002588956586776237,0.0012958107456084139,-0.00035059836602978735,-0.00034620684962118563,-0.00011162796328143379,-0.0006243874949793556,4.614553143902158e-05,-0.0007890539784585175,0.004460304014144406,-0.006277084350585938,0.009671426588489166,0.021694798623361895,0.0027529808782762095,0.020832677041330645,0.0081483164141255,-0.029528217930947582,-0.017426890711630543,-0.006778778568390874,-0.027125020180979082,-0.004042840773059477,-0.014784474526682207,-0.009795650359122984,-0.008546583114131806,-0.011479531565020162,-0.001329237414944558,-0.004940740523799778,0.0009901908136183194,-0.003748986028855845,0.002152473695816529,0.00843355732579385,0.008038490049300651,0.003039206227948587,-0.000365934064311377,-1.2930362455320411e-05,-7.084108168078534e-05,-0.00021411334314654597,-0.00015032675958449125,-0.0007273458665417122,-0.00011973227224042581,-0.00017875240695090967,-2.2011418496414423e-05,0.03588621077998992,0.041142617502520164,0.0038282332881804416,0.006458528580204132,0.00039948571112848475,0.0045781289377520165,0.03945184523059476,0.0003542746267011064,7.051037203880646e-05,-0.021866152363438755,-0.01638461697486139,-0.008542952998991936,-0.042958413400957664,0.0015402147846837228,-0.0013489261750252001,-0.002191420524351058,0.0003987050825549694,0.0030434516168409806,-0.000838264342277277,-0.0004009354499078429,-0.009055229925340223,-0.0072113775437878,-0.003886745822045116
69,0.0005685129473286291,-0.0005381761058684274,-0.00021988345730688884,-0.00013827700768747275,-0.00025050101741667556,-0.0006930597366825084,8.34772663731733e-05,-0.0004653161571871801,4.425356465001035e-05,-0.0002667442444832024,-0.00020215203685145465,0.00035036763837260784,0.0012826611918787772,-0.00017614518442461507,7.320219470608095e-05,-0.0003256913154355852,0.0018303317408407908,-0.000511138669906129,-0.00014901930286038062,-0.0004754912468694865,-0.0006839383033014064,-0.00011493313697078068,0.006797667472593249,0.0024959195044732835,-0.00035632810285014127,0.006261025705645161,-0.002533574258127516,-0.001325238135553171,-0.00041645573031517485,-0.0027946810568532645,0.00022736672432190842,2.5395424135271477e-05,0.00034824494392641283,0.055310833838678165,0.017449163621471774,0.017290607575447325,-0.012358880812121975,-0.0018704322076612903,-0.0056915283203125,-0.055683135986328125,0.034228171071698586,0.026116894137474797,0.011054869621030748,0.002751565748645416,0.00396556238974294,-0.009079041019562755,0.0021543502807617222,0.00024632484682143846,0.0010276917488344299,0.0003001613001669548,0.0008484932684129259,0.0005495586702900601,0.0023915844578896767,0.0004357330260738145,0.0023328719600554455,0.000879991439081014,0.000647575624527464,0.012591515817949853,0.0012847223589497255,0.0012488518991778032,0.0027044511610461756,0.027220110739431074,0.01992404076360887,0.0066877795803931455
70,0.0020936496796146505,0.0009511055484894757,0.0006134279312625968,-8.946849453834329e-05,-0.0004717919134324613,0.0008019074316947677,0.0006956285045992838,0.0005259667673418581,-0.18792527721774194,0.03168364494077621,0.03517003213205645,-0.01804560999716482,0.08709519909274194,0.0503082275390625,0.02863582488029234,0.0106353759765625,-0.000818806309853834,-0.0025762742565524194,-0.002580273535943797,-0.000500663634269462,-0.0005445903347384476,-0.00027223556272444545,-0.0003772704832015536,-0.0008320577682987282,0.0017116915795110904,0.0006708944997479839,0.0010355364891790548,5.906628024193548e-06,-0.003587907360446074,0.005199740009923132,-0.0005650674143145161,0.033856422670425906,0.006734417330834177,0.00855648902154738,-0.0011448091076266466,0.008835331086189516,0.04246496385143649,0.009929780037172377,0.0024506353562878066,0.1904961370652722,0.007542825514270416,0.01269162085748488,0.018769048875378024,0.014875627333118068,0.015884153304561492,0.05341363722278226,0.007750480405745968,-0.007038977838331652,-0.002036817612186553,-0.0006126896027595678,-1.0459653792845142e-05,-0.0004098876830070344,0.001971829322076613,-0.00040196987890427777,-0.0005806299947923098,0.02310303718813004,-0.00036130412932362896,-0.0012371309341922838,-0.0008319808590796573,0.013559649067540322,-0.0011368836126019828,-0.0008147455030871967,0.00015637951512489543,-0.004478885281470516
71,0.010535701628654236,-0.10266174808625252,0.02737918976814516,-0.008228917275705645,0.041435980027721774,-0.0804167716733871,-0.5064894153225806,-0.05417067004788306,0.03152524271318989,-0.0023031542378087193,0.020234877063382055,0.012116770590505296,0.0887771729500063,0.05677450856854839,0.08665220199092742,0.10735296433971774,0.0006670798024823581,0.0023252425655241934,0.027925983552009825,-0.0004405667704920484,0.12662481492565525,0.00033583179596931176,0.03514443674395161,0.00014951152186240004,-0.0035796626921623,-0.0005626524648358709,-0.0033362603956653227,-0.0008410599923902822,0.007390299151020664,-0.001943526729460683,0.04000196149272303,0.1024216067406439,0.005830580188382051,0.0913784888482863,0.0016376126197076679,-0.004548103578629036,-0.003711531239171184,-0.004513648248487903,-0.0018305932321856066,0.0015862987887474774,0.047271728515625,0.0008526771299300645,0.008724089591733871,0.0021002984816028227,0.006281452794228833,-0.00021405373850178207,0.002263099916519655,0.010146602507560484,-0.01592870681516586,-0.0035725255166330645,-0.0011439554152950118,0.0013698454826108872,-0.004101783998550906,0.002083747617660029,0.0012360849688130065,0.0036699848790322583,0.00571564705141129,-0.00033261699061239353,0.0018919975526871162,0.00023436930871777135,0.0016747136269846354,0.0005349959096600956,0.0005560767266058125,0.0007531719823037457
72,0.06634472262474798,0.007587955844017764,0.2492830830235635,0.029621739541330645,0.030557940083165324,0.052727483933971774,0.08562371038621472,0.6024897175450479,0.006555003504599293,0.033602806829637094,0.014294132109611266,0.02248745579873362,0.024493309759324598,0.0027726081109816034,0.008077190768334174,0.020168489025485133,0.010131897464875255,0.06339928411668347,0.0022061563307239126,0.0036180557743195584,0.01087705550655242,0.07929469693091608,0.06302913542716734,0.015856342930947582,0.027397894090221774,0.07342726184475806,0.044679457141507055,0.11781754032258064,0.028968072706653226,0.060134395476310484,0.02109404533140121,0.10899303805443548,-0.010424952353200607,-0.007125485327935983,-0.007137667748235887,-0.01231894954558342,0.0034248598160282256,-0.0035311175930884614,0.010748586347026209,0.0016660997944493456,0.08040889616935484,0.023193359375,0.02503573509954637,0.013084903840095764,0.020266132970010082,0.010835709110383064,0.034423828125,0.013782132056451613,0.012142058341733871,0.008229132621519029,0.030708066878780242,-0.0006509596301663309,-0.015378890498991936,0.01821800970262097,0.05868899437689012,0.011584251157699088,-0.0002731815461189516,-0.003033730291551165,0.006672520791330649,0.0053971813571068545,0.012148457188760073,0.00535608107043851,0.004716196367817542,0.0032846389278288804
73,-0.0061817784463205645,-0.0011572991648027998,-0.003665124216387345,0.00042004739084551296,-0.0015269863990045355,-0.0031298975790700614,-0.013983941847278226,-0.001203106295677929,0.002864714591733868,-0.012341530092300912,0.034454345703125,0.010524626701108871,0.025324175434727824,-0.006289082188760081,-0.0006438224546370968,0.10613164594096522,0.005664456275201617,0.03614265688004032,0.005763023130355342,0.11100104547316028,0.0002226060436617968,0.00277660739037299,0.003477304212508665,0.00026653658959173546,0.007526520759828629,0.008694248814736644,0.021922449911794355,0.0006978338764559743,0.010990696568642896,0.11072097286101311,0.030552002691453504,0.0053056593864194805,-0.0035754173032699096,-0.011150975381174393,-0.011899886592741936,-0.00854738297001008,-0.002071257560483871,-0.0023822169150075584,0.0023118295977192513,-0.028159572232154113,0.00711994786416331,0.0020994370983492936,-1.0828818044358085e-05,9.795158140121288e-05,0.006078227873771419,0.002716187507875503,0.0007982869302072807,0.006784500614289316,-0.01234559089906754,0.0006838152485509097,-0.012352112800844252,0.0003249260687058967,0.03252730831023185,0.0019265451738911291,0.004773047662550403,0.03533295662172379,-0.002018220963016636,-0.04236233618951613,-0.00034701439642137097,-0.02799347908266129,-0.013071367817540322,0.01598348925190587,0.008048765120967742,-0.0005624832645539324
74,-0.1446021295362903,-0.008510097380607361,0.10939247377457158,0.01605821424914945,-0.0204925537109375,0.026820075127386277,-0.002720863588394658,0.014345230594758064,0.007666956993841349,0.003036991242439516,0.11113517515120967,0.0770630375031502,-0.03381015408423639,-0.0051810356878465155,0.016702651977539062,0.05727804860761089,-0.0005841485915645406,0.018359768775201613,-0.0011513617730909613,-0.0004659160490958903,-0.0010859120276666395,0.024074185279107863,0.0015347388482862903,-0.0014085154379567804,0.002355883198399697,0.04136805380544355,0.07614381851688508,-0.008978197651524694,-0.006802712717363909,-0.004010108209425403,-0.02547947052986391,-0.001796230193107358,0.005859794155243899,0.0770326429797757,0.03133170835433468,0.07048182333669355,0.04627273928734564,0.035570821454448086,0.13694615517893144,0.018899456147224672,0.007048083889868948,0.02884797127016129,0.025850357547883066,0.000204147831086187,-0.004986670709425403,-0.0035056452597341256,0.004698599538495465,0.0004070651146673355,0.007434721915952623,0.0016026650705645129,0.0807219474546371,0.004235905985678392,0.0025128462622242592,0.0013174549225837952,0.00702781061972341,0.009227875740297377,0.01566979192918347,-0.0009451527749338387,-0.0007062650495959782,0.0026724876896027537,0.024004536290322582,0.019145350302419355,0.005139489327707599,0.0012808153706212258
75,0.010555636498235887,0.002338040259576613,-0.019140274293961063,0.006347287085748484,-0.0013129018968151324,-0.010168752362651209,-0.004734531525642642,-0.0071558798513104835,-0.017414708291330645,0.003022224672379029,0.009963743148311494,0.05992667905745968,0.003559727822580645,0.007293085898122477,0.03659156060987903,0.037560709061161164,0.009174469978578629,0.002010714623235887,0.11894767515120967,0.029773342993951613,-0.0006910139514553936,-0.027442439909904234,-0.007970994518649193,-0.0026523220923639094,0.012045583417338709,0.0057835732736895165,0.019369433003087192,0.017574802521736394,-0.026924379410282258,0.0155487060546875,0.027775426064768145,-0.0011084771925403225,0.010301159274193549,0.04576098534368699,0.11682227350050403,0.006090840985698084,0.007732206775296123,-0.004989500968686997,-0.0060597081338205645,-0.019457417149697582,0.04764236942414315,0.0013304679624496,0.15404510498046875,0.03286078668409778,0.011321037046370967,0.009589902816280242,-0.007383777249243951,-0.031808668567288305,-0.007723900579637097,0.11379217332409274,0.0044229568973664325,0.0023584981118479095,0.015109154485887098,-0.00042900346940563433,-0.001087157957015487,0.022678990517893145,0.004650485131048387,0.016884588426159274,0.059482574462890625,2.0919307585683917e-05,0.007343415291078629,-0.011967812815020162,-0.0024156878071446572,0.023180561680947582
76,0.056046024445564516,0.12941618888608872,0.07178128150201613,0.13478925151209678,0.35579656785534275,0.0387909181656376,0.1308160597278226,0.048517042590725805,-0.0008343727357925871,-0.047562137726814516,0.012080530966481855,0.0007518645255796356,0.01840702179939516,-0.00885255875126008,-0.07368321572580645,-0.017528164771295363,0.03480628228956653,0.09424615675403226,0.011406929262222785,0.20581276186050906,0.01337974302230343,0.011512664056593378,0.03645767704133065,0.03190858902469758,-0.011209549442414316,-0.0013255457724294355,0.03995833858366935,-0.007192304057459678,-0.0008121613533266129,0.042800411101310484,-0.02968695855909778,0.0017433166503906226,-0.003902558357484877,0.002410888671875,-0.006279237808719754,0.016207787298387098,-0.004432309058404736,0.0007035962996944259,0.016249995077809977,0.005348205566406248,-0.0006551742553710935,0.0038953596545803905,0.0038156817036290322,0.005678484516759074,-0.028174246511151715,-0.047601515246975805,-0.001978474278603829,-0.010240124117943549,0.007076878701486894,0.007444504768617693,0.09728954684349798,0.011829191638577366,0.0021589955975932417,0.006917153635332661,0.0008143148114604323,-0.0021898823399697583,-0.02556044055569556,-0.09766806325604839,-0.021887994581653226,-0.0791577369936051,-0.0040871404832409294,-0.15388341103830644,0.0010896498157132064,-0.026562106224798387
77,-0.0097808837890625,-0.0032324021862399225,-0.0158111818375126,-0.00438813240297379,-0.012625540456464213,-0.001028060913085942,-0.004079972544024061,-0.010433258548859623,0.0020418782388010323,0.005474705849924394,0.022799584173387098,-0.0019241763699439321,0.0004870507024949581,0.001681373965355655,0.0647366431451613,0.011327435893397178,0.00669836228893649,0.06717706495715726,-0.0003291714575982839,0.0840390113092238,0.17126071068548387,0.01818546172111265,0.03813909715221774,0.007563191075478833,0.003994326437673255,0.008603495936239923,0.009652599211662052,0.14684000322895666,0.011577975365423387,0.002505333192886848,0.027883468135710684,0.024785072572769653,-0.010615194997479838,-0.020565402123235887,-0.025621967930947582,0.04466346002394153,-0.011043671638734877,-0.00019553399855090658,0.06270365561208417,-0.007348275953723538,-0.009880435082220263,0.03186232043850806,0.0016939101680632548,0.031681968319800594,0.024148756457913305,0.011552872196320564,0.03380215552545363,0.07770169165826613,-0.002375695013230845,-0.13223414267263106,-0.031080676663306453,-0.030735631142893145,-0.03416209451613888,-0.08787155151367188,-0.02609222165999874,-0.030557940083165324,-0.000323480175387477,0.09086756552419355,0.048314248361895164,0.00498242532053302,-0.007361627394153226,0.019094159526209676,0.006904171359154488,0.06612986903036794
78,-0.005607974144720261,-0.010074000204763104,0.004170817713583667,0.013180332799111644,0.014099613312752016,-0.02437929953298261,0.007978377803679436,-0.0011892626362462158,0.0035018920898437548,-0.0056634410735099585,0.018629504788306453,0.0003102210260206644,-0.004901762931577619,0.01593534408077117,-0.001105831515404485,-0.009067658455141125,0.016099499117943547,-0.0007330986761277677,0.0754441907328944,-0.0002609683621314244,0.005145657447076613,0.12001972813760081,0.0013078258883568547,0.0025453490595663737,-0.0034649756646925388,0.008174773185483875,0.06007176060830393,0.01921287659675845,0.02777937919862809,0.05496781872164819,0.2903246725759199,0.011846757704211824,0.002175300352035029,0.05685769357988911,0.03327203566028226,0.1204617408014113,0.06960567351310484,0.11147271433184223,0.37148924796811994,0.10433763073336694,0.004890380367155997,0.09206821072486139,0.048696825581212196,0.001129150390625,0.0004391208771736322,0.017889807301182906,0.005976769231980845,0.000601353183869385,0.015667330834173387,0.04097015626968876,0.014931955645161291,0.003509029265372981,0.010636606524067543,0.00458403556577621,0.011606031848538303,0.05641272760206653,0.008495207755796371,0.03601012691374748,0.02891700498519405,0.03352909703408518,0.0007407280706590194,0.021171323714717742,0.03758092080393145,0.004465779950541832
79,-0.0003061602192540323,0.19399925970262097,0.008647918701171877,-0.0002470939390121,0.06647417622227822,0.03728460496471774,0.11669134324596774,0.2580005276587702,0.0037137923702116934,-0.018908839071950605,0.02749535345262097,0.041542791551159274,0.062097364856350805,0.0052637900075604835,2.8997179000608384e-07,0.002757780013545868,0.13353113974294356,0.022441679431546117,0.0013208850737540944,0.002593309648575308,0.0056696245747227805,-0.003577570761403729,0.0016070335142074064,0.02958039314516129,0.04906143680695565,0.1015654533140121,0.01820767310357863,0.020705438429309476,0.07353419642294606,0.0315735109390751,0.08168755808184223,0.004885704286636842,0.020003164968182968,0.0059490665312736234,0.0025958399618825614,0.024101503433719758,0.0036916425151209678,0.0019737981980846773,0.009034679782006049,0.010824388073336693,0.002372987808719755,0.006386110859532512,0.03651083669354839,0.10159646311113911,0.02261450982862903,0.014937631545528289,0.016491059334047375,0.04253141341670867,0.0032520909463205645,0.003461776241179429,0.003103194698210684,0.0024968731787896902,-0.0052189980783770165,0.018735824092741934,0.15709864708685106,0.03946292015814012,0.12105338804183467,0.033953389813823086,0.019749579891081778,0.040936193158549655,0.015576147264049897,0.01909563618321573,0.029578978015530496,0.0023589595671622988
