layer,0,1,2,3,4,5,6,7,8,9,10,11,12,13,14,15,16,17,18,19,20,21,22,23,24,25,26,27,28,29,30,31,32,33,34,35,36,37,38,39,40,41,42,43,44,45,46,47,48,49,50,51,52,53,54,55,56,57,58,59,60,61,62,63
0,-0.0005219777425130222,-0.000832027859158,-1.52587890625e-05,-0.004506429036458333,0.0003721449110243111,-0.0014148288302951444,-0.00045098198784722225,-0.00025516086154513335,-0.002846611870659722,-0.0014139811197916667,-0.004221598307291667,-0.0011189778645833333,-0.004336039225260422,-0.004018147786458333,-0.003796047634548611,-0.0015716552734375,-0.0007332695855034778,-0.002460055881076389,-0.0012722015380859557,-0.0009256998697916666,-0.0031589931911892447,-0.0022443135579427,-0.002117580837673611,-0.00041156344943577775,-0.0040626525878906215,-0.001089943779839411,-0.002363469865587008,-0.0033509996202256997,0.0003382364908854111,-0.0016581217447916667,-0.004143185085720477,0.00015311770968964446,0.00042634540134006075,-0.002678765190972222,-0.011978573269314233,0.0016276041666666667,-0.0009031295776366888,-4.128054974393712e-07,-0.004223293728298611,-0.003350151909722222,-0.0009670257568359221,-0.00029076470269097783,-0.0004526774088541667,0.00015470716688368886,-0.0020900302463107553,-0.0005785624186197889,-0.0015239715576172,8.307562934027778e-05,-0.0010531743367512777,-0.0015521579318576333,0.00019582112630208893,-0.0014752282036675222,-0.0022303263346354113,-6.781684027777777e-06,0.0011259714762369777,-0.0007926093207465334,-0.0009411705864800375,-7.576412624784446e-05,-0.0005908542209201222,-4.471672905815558e-05,-0.00032297770182292227,-0.00010596381293403336,-0.0006993611653645667,-0.0021953582763671892
1,-1.303354899087917e-05,-0.0001655916372934894,-0.00010893079969617776,-0.00027232699924044444,-0.0006541146172417554,-0.00029987759060326393,2.739164564341493e-05,0.0003405676947699666,-7.891986105177206e-05,-0.0010080337524414002,-0.0001423358917236314,-0.00033187866210936665,-8.440017700195036e-05,-0.00027778413560655034,-0.0004867977566189111,0.0007375081380208334,-0.00020575523376463039,1.5682644314233318e-05,0.000256545013851575,0.00045288933648002217,-0.000507566663954,0.00030496385362412223,0.00042284859551322226,0.00014277299245198848,-0.00021881527370875623,0.00018983417087130243,-0.00018310546874999997,-5.748536851669063e-05,-0.0001693831549750427,0.000256571504804803,9.979142083062483e-05,0.00021229849921330452,0.00013287862141924441,-0.00039460923936632226,-0.0003252029418945444,5.253156026203315e-05,0.0004158020019531222,-0.00023971663581001334,-0.0001550250583224972,-0.0002179145812988101,-0.0002441141340467422,0.0003641446431477691,-0.00020424524943034932,0.00044748518202039996,-0.0005961524115668556,-0.00027200910780164443,-0.0003032154507107246,-0.0004984537760416666,-0.00044891569349497947,0.0001275307602352497,-0.000570641623602955,-0.00020168887244329122,-3.597471449109826e-05,-0.0013419787089029975,-9.32481553819375e-05,-0.0004226896497938368,-0.00038531091478135574,-0.000274658203125,0.0003971159458160317,0.0004073248969183889,-0.0002488560146755556,0.00029007593790690106,0.0011991924709743556,0.028733995225694444
2,0.0012787712944878334,2.7126736111111116e-05,-9.971194797092223e-05,0.0002102322048611125,-0.0001601113213433243,-0.00027116139729816666,6.054507361517178e-05,0.00010236104329425551,0.00013919671376546293,0.000570032331678608,0.0002575450473361538,-0.0005511442820231203,0.0003538131713867222,-7.014804416232222e-05,0.00030687120225693885,-0.0004331800672743,-0.0004382133483886503,-3.6981370713988895e-05,-4.4425328572578646e-05,-0.0001870261298285486,-0.0001583099365234264,7.36845864190145e-05,-0.0008125305175781445,-0.0002137290106879222,0.00022745132446288716,0.00010016229417587032,-0.0003659990098741111,-4.4574340184531705e-05,-0.0007420116000705222,0.00016201866997612226,-9.674496120876042e-05,-0.0001904434627956731,-0.00020768907335068265,-0.0005997551812065888,-0.0004725986056857667,-0.0004112985399034222,-9.249978595308537e-05,-2.1192762586811108e-05,-0.00018154250250922168,-3.2054053412647546e-06,9.070502387153334e-05,-1.810656653510339e-05,-0.0002506044175889556,-0.00016032324896915695,3.666347927518888e-05,-6.079673767091928e-05,-5.77502780488854e-06,-0.0006696912977430668,0.0001143614451090314,-6.739298502605554e-05,0.0002079010009765555,6.614791022405433e-05,8.895662095812328e-05,0.0001656214396159,-0.00020747714572481112,-0.00017717149522571114,0.0005357530381944445,-0.0035400390625,-0.0015089246961805555,9.70744424396098e-05,-7.295608520504687e-05,-0.0006398095024956556,-0.0007479985555013111,-0.002978854709201389
3,-6.802876790363056e-05,-0.0003763834635416667,1.1082955540962935e-17,-0.0007976955837673667,-0.0012736850314670222,-0.0002707905239529,-0.00017293294270833334,-0.003568755255805133,-0.0036417643229166665,-0.0004133648342556257,-0.0006137424045138889,-0.0010657840304904515,-0.0011721716986762222,-0.00040446387396918894,-0.0007256401909722222,-0.0004985630512237492,-0.00022379557291666666,-0.00042004055447048124,-7.163153754341112e-05,0.00029606289333767774,-0.0016343858506944445,-0.0009765625000000113,-2.1722581651477762e-05,-0.00011979209052189549,-0.00028589036729598894,-0.0002662870619031889,-0.00042574935489232354,-0.0006830427381727334,-0.0010191599527994736,-0.00022909376356335554,-0.0009201500150892374,-0.0006275177001953221,-0.0003982384999592946,-0.00010596381293403335,-0.0001521640353732778,-0.00010770559310911941,0.00039240386750963763,-8.095635308160276e-05,0.00023312038845484863,-5.3683916727707364e-05,-0.0004620022243923667,-9.282430013020554e-05,-0.00011253356933593333,0.00028906928168401805,1.4305114746088907e-05,-0.00022368960910372222,-8.634063932632416e-05,-0.00015089246961804442,-0.0007654825846354223,-0.0001242094569736085,-7.44395785861444e-05,-0.00043996175130207773,7.841322157117778e-05,-0.0011155870225694445,-0.001955244276258689,0.00037468804253472225,-0.0012319352891710111,1.2291802300333345e-05,-0.0004420810275607667,-0.0004585054185655445,-6.326039632159234e-05,-0.00018988715277776664,-0.0001990000406901111,-0.00026705529954698903
4,-1.1159314049610638e-05,-2.6719437705132748e-05,6.983015272354445e-05,-0.00010697046915690416,-2.345773908826102e-05,-7.087654537624887e-05,-9.751319885252586e-05,-0.00014709101782903864,-0.0005058712429470556,0.00021406345897249108,-0.00013860066731771113,-0.00015846888224283333,-0.00017942322625054532,0.00014156765407984443,-0.0001016192966037111,9.58840052286895e-05,-2.550747659470258e-05,-2.1987491183819097e-05,-1.5209118525187174e-05,-0.0002651214599609334,-6.724728478323341e-05,-2.9987759060322917e-05,-9.128782484266491e-05,-1.5055967701805963e-05,-0.0003407796223958222,-0.0003901587592230778,-0.0003066592746310889,-2.0212597317164415e-05,0.00014721684985690507,-0.00011327531602646041,-4.6941969129771174e-05,5.3485234578458146e-05,-9.430779351128887e-05,0.0001696480645074,-0.0003991656833224993,-7.502237955727637e-05,-0.0005855560302734333,-0.0002612802717420665,-0.0001414087083604441,-0.00039550993177624166,-0.00013128916422525553,-0.00020551681518555522,-0.0005084143744574667,-0.0004453659057617222,-0.0001252492268880111,-4.479620191785227e-05,-0.00028832753499349515,-0.00017828411526148226,0.0017317665947807889,-0.0008655124240451445,0.013011508517795133,0.000132388538784419,6.73400031195882e-05,-0.0001291698879665743,0.00017584694756401424,0.00013689200083414783,-0.0002843009101019924,-0.0009045071072048555,-0.0001889334784613778,-0.00019317203097874865,-0.0008053249782986111,-0.00016615125868054442,-3.756417168509896e-05,9.738736682468893e-05
5,-0.0001102023654513778,-0.0008409288194444445,0.0002534654405381889,0.0002024206850264071,9.644031524660218e-05,-0.0009451972113715334,-0.0004717508951822666,0.00016678704155816734,0.0007614559597439236,9.134080674912221e-05,-0.0001871320936414958,0.00022125244140625553,0.0002643267313639573,0.0005438062879774223,-0.0011217329237196223,0.0098114013671875,-0.0007239447699652666,-0.00022363662719726422,-0.00033415688408744274,-0.00017501248253711364,-0.0002155303955078111,-0.00030422210693360004,-3.7590662638331776e-05,-4.585584004720121e-05,-0.0028245713975694445,-2.7550591362855564e-05,-0.0009443495008680555,-0.00024202134874132223,-0.00030687120225694444,-0.0007549391852484865,7.375081380208891e-05,-7.311503092447778e-05,4.654626051585435e-05,4.76472907596206e-05,-3.41071022881513e-05,-0.00010474522908526667,-6.530019972058905e-05,-1.541773478189549e-05,-0.00011030832926430765,9.684430228339438e-05,0.004055553012424044,0.0004478560553656628,0.018985324435763888,0.012020323011610221,0.0017246670193142334,0.0007682111528184637,0.024375915527343743,0.0106976826985677,-0.00016000535753038888,-0.00017674763997394446,-9.992387559678887e-05,0.00027147928873697783,-0.00013520982530380833,-9.324815538194444e-05,-0.00020625856187607953,-0.00014645523495144592,-0.0010477701822916667,1.525878906251113e-05,-0.0002362993028428667,-0.0004543728298611223,-1.3351440429677766e-05,-0.0002610153622097515,-0.0002881156073676333,-0.0005238850911458222
6,0.00012864006890191116,1.4093187120233332e-05,-0.00030644734700519997,-0.0017407735188801998,-0.00026830037434896666,-0.00039471520317925556,-0.0004933675130208222,-0.0015663570827908,0.0002070532904730847,-0.0006010267469618111,-0.0003228717380099743,-0.0004095501369900111,-0.0006854269239637615,-0.00011899736192491113,-0.000858094957139789,-0.0003831651475694334,-0.00010087754991320001,-2.8398301866333347e-05,-0.00021182166205511112,-0.0005434883965386333,-0.00030774540371363766,-0.00015036265055337424,-6.535318162706718e-05,-5.2505069308801746e-05,0.00015179316202800137,-0.00044790903727211115,-0.00029818216959635554,-0.0011450449625651112,-0.00021245744493272984,-0.00020938449435763327,-0.0016475253634982779,0.0040928522745768,-0.00014220343695745693,0.0040646659003363665,-0.0003175735473632868,-0.0025937822129991333,-0.0005200703938802222,0.001412497626410593,-0.0001177257961697,0.00025961134168837777,-0.00020228491889105556,-0.0004973941379123223,-0.00040202670627171113,-0.00016461478339299825,-2.980232238754256e-06,-0.00010289086235893333,-0.00011465284559459998,-0.0005904303656684112,-5.404154459635559e-05,-5.031956566702144e-05,-0.0007265938652886444,-0.003950330946180556,-2.2994147406672206e-05,-0.0001454883151584104,-0.00019412570529513332,-0.0005482567681206555,-0.00013462702433265867,-4.092852274576614e-05,0.00011470582750107186,-4.6981705559611715e-05,-0.00016681353251137896,-3.057056003148229e-05,0.00023293495178220922,-0.0005892117818196663
7,0.010785420735677089,0.0103838178846571,3.0835469563806226e-05,-0.00039460923936631104,0.0014523400200737876,-0.0012008878919813446,-0.00016032324896916666,-3.178914388004161e-06,-0.0006114641825358,-0.00020354655053881035,-0.0002186033460828889,-0.00018231074015298158,-0.0009511311848958334,-0.002403259277343755,-0.00024265713161893335,-0.0001598927709791326,0.0015491909450954776,-0.0005679660373263889,-0.0003477732340494889,-0.008259243435329867,-0.00030634138319228884,0.0019001430935329776,-0.006553649902343755,-0.0005171034071180555,0.027499728732638888,-0.00014071994357638888,0.008780585394965278,0.0013437271118163967,-0.0002758238050672743,0.00026024712456597783,0.00010299682617188893,0.006036970350477445,0.009839587741427942,0.006193584865993911,0.0005366007486978666,-0.0061399671766493,0.0001316881842083384,-0.003250969780815967,0.016391330295138888,-0.006215201483832467,-0.0013995700412326333,-0.00014898512098522222,-0.00043906105889213024,-0.0008584393395317926,-0.0008327696058485444,-0.00043805440266925553,0.00015396542019314237,-0.0006972418891058889,-0.00013393825954861112,-6.533993615043653e-05,-0.0013176070319281666,-0.0003657870822482667,7.004208034939167e-05,-0.00010159280565050054,0.00019105275472005556,-5.616082085503334e-05,4.079606797959166e-05,-0.000129964616563592,-0.00035116407606337777,-0.0027279324001735997,-0.001013861762152789,-0.0002112388610839795,-0.0006620619032117889,-0.00020790100097656112
8,-0.001286983489990219,-4.831949869791112e-05,-0.0004180404875013462,-0.0002934137980143344,-0.00015663769510055779,1.2967321607792621e-05,-2.152389950220149e-05,1.8742349412890146e-06,-0.00022061665852862223,-4.7107537587473996e-05,-0.005194769965277778,-6.167093912759653e-05,-0.00014811091952853664,-0.0006145901150173444,-0.0021616617838541665,7.271766662596266e-05,-0.00029320187038844446,-0.0006408691406249888,-0.00021855036417640314,-0.0026753743489583335,-0.0025041368272569445,-0.0004966523912217763,-0.0007795757717556333,-0.00014930301242405554,-0.00011364618937173368,-0.0003210703531901,0.0006504588656955222,0.0005689197116427888,-0.0003149244520399222,-0.00031435489654539346,0.00010358624988132816,-0.0012232462565104,-0.00014719698164196188,-0.0005386140611436779,-0.00043990876939561073,-0.0001025729709201111,3.978941175671076e-05,-0.0002988311979505751,-0.00044372346666124267,-0.0004376305474175334,-0.0010303921169704776,-4.6372413635237935e-05,-0.0002737575107150573,0.0003443823920355778,-0.0002537833319769909,-0.000255372789171,-0.0011070039537217973,-0.00023015340169268473,-9.512901306149912e-05,-6.123383839924505e-05,-0.00010646714104547273,0.0003892083962758493,0.00022644466824001737,-0.00037839677598741113,-0.0001329845852322,-0.00010908974541557777,-0.0010223388671875,-0.00036708513895670293,-0.0016135109795464332,-0.0007103814019097222,-0.0003130171034071223,-0.0034620496961805555,-0.00013585885365801189,-1.1940797170006727e-05
9,-0.00041813320583768056,-0.0008372134632534451,-0.001102023654513889,-0.0017166137695312444,-0.00022395451863607777,-0.00048531426323783337,-0.0006130006578233563,8.879767523873335e-05,6.898244222006666e-05,-0.0012024773491753557,-0.0003245406680637019,-0.0005557801988389777,-0.0010469224717882001,-0.0019319322374132,-0.0021425882975260554,-0.0004819234212239666,-0.00011849072244430327,-0.0009235805935329888,-0.0010604858398437665,-0.0004132588704427111,-0.0005239645640055338,-0.0007318920559353223,3.560384114584446e-05,-0.0010426839192708445,-0.00012599097357855068,-0.0012891557481553777,-0.0003056526184082,0.00013483895195855278,-0.0006300078497992788,-0.0003092024061414889,-0.00019359588623044444,0.003904448615180133,-2.417713403701782e-06,0.0009021759033202999,-0.0020472208658854113,-0.0003709793090820333,0.00012307696872287778,-4.284911685519783e-05,-0.001052565044826937,-0.003289116753472222,-0.0007044408056470882,-0.004220962524414066,-0.0005930794609917403,-0.0011936293707953414,-0.0005644692314995777,-0.00027635362413195555,-0.00016233656141493335,2.988179524741111e-05,-0.0008055369059244889,-0.0009727478027343777,-0.0008948511547512521,-0.003179656134711377,-0.011837429470486112,-0.0006283654106987889,-0.0003950330946180333,-0.001095056533813493,-0.0007652706570095445,-0.0004962285359700556,-0.00021637810601128052,-0.0008676317003038222,0.00024302800496418017,-0.0020345052083333335,-0.0005354351467556437,-0.0018554263644748221
10,0.0013029310438368,-0.003457758161756722,-0.0004623201158311556,-0.00041876898871526875,-0.004673851860894097,-0.002500322129991311,0.0005344814724392444,-0.0032331678602430555,-0.00024080276489256146,-0.001959906684027778,-0.002739800347222222,0.00048298305935331115,0.0164337158203125,-0.0014720492892795112,-0.0018010669284396668,-0.0010336769951714354,0.00034628974066841116,-0.00047932730780707186,-0.0007173750135633777,0.0016263326009114667,0.0013164414299859108,-0.0006411340501573406,-0.0005331039428711,0.0027936299641927,-0.0014508565266927,-0.0017274750603569935,-0.0035387674967447776,-0.0009171432918972383,-0.0037833319769965223,-0.00024276309543184443,-0.0017140706380208222,-0.00023820665147568885,-0.009328206380208334,-0.007381545172797315,0.01922353108723958,0.0007960001627604444,0.003265380859375,-0.0005224015977647556,0.0038130018446180555,0.0008349948459201222,6.466441684299045e-05,-0.0008210076226128444,-0.0025738610161675332,-0.0018291473388671875,-0.0007993910047743111,-0.0017433166503906224,-0.0006380081176757778,-2.3815366956916478e-05,-0.02532958984375,0.0011918809678819445,-0.0006256103515625,0.012068854437934021,-0.00043810738457574,-0.002896785736083993,0.0010599560207790889,0.0994873046875,-0.0006597306993272556,0.00038825803332858473,-0.0007794698079426999,-0.00027396943834092215,-0.00018424457973903593,-6.103515625e-05,-0.001434432135687934,0.00022167629665798891
11,0.0013239516152275877,-0.0002835591634114556,0.0088043212890625,0.00019963582356772222,0.003553178575303811,0.0007131364610460222,-0.001406351725260411,0.0002287758721245778,-0.0005552570025126139,-0.00027741326226127434,0.0001820723215739085,-0.00035418404473197806,-9.218851725259998e-05,-0.0002859963311089284,-0.007044474283854167,0.0007150438096788056,-0.0006936391194661333,-0.0005781650543213086,-0.0012993282741970667,-0.0007065667046441001,-0.0014699300130208333,0.0013176600138346444,-0.0014644198947482779,-0.002195146348741311,-5.224347114562954e-05,-0.00010612275865341629,-0.00025304158528645555,-0.0004980299207899334,-6.235970391166701e-05,-0.0010964075724283777,-0.00046454535590277775,-0.00013653437296547708,-5.364418029782382e-06,-2.866321139865869e-05,0.00025383631388347467,-0.00018660227457682223,-0.0003068712022569389,-0.00048817528618706453,-0.00013539526197643733,-0.00026109483506944726,0.00013539526197646926,0.0009564227528042319,-0.00039291381835938194,-7.06778632269743e-05,-0.0029401249355740016,-0.0002730687459309889,9.075800577798889e-05,-5.131297641328281e-05,-0.005940755208333333,2.0821889241522918e-05,-9.939405653211112e-05,-9.00692409939111e-05,0.0001020431518554667,-0.0011599328782823351,-8.010864257812222e-05,0.0002371470133463555,-0.011483086480034722,-7.51283433702333e-05,-0.0004461076524522667,-0.0008351008097330778,-0.00027847290039059995,-0.0007754431830512,-0.0002812279595268889,-0.002191437615288633
12,-0.0016521877712673556,2.982550197177012e-05,-0.00041585498385958924,-0.00021378199259439968,-0.00201416015625,-0.00037701924641927775,-0.0006375842624240667,-0.00014548831515843335,-8.873144785561898e-05,-0.0035417344835069445,0.0002210670047336141,0.0001550118128458548,0.00015433629353842258,1.3775295681399988e-05,-0.002080705430772567,-0.00033044815063475516,-0.00013473298814562466,0.0007901191711425781,-1.1609660254589273e-05,-0.00031510988871254355,2.945793999565553e-05,-0.00032340155707466663,-4.7736697726778824e-05,-0.00018893347846136665,-0.009063720703125,-0.004323323567708333,-0.002961052788628489,-0.007466634114583333,-0.003800392150878901,-0.0031242370605468663,-0.0004944271511501555,-0.0027330186631944445,-5.147854487100195e-05,-0.00022490819295246703,-5.1418940226224475e-05,-0.0011988745795355777,-0.002704196506076389,-0.0001194212171766368,-0.000184482998318125,-1.788139343261268e-05,-0.00013051099247402546,-0.0033752653333875868,-0.00017558203803169997,-0.0007632573445637993,-0.0015137990315755333,-0.0007332166035970112,0.0002867380777994777,0.00021341111924914446,0.006167941623263889,-0.00013077259063720424,-2.4653143352916427e-05,-0.00027545293172198996,-0.0005029042561848847,6.386968824599079e-05,-8.365843031140933e-05,-0.0006244977315266878,0.2710503472222222,-0.0003813637627495556,-0.002826001909044043,-0.0005528132120768221,0.0005629857381184666,0.0009663899739583109,-0.06011962890625,-0.024848090277777776
13,-0.0001788139343261754,0.0040689044528537215,-0.007615831163194444,7.311503092455578e-06,-4.31272718641778e-05,-0.0008591545952691001,-0.006598154703776056,-0.0004889037874009957,-0.001102977328830289,-0.0008714463975694445,-0.0006870693630642444,-0.0010274251302083333,-0.0018028683132595331,-0.003028021918402778,-0.0009174346923828112,-0.0008756849500868111,-0.0008112589518229111,-0.0023223029242621556,-0.003475613064236111,-0.001098102993435344,0.0024397108289930555,-0.0004896587795681333,-0.0029856363932291665,-0.0012976328531900888,-0.0030992296006944445,-0.0016907585991753334,-0.0009133021036783888,0.0005132887098524222,-0.00020533137851290188,-0.00033844841851128887,-5.76972961425743e-05,-0.0004508097966511988,-0.0019941859775119302,-0.0005313025580512111,-0.000716010729471848,0.0006321801079644001,0.0004656579759385889,0.0015236536661783777,-0.006254408094618056,-0.005250718858506955,-0.0002840889824761333,0.0002186033460828889,0.0015759997897678,-0.00030050012800430896,-0.0022329224480523,-0.0016268359290228867,0.0001694493823581327,-0.0001158184475369,-0.0013706949022081107,-0.0010525253083970812,-0.00018490685356986665,-0.0010638766818576223,0.0005914833810594347,-0.0001472896999783,-0.0005924966600205999,-0.0007642043961419028,-0.0011043548583984444,0.00019600656297474148,-0.00017547607421874442,-0.00016420417361787476,-0.0014098485310872445,0.003894382052951389,-0.0001521110534668024,-0.0003887282477484531
14,-0.0012560950385199444,-0.004018147786458333,-0.0017246670193142445,-0.0008494059244791444,-0.0038553873697916665,-0.0002915064493815,-0.003638373480902778,-0.00037293963962132224,0.018714057074652776,-0.012718200683593757,-0.04769558376736111,-0.0025280846489800332,0.0022871229383680555,0.002897792392306856,-0.000879711574978289,0.06135219997829861,0.007005479600694444,0.3766276041666667,0.016160753038194444,0.08148871527777778,0.0611572265625,1.5889756944444444,0.003158251444498711,0.018954806857638888,0.00027635362413194444,-0.001756032307942711,-0.0010011461046006889,4.291534423828541e-05,0.0012659496731228556,-0.00017547607421874442,-0.0016157362196180555,0.2422214084201389,0.0006226433648003445,0.061279296875,0.016356574164496523,0.001541402604844849,0.021275838216145832,-0.0027567545572916665,-0.002371893988715278,0.0010450151231553555,0.0022587246365017447,0.005124409993489578,-0.004665798611111111,-0.004351721869574655,-0.0013902452256944332,0.05908203125,0.005408393012152778,-0.0027262369791666665,0.00039121839735242216,-0.0010968049367269005,-0.0008672078450520777,-0.0007874435848659952,-0.00034046173095705554,0.0005395677354600556,-0.0006192525227864445,-0.00029712253146703334,-0.00027296278211805556,0.00020980834960936665,-0.0007721053229437948,0.00022983551025391113,-0.002426359388563378,0.0005304548475477445,0.002285109625922311,-0.0002875857883029778
15,-0.0004344781239827543,-0.0005374484592013667,-0.0009320576985676889,-0.00031524234347873333,-0.004807949066162109,-0.0013411839803059889,-0.0013877020941840334,-0.003209855821397567,-0.011439323425292957,0.0005377663506402,-0.003718905978732644,2.9246012369822242e-05,0.004017406039767789,0.08007897271050347,-0.00014156765407986665,0.0029500325520833335,0.05220794677734376,0.0009710921181572544,0.12302992078993055,0.2777184380425347,0.5977647569444444,-0.0915739271375868,0.0269775390625,-0.0705905490451389,-0.0019056532118055555,-0.0011054144965277778,-0.001040458679199211,-0.0009509192572699444,-0.004626803927951389,-0.00020829836527504843,-0.0005836486816406111,-9.939405653211179e-05,-0.0007476806640625,-0.0007247924804687556,-0.0009960598415798445,0.00045951207478842825,-0.0005213419596354111,-0.005560980902777778,-0.00018257564968534448,-0.0005384021335178112,-0.0004833009507921111,0.0676608615451389,-0.0014623006184895778,-0.006922403971354167,-0.00023281574249266884,-0.013071695963541666,0.0008345709906683999,0.0010939704047309002,-0.0002743403116862056,-0.00024464395311143316,0.0110155741373698,0.00019857618543836665,-0.0019553502400716,-0.0040490892198350665,0.016762627495659724,0.0011198255750868111,-0.00045858489142520844,-0.0006419287787543333,-0.003211975097656245,0.0011072158813476554,0.00014241536458333334,0.006572935316297744,0.0004032452901204302,0.0024000803629557112
16,-0.000621583726671,0.0005119244257608883,-0.0005859798855251555,0.0007818539937337336,-0.00022766325208876563,0.0013147989908854,-0.0029304292466905335,0.0006522072686089465,-0.0018955336676703554,-0.00047132703993055133,-0.0002917183770073555,-0.004684872097439233,-4.816055297850659e-05,-0.002640618218315967,-0.0004512733883327824,-0.0008044772677951445,-0.0001900990804036479,-0.003739727867974175,-0.006140073140462233,-0.00017393959893118299,-0.00046931372748481106,0.0005706714259253664,-0.0013400846057468033,-0.0006014506022135334,-0.00045148531595866966,0.0016619364420573,-0.0013198852539062444,-0.012366400824652778,-0.008560392591688356,-0.0018755594889323002,-0.004204644097222222,-0.0088958740234375,-0.0009290907118055555,-0.0002911885579427,-0.00011952718098957775,-0.0006518893771701333,-0.011323928833007821,0.1440090603298611,-0.002393086751302078,-0.0015860663519965221,0.002862930297851567,0.0025736490885416665,-0.0012321472167968668,-0.010364956325954867,-0.0016296174791124258,-0.0007514953613281111,0.16569010416666666,0.23977152506510416,0.0005090501573350667,-5.812115139428716e-05,-0.0006614791022406628,0.0008902549743652371,-0.00026151869032117774,-0.0014545652601453888,-0.0001272426711188547,-7.941987779404271e-05,-0.0006578233506944445,0.003421359592013889,0.0006029076046413661,-0.0009332663483089871,-0.0017835828993055444,-0.004489898681640634,0.009704165988498267,-0.0001246399349636543
17,-0.001620822482638889,-7.132689158121259e-05,-0.00013518333435058594,-0.0016051928202311199,-0.0006618234846327068,0.0005332099066840334,-0.0012898974948459146,-0.003533257378472222,8.964538574217777e-05,-0.013187408447265622,0.04507107204861111,-0.0029237535264756997,-0.10321066114637585,0.0004215240478515666,-0.0007290310329861111,-0.0006294250488281332,0.0043847825792100665,-0.0016338825225830052,0.1524997287326389,0.0060500038994683114,-0.009234958224826378,0.0024333530002170222,-0.002203358544243689,0.0058924357096354334,0.047036064995659724,0.0333980984157986,0.017636828952365444,0.4891323513454861,0.0318145751953125,0.038062201605902776,0.025627983940972224,0.01513528823852539,0.0015186203850640213,6.951888402303962e-05,0.00020323859320747775,-0.00032234191894532226,0.0004430347018771556,-0.00019942389594184443,0.0013186136881510443,0.0013931062486436554,-0.0007450845506456094,-0.00026363796657985554,-0.00012629230817160126,-0.0022519429524739554,0.00012652079264323336,-0.0008694330851236889,-0.0002664989895290556,-0.0001993179321289,0.14130995008680555,0.0008375379774305668,-0.00032085842556424447,0.0011215209960937444,0.010281032986111112,0.00851652357313369,0.001002417670355911,0.008031633165147566,0.0163633558485243,0.019171820746527776,0.021687825520833332,-0.04986233181423611,0.04027981228298611,2.0629340277777777,-0.2099338107638889,0.004875183105468745
18,0.0016759236653645778,-0.0017479790581597222,0.01913664076063369,-0.0009780459933810778,0.09663899739583333,-0.015282524956597222,0.08466254340277778,-0.013454861111111112,0.008694966634114589,0.04764980740017361,0.08454725477430555,0.0007820129394531333,0.021223280164930556,0.10682593451605903,0.016018337673611098,0.0010077158610025778,0.010505676269531257,0.004107369316948778,-0.008500840928819444,-0.0008180406358506889,-0.004477606879340278,0.009599049886067699,-0.0010313060548570478,-0.0012953016493055555,-0.0009922451443142445,-0.00044661098056368527,0.0006277826097276518,0.0033969879150390556,-0.0023176405164930555,-4.916720920138889e-05,-0.0006995730929904555,-0.001360575358072911,-0.002553515964084189,-0.0019365946451823002,-0.00025335947672526667,-7.20553927952237e-06,-5.891587999133332e-05,0.0003989007737901445,0.00021208657158745174,-0.00037913852267795555,0.0208646986219618,0.12471856011284722,0.005586836073133667,0.7685275607638888,0.03379185994466146,0.8888346354166666,0.0008860694037543445,0.04098849826388889,0.0996365017361111,0.026143391927083332,0.04348415798611111,0.011983235677083334,-5.695554945204267e-05,-0.0008763207329643999,0.004567464192708333,0.003350151909722222,0.001922607421875,-0.0014105902777777778,0.011649237738715278,-0.026475694444444444,-0.002795749240451389,-0.0074462890625,-0.0008527967664930555,0.0003871917724609327
19,0.060479058159722224,0.012835078769259978,0.0027118259006076333,0.008691575792100689,0.6647135416666666,0.0005609724256727556,0.014417860243055556,0.0010732014973958333,-0.001533296373155389,0.002192285325792106,0.0032430224948459332,-5.8492024739577745e-05,0.0005213419596354333,0.005160861545138889,0.0009036593967014,-0.00031873914930554456,-0.0008034176296657889,-0.01263427734375,0.0028550889756944445,-0.0005408393012152778,-7.873111300995974e-05,-0.0001720852322048555,-0.003211233350965711,-0.004164801703559023,-0.002825207180447044,7.273091210260025e-05,-0.0014928181966145778,-0.002210405137803822,0.0003018909030490466,-0.0004362530178493887,-0.0014576382107204778,-0.0015025668674045112,-0.0003161960177951556,-0.005555046929253477,0.054250081380208336,0.003195020887586811,0.007702085706922734,0.0035684373643663225,0.03413560655381945,0.061041937934027776,0.00013293160332574966,-0.0007832845052083111,0.0004111395941840195,-0.003902435302734378,-4.91672092013999e-05,-0.0003596941630045556,0.0008786519368489557,0.00039376152886284725,-0.0007578531901041666,-0.00014781951904294235,-0.003436618381076389,0.00022644466824003337,-0.0010308159722222222,0.0009316868252224336,0.0005459255642361111,-0.000547197129991311,-0.0019158257378472222,-0.0004818174574110111,-0.00012418958875866668,-0.002784729003906245,0.0017139646742078888,-0.0006801817152235222,-0.0009270244174533365,-0.0016123453776041667
20,0.0014392005072699889,0.008919609917534722,0.0008405049641927,-0.0005796220567491222,0.003330654568142356,-0.0008273654513888889,0.007973988850911468,0.0005160437689887112,0.0021391974555121556,-0.005008273654513889,0.0012849171956380223,-0.0005124409993489666,0.0026571485731336666,0.004911210801866299,0.007053799099392367,-0.0012376573350694445,-0.0001505745781792222,0.001317554050021689,-0.00016578038533527674,-3.052420086330699e-05,-0.000389046139187267,0.010885450575086799,0.0008682674831814221,9.489059448241698e-05,2.7550591362930705e-06,-0.0001790788438584778,-6.230672200518299e-05,-0.00011221567789711108,-0.00031990475124783334,0.00010299682617189999,-0.0003530714246962001,9.700987074111631e-05,-0.0005374484592013777,-0.0001808802286783778,-0.00031699074639216667,-0.00019592709011500003,2.8689702351900542e-05,-0.0009252760145399223,0.009986029730902778,-0.0002246432834201333,-0.0008855395846896778,-0.00017277399698891838,-0.00016291936238606493,-0.0004692077636718667,-0.00014903810289169166,-6.2386194864896e-05,-3.978941175671354e-05,-0.0007091098361545111,1.864963107638889e-05,-0.0021684434678819445,0.002946217854817711,0.007100423177083333,0.004842122395833333,-0.0005488925509982667,0.0008233388264974,0.0004653930664062556,-0.00012376573350694444,-0.0005425347222222222,0.006639268663194434,-0.007029215494791667,0.023902893066406257,0.012946234809027778,-0.015248616536458334,-0.0182050069173177
21,-0.00020090738932292221,2.516640557182325e-05,-0.00010739432440863335,-0.0007319980197482583,-0.0002374980184766634,-9.022818671333298e-05,-0.00015534294976126664,-3.634558783637222e-05,-5.7723787095828993e-05,-0.0002192391289604778,-0.0003395080566406,-0.000176535712348075,-9.420182969835555e-05,0.0001993974049886113,-0.0001744164360894,-6.919436984589995e-05,-0.001217312282986111,0.04443105061848959,0.0063650343153211775,-0.008031209309895834,0.024739583333333332,0.006456163194444444,0.0027808083428276778,0.00022549099392361112,-0.011289808485243046,0.008304807874891488,0.06941053602430555,0.0009346008300781335,-0.0015068054199218668,0.033464643690321184,-0.1092529296875,0.036933051215277776,-0.0029233296712239554,0.22944810655381945,-0.002602471245659722,0.011552598741319444,-0.006310356987847222,-9.600321451822223e-05,0.029868231879340276,0.251708984375,0.0004433525933159776,-0.010309855143229166,-0.003451877170138889,-0.002246856689453144,-0.007309807671440966,-0.0008763207329644001,-0.009270562065972222,-0.0028040144178602447,0.014176951514350037,0.0007620917426215222,0.07628038194444445,0.01134978400336372,0.002022213406033,0.0011272430419921777,-0.0053558349609375,0.0008204248216416961,0.00986968146430121,-0.006744808620876733,-0.004506429036458333,0.012701246473524311,0.04117160373263889,-0.1617219712999132,-0.0016780429416232779,0.18922254774305555
22,1.2185838487402082e-05,0.00016670756869843282,-0.0005354020330641199,-1.0755327012830205e-05,4.771020677352656e-05,0.00010844733979966765,-4.227956136067571e-05,0.00012620290120441113,0.01947593688964843,0.027713351779513888,0.0025469462076823,0.009348551432291666,0.006679640875922311,0.05490451388888889,0.09530470106336805,8.053249782985553e-05,9.576479593912968e-05,-4.367033640545008e-05,-3.214677174884991e-05,-2.373920546637085e-05,-1.1470582750095316e-05,-6.604194641113766e-05,-5.470381842726821e-06,9.43773322635074e-05,0.004320409562852647,-0.0014512803819444332,0.0002907647026909666,0.0025770399305555555,0.00045394897460935554,6.28365410699111e-05,0.00011836157904730002,-0.002188788519965278,-2.7762518988733275e-05,-0.0034817589653862776,-4.7471788194444445e-05,-0.0002207524246639578,-0.0017479790581597222,-0.0003183152940538111,-0.0014637841118706777,-0.0012427435980902667,-4.900826348199549e-05,4.259745279946736e-05,-4.02662489149243e-05,5.5948893229144404e-05,0.00039905971950952396,0.00018601947360567743,-2.377563052707526e-05,0.00020408630371093335,0.004964192708333333,0.0017816755506727445,0.017342461480034724,0.004180060492621523,-0.0022532145182291557,0.002655029296875,0.0896267361111111,0.009575313991970489,0.00012540817260743022,1.1126200357895921e-06,0.00010770724879368225,-0.00011531511942547727,-0.00017335679796008887,0.00043906105889212596,-0.0008430480957031333,0.0005484686957465334
23,-0.0007192028893364786,-9.059906005855555e-05,-0.0004312727186414778,-0.0009532504611545223,-0.0006359815597534047,-0.0002698898315429667,-0.0005975895457797274,-0.0004290474785698555,-0.0011884901258680555,0.04335361056857639,0.005859375,0.03459337022569445,0.022020128038194444,-0.013698895772298166,0.026734246148003477,0.09990776909722222,-0.012118869357638888,0.006231307983398422,2.9351976182744462e-05,-0.010118272569444444,0.002523634168836811,-0.0058135986328125,0.033385806613498256,0.04532411363389757,-0.00012783209482829054,2.0821889241557274e-05,-8.781750996907552e-05,-0.00010359287261962613,-0.00040568245781793367,0.0002911885579427111,-0.0004791948530408807,-0.00021897421942813192,0.0016139878167046378,0.0006243387858072889,0.002741283840603311,0.010361565483940967,0.015470292833116323,0.0023394690619574555,0.03839450412326389,-0.005211724175347222,0.0032484266493055555,0.19858805338541666,0.10942247178819445,0.043023003472222224,0.042778862847222224,0.017790900336371526,-0.0028584798177083335,0.025641547309027776,0.047215779622395836,3.065003289116787e-05,0.0024083455403645887,-0.0006936391194661555,0.0008259349399142823,0.007965087890625,0.0011491775512695321,0.0013487603929307767,-6.435977088080789e-05,-0.00014125969674853685,0.0009646945529513777,1.610649956597779e-05,-7.814831203885276e-05,-0.00011083814832899099,-4.2186843024361194e-05,-9.277131822373158e-05
24,-0.004391140407986111,-0.0031645033094618003,-0.00969129138522679,0.030968560112847224,0.0009985764821370234,0.021430121527777776,-0.002596961127387122,0.0029873318142360997,-0.00010123517778186347,-9.112887912334029e-06,-8.519490559894444e-05,-6.548563639323336e-05,0.0002831353081597333,-8.371141221787778e-05,2.1192762586799964e-05,-0.00010930167304143331,0.00020832485622828887,9.197658962671181e-05,-8.657243516708891e-05,4.647837744817996e-05,0.0001644028557671559,0.00037468804253471113,0.004688686794704856,-5.851851569281474e-05,0.00013658735487195555,0.0003884633382161334,1.8967522515177772e-05,3.07295057508569e-05,-0.00010739432440865242,0.0011745029025607666,0.0046730041503906215,0.001342667473687078,-0.0008192062377929666,-0.0029538472493489554,-0.002607133653428822,-0.0035336812337239554,-0.0007593366834852444,-0.00012016296386716945,-6.824069552949999e-05,-0.0007161034478081667,0.0007294548882378334,0.015184190538194444,0.004231770833333333,0.0003785027398003555,0.0035150316026475777,0.001523759629991322,0.011419508192274311,0.0033916897243923667,0.0014250013563368111,-4.91672092014e-05,-0.0002560085720486111,0.0008260938856336889,-0.000338077545166,2.394782172309306e-05,-6.683667500812826e-05,0.007482740614149322,-9.491046269733137e-05,3.372960620453424e-05,-3.682242499457603e-05,-5.091561211479722e-05,-0.00010214580429923053,-5.406803554958212e-05,-5.782312817043138e-05,5.0544738769526723e-05
25,-2.9961268107090114e-05,0.00024722682105170077,0.0003548463185628255,-4.318025377060729e-05,-8.010864257810001e-05,1.4623006184897225e-05,-5.3140852186412145e-05,2.352396647136667e-05,0.004855685763888889,3.327263726127778e-05,-0.0002488030327691,0.012125651041666666,0.0009271833631727486,0.00013966030544706668,-0.002902560763888889,0.01620229085286458,-0.00011522240108911831,-8.289019266762726e-05,-3.48952081468273e-05,-8.645322587753915e-05,-8.702278137206338e-06,-6.278355916341007e-05,2.88751390246858e-06,-0.0002645651499430044,-0.000126441319783521,-0.00014623006184894446,-0.000140666961669917,-6.557835472954228e-05,0.0011422899034288113,-0.00010601679484048158,-0.0003087057007683453,0.00011608335706923726,0.00701602300008138,0.007118013170030389,0.004846360948350689,0.003943655225965711,0.0006179809570312444,-0.011235555013020834,0.029503716362847224,-0.005178027682834211,-0.00022808710734047397,-7.496939765070656e-06,-2.7020772298175358e-05,-9.518530633714326e-05,-0.00034162733289930003,0.0007154676649305667,2.698103586832474e-05,2.56631109449654e-05,-0.0002569622463650111,-0.00043119324578178416,-0.00011364618937174202,-0.00021839141845698888,-0.00037797292073566454,-8.811553319294274e-05,-9.801652696395381e-05,-0.000622855292426209,-0.00020101335313585546,0.0780978732638889,0.00250244140625,-0.0010511610243055555,0.00970458984375,-0.00025728013780381114,-0.0011342366536458333,0.005735609266493066
26,-0.00022617975870768643,-0.000520666440327965,-6.808174981009688e-05,-0.0008832083808050888,0.0003929138183593778,-0.0012639363606770778,-0.00026957194010414446,0.0005052354600694445,-1.9417868720163368e-05,-3.570980495874445e-05,-0.0003232955932617,7.152557373045139e-05,-6.641281975639148e-05,-2.8000937567803636e-05,2.5126669141975092e-05,-3.2742818196609016e-05,-0.00019203954272797868,-0.00019428465101453647,-0.00013499789767795555,5.801518758138298e-05,0.00013775295681425553,-9.322166442869775e-05,-4.927317301431111e-05,-0.0005219777425130333,-0.09824625651041667,0.0068658457862006295,0.005616929796006944,0.1538628472222222,0.1314019097222222,0.026151657104492177,-0.012980143229166666,0.023279825846354168,0.0004523065355088906,0.0035156673855251774,-0.004615783691406245,-0.0004408094618055334,0.004293123881022136,0.0033004548814561745,0.0007500118679470638,0.028505113389756944,0.038228352864583336,0.00013865364922418925,0.0001811981201171882,0.00019491381115384058,0.00041845109727650003,0.001263088650173611,-2.42657131619e-05,6.855858696832013e-05,-0.0010675854153103222,-0.0008612738715277778,-0.0029034084743923667,-0.00019062889946833332,-0.0014863014221191363,-0.004755655924479167,-0.0013987223307291667,-0.0013665093315972333,0.0005747477213541778,0.0007478925916883778,-3.577603234184279e-05,-0.0005844963921441001,-7.375081380206666e-05,-2.8928120930981247e-05,0.0006402333577474001,-0.00017113155788844446
27,-3.825293646917709e-05,-0.00023778279622396666,-0.0003019968668619777,-0.00032931566238404773,-0.0006385379367404555,-0.00038043657938638425,-0.0002801418304443394,-0.0005702442593044629,-9.197658962673332e-05,0.011430528428819444,0.001256863276163737,0.0007034937540689927,7.714165581597783e-05,0.0055520799424913225,0.004473368326822911,0.005517323811848944,-0.005223592122395846,0.0084991455078125,0.04150051540798611,0.004022386338975689,0.006902058919270833,0.2223578559027778,0.05726453993055555,-0.011322445339626746,-6.0611300998266614e-05,-0.0001383887396918333,-0.00019878811306422222,-0.0008773803710937444,-0.00025759802924262714,-0.0019225014580620666,7.046593560113126e-05,-0.0005171034071180444,0.018115573459201388,0.0054779052734375,0.0746188693576389,0.017659505208333332,0.03428819444444445,-0.0014851888020833333,1.1203342013888888,-0.009711371527777778,0.05184925927056207,-9.539392259386685e-05,0.005097283257378467,0.0032859378390841998,-0.003058539496527778,0.0012883080376519,-0.002449035644531245,-7.237328423394445e-05,0.005106608072916667,0.002801683213975689,0.09482659233940972,0.005905575222439233,0.005003187391493066,0.027139451768663187,0.01616965399848091,0.011604838901095921,-0.0001926422119140556,-0.0004669560326470213,-0.0007137722439236111,0.0003674825032552,-0.0006004969278971445,0.0003598531087239666,-0.003163231743706589,-0.0009525616963704445
28,-0.0028856065538194445,0.07346004909939235,-0.016710069444444444,0.009912278917100689,-0.00011571248372395544,-0.038798014322916664,0.027652316623263888,-0.0030553076002332925,0.038246578640408,0.005297131008572044,0.003490871853298611,0.07550938924153647,0.005252414279513889,0.0020450486077202823,0.0024066501193576333,0.0009064939286973715,-0.0010613335503472222,0.0007603963216145889,0.014161639743381083,0.00019311904907226565,7.634030448066143e-05,0.0014726850721571221,0.0037663777669270887,0.0022490819295247558,0.0013043085734049556,-9.616216023762184e-05,0.0005452897813585119,0.0004963344997829778,0.0003771252102322167,-0.0005018446180555555,7.025400797527778e-05,0.0012728373209635556,-0.00011475880940753194,5.245208740245463e-06,-7.883707682290035e-05,-0.00021908018324108577,-0.00011481179131401596,-4.9922201368527864e-05,-4.9498346116797305e-05,-0.0001429981655544705,0.013393825954861112,0.0017844306098090332,0.004601372612847222,0.032414754231770836,0.0004942152235243109,0.021401299370659724,0.0014188554551866227,4.0690104166666664e-05,3.316667344836666e-05,7.36978318956191e-05,8.692344029744323e-05,0.00011152691311306667,-3.904766506616563e-05,-3.0199686686267427e-06,-2.8941366407590713e-05,8.879767523871665e-05,9.865230984160004e-05,0.0049737294514974,5.192226833747225e-06,0.0001526143815782481,0.00011295742458768474,0.0003268983629014667,5.862447950575782e-05,0.00045108795166016666
29,0.00015642576747471818,0.0006704860263400705,0.0005185869004991222,0.0001906255880991635,0.0008051130506727444,0.0016890631781683889,0.007849799262152778,-4.0200021531844695e-05,0.015867445203993056,0.06889173719618055,0.028627183702256944,0.0020512474907769,0.015920003255208332,0.04995473225911459,0.0016547309027777778,0.020041571723090276,3.834896617465826e-05,-0.00011889139811196666,0.0003225538465711666,4.243850708006909e-05,-0.0001442167494032,-5.6187311808264785e-05,-0.00015862782796225556,-3.009372287326666e-05,-0.010127597384982633,0.010823567708333334,0.006034003363715278,-0.028964572482638888,0.024438646104600687,0.018441094292534724,0.04911888970269098,0.03262710571289063,0.00014474656846790002,-1.3563368055533329e-05,0.00014834933810765557,-0.003033108181423611,-0.0002475314670138778,-4.4080946180555575e-05,-0.00032467312282983326,0.0004043579101562556,0.0004681481255425334,0.00040843751695422535,0.001447041829427089,0.000391605827543488,0.0004561742146809868,0.0008781221177843002,0.005766126844618056,0.00010535452100965779,0.0030896928575303772,0.000445736779106975,-9.738074408638886e-05,-0.005577935112847222,-2.423922220882582e-06,-0.014300876193576388,-0.0011293623182508778,0.022115071614583332,0.06645965576171875,-0.009891086154513888,-0.0024954477945963666,-0.0004069010416666667,0.013522254096137156,0.020841810438368056,0.004347059461805556,0.002487924363878053
30,-0.006094614664713556,0.0032051934136284777,-0.0013451841142442678,-0.0015743838416205486,-4.0756331549764315e-05,-0.004031711154513889,0.002357482910156245,-0.0038204193115234444,-0.0011850992838541667,7.241302066378984e-05,5.437268151176259e-05,-8.979108598494956e-05,0.0018870035807291667,0.00021362304687501114,-8.821487426756666e-05,-4.371007283528368e-05,-2.432862917583027e-05,-7.539325290256737e-05,-9.155273437497781e-05,0.00020196702745224442,0.0002358754475911445,-9.960598415784022e-06,-0.00020408630371092777,0.0009481641981336777,0.04808637830946181,0.0004951688978407222,0.04322475857204861,-0.0017977820502387114,-0.001731660630967889,-0.008050494723849822,-0.026319715711805556,0.0038922627766927,0.0010302861531575555,1.4813368055555556,0.001366721259223089,0.1797756618923611,0.00020599365234373333,0.001658545600043414,0.0008742279476589592,0.06461588541666667,-0.005816989474826389,0.0006919436984592111,0.005262586805555556,-0.0023905436197916665,-0.003143310546875,-0.003445943196614578,-0.0011639065212673445,0.3587510850694444,0.05544704861111111,0.053999794854058154,0.0017776489257812665,0.001129150390625,0.3614637586805556,-0.006777869330512144,-0.011897193060980912,0.027148776584201388,-0.00037111176384817235,-0.0028516981336805555,0.008541531032986112,0.0018847783406575668,0.0011299981011284666,0.0017405615912543556,0.0014114379882812444,0.0005847083197699667
31,0.008349312676323778,0.0005773968166775,-0.0016504923502604222,0.026319715711805556,-0.001430935329861111,0.0009926689995659779,0.0006314383612738771,0.001701143052842889,-0.001558038923475469,0.0007389916314019223,1.6954210069444445e-05,-0.0003929138183593778,-0.0006671481662326333,-0.007814195421006944,-0.0007125006781684111,0.00013282563951280102,0.004186418321397578,-0.003306653764512795,0.009735955132378467,-0.0012338426378038113,0.0022404988606770887,0.010447184244791666,-0.007989671495225689,-0.0007968478732638889,0.0019102891286214038,0.0024609035915798667,0.014667087131076388,0.0150604248046875,-0.003680759006076389,0.0006882349650065334,-0.0004060533311632,0.029137505425347224,0.1031222873263889,0.15159437391493055,0.007805718315972222,-0.1038547092013889,-0.04286024305555555,-0.058264838324652776,0.3200412326388889,0.07205835978190103,0.0019855499267578108,0.00036811828613282226,0.0006171332465277778,0.014122856987847222,0.0018804338243272555,0.014057159423828122,0.004413180881076389,0.00013009707132976374,0.0013772116767035666,0.021674262152777776,-0.006246778700086811,0.027723524305555556,0.0012444390190972222,0.005498250325520833,0.004648844401041667,0.006551106770833333,-0.0001318189832899111,5.51541646321677e-05,0.0006217956542968668,0.00019211239284939655,0.0006421407063801889,-0.0008003446790907076,0.00046322080824111,-0.00034099155002169997
32,0.008383856879340278,-0.002345191107855889,-0.0007027520073784778,0.00016636318630641248,0.00012758043077258887,0.0005545086330837666,7.124741872150859e-05,0.00017261505126949374,-0.0005276997884114445,-3.957748413084236e-05,-0.0001447730594211113,-9.714232550725364e-05,0.0003339979383680556,9.960598415811127e-06,8.6890326606e-06,-0.0004265573289659309,0.004060533311631944,-0.0018422868516710111,0.0021192762586805555,0.00018154250250921905,-0.0029754638671875,0.0025193956163194445,0.1455620659722222,0.004195743136935767,0.00022946463690865556,-7.004208034941181e-05,0.0002611478169759198,-1.4834933810779167e-05,-7.841322157116663e-05,-2.1510654025600014e-05,-0.0001057518853081778,-1.9126468234596176e-05,8.779101901584615e-05,0.0006080203586154445,-0.0001690387725830064,0.00012254714965819478,0.0002677705552843,0.0006417168511284889,0.0001767211490207543,-4.567040337457778e-05,0.004266103108723956,-0.00014029608832463335,-5.298190645588275e-08,0.0044148233201768555,-0.0004052056206597111,0.002972073025173611,-0.00011094411214189993,-0.0007811122470431858,0.0074390835232204895,0.0003869268629286076,0.0031986236572265556,0.0001048644383748539,0.010386149088541666,0.0020481745402018284,-0.00043826633029514446,-0.0003530714246961667,-3.9683447943785755e-05,-3.963046603731109e-05,0.0005026923285590334,0.0004855261908637222,0.0014169481065538334,-0.00019466876983643272,0.00037648942735462226,0.0005338456895616333
33,0.0006756252712673701,0.0016831292046440998,0.00016298558976915423,0.0005580981572468944,0.00013322300381130088,0.00013685226440430002,0.00020228491889106667,-0.00020991431342229618,0.004346635606553811,-0.0006437301635742112,0.002506256103515611,0.003052393595377589,-0.001095241970486111,0.0013020833333333333,0.006779564751519088,0.0030186971028645887,1.0180121527777777,0.003002590603298622,0.048407660590277776,0.031117757161458332,0.0005528132120768174,0.0024278428819444445,-0.013492160373263888,0.014756944444444444,-0.0006942749023437444,5.025333828395573e-05,-0.00023041831122502118,-2.5749206542955546e-05,-0.0011295742458767334,-0.00025110774570038835,0.0007606082492404444,-0.00045866436428492814,-0.004443698459201389,-0.010983996921115454,0.0011308458116319445,0.0013019773695203888,-6.204181247285553e-05,0.0012158287896050334,0.0038945939805772553,0.001264254252115888,0.01896921793619792,0.0013987223307291667,-0.013290829128689233,-0.037773980034722224,-0.0012476179334852445,0.0188539293077257,-0.0031801859537760333,0.022839016384548612,0.0016835530598958333,0.0066475338406033,0.002829657660590278,0.0013071695963541667,0.0014894273546007001,0.0009570651584201333,0.002816730075412311,0.00022494792938232422,0.0013462702433268221,-0.0006904072231716556,0.0007848739624023333,-0.0002202987670898222,0.0016928778754340334,-0.0002973344590928778,7.471773359511884e-05,3.1689802805574345e-05
34,0.02222527398003471,0.020459069146050345,0.018675910101996533,0.00022633870442708893,0.14665603637695312,0.004436280992296011,0.020223829481336813,0.0020918846130371016,-6.60287009345223e-05,-6.993611653633305e-06,0.00030136108398436665,-0.00038695335388183594,0.0008838441636827334,-7.183021969266516e-05,-0.0002218882242838667,8.326106601290887e-05,-0.0002958509657118333,-0.00028991699218748894,-8.943345811628888e-05,-0.000304539998372375,6.145901150177803e-06,0.0005732112460666,0.0001757939656575333,-0.00014620357089571367,2.1616617838555352e-05,-0.011247422960069444,0.011539883083767367,-0.006822374131944444,-0.006820890638563377,0.0006934271918402778,-0.0003712972005208333,-0.007473415798611111,0.004305945502387144,0.005660163031684023,0.002776675754123267,0.0023538801405165112,0.0005148781670464221,0.008423699273003467,0.0002670288085937443,0.001588185628255211,0.0006752014160156111,0.0030357042948405003,0.012205335828993056,0.0062217712402343785,-0.009000142415364589,0.022210862901475687,0.00017674763997395555,0.005233446756998699,0.003658718532986111,0.007261488172743056,0.0006313323974609445,0.0008781221177842778,0.00035903188917372374,0.0015114678276909666,-0.00016069412231445172,0.003517150878906255,3.5974714491112174e-05,0.0003200107150607889,-0.00018975469801159428,0.0009147193696763564,7.373756832547424e-05,0.00043259726630317185,-0.00021349059210883038,0.0007519192165798556
35,0.010214063856336811,0.0025770134396023,0.005002763536241311,0.004931131998697918,0.0016093783908420222,0.009151034884982645,-8.201599121093335e-05,0.03513929578993055,-1.830524868433594e-05,-2.716647254096137e-05,9.271833631728123e-06,-0.0001758337020874051,-0.0029440985785590223,-0.0003525416056315111,-5.6081347995330035e-05,0.00014061397976345487,0.0014207628038194445,0.024163140190972224,0.004878997802734366,0.1777004665798611,0.01315498352050781,0.04405551486545139,-0.004111395941840278,0.002669016520182289,0.0038045247395833335,0.025015936957465276,-0.0007884767320420907,0.0051634046766493,0.01096895005967881,0.0014375050862630333,0.0017895168728298558,0.0010888841417100667,-0.003387451171875,0.012568155924479166,-0.001346164279513889,-0.004686143663194444,0.0084381103515625,0.015314737955729166,-0.0010460747612847222,0.0022128423055013022,0.07950645022922093,0.002225028143988711,0.051384819878472224,0.6626451280381944,-0.0036112467447916665,-0.01819313897026909,0.08600701226128472,-0.0022070142957899305,0.0030797322591145887,0.000419192843967011,0.02101389567057291,0.0004444122314453097,0.006319681803385422,0.020005967881944458,-0.0005397001902262356,0.0016564263237847222,-0.00010514259338378698,0.0012800428602430555,-6.4637925889729e-06,0.00022342469957140003,-4.8213534884977795e-05,7.830725775825554e-05,-0.00011677212185332222,0.00024016698201497844
36,0.0019361707899305555,0.0015089246961805444,0.0022271474202474,0.0007537735833061746,-0.009073045518663201,0.011756049262152778,0.0011342366536458333,0.004208882649739589,0.01483154296875,0.007758378982543936,0.014047410753038201,0.0028025309244791665,-0.0005721516079372872,-0.001982794867621521,0.00024159749348958893,-0.0010492536756727335,0.004151662190755222,0.002033657497829856,-4.079606797955552e-06,0.0012921227349175332,0.00038994683159722225,0.0007400512695312444,0.00031365288628472707,-0.0017530653211805668,0.001132647196451834,0.00014221005969576603,0.00026120079888237774,0.0002858903672960153,8.111529880101491e-05,4.927317301444459e-06,0.00031064616309273033,-0.00011867947048610624,-0.00042454401652018887,-0.0003339979383680667,1.8013848198788904e-05,-0.0003840128580729222,0.0007027520073784778,1.5762117173956775e-05,-0.0007060898674858941,0.00027179718017578884,0.011094835069444444,0.005007425944010422,1.2715657552e-06,0.008705986870659722,0.0032138824462890556,0.0005303488837348,0.03381093343098958,0.0089111328125,0.008686913384331588,-0.0021167331271701333,0.002984788682725689,0.011757744683159722,0.0053132375081380336,0.0006866455078125,0.01655546824137371,0.0005290773179795999,-0.0003433227539062222,1.875559488933401e-05,5.340576171875554e-05,-0.00019009908040365555,-0.00010850694444444444,-3.417332967122116e-05,0.0001160303751627715,5.790922376846664e-05
37,-0.0002683003743489556,0.0002779165903727325,0.0007067786322699667,0.0017784966362847222,0.0006323920355902778,0.0019323560926649333,0.0015547010633680555,0.0008804533216688446,-0.0029292636447482553,0.006786346435546866,-0.003012948566012907,0.0006003909640841931,-0.0006052652994791778,0.00037214491102431115,0.0007184346516927111,-0.000988430447048611,0.003771464029947922,-0.0009602440728081667,-0.0017281373341878031,0.0002178615993923555,-0.00023893515268961723,-6.379021538627778e-05,-0.0016085306803385333,-9.875827365451114e-05,0.009736802842881944,0.0081329345703125,0.004449632432725689,0.005169338650173611,0.012410693698459211,0.014351738823784722,0.0014828311072455568,0.0003543429904513889,0.00042237175835502217,-0.002603318956163189,-0.0007264879014756889,0.018786960177951388,0.010241614447699656,0.003100925021701389,0.003619035085042312,0.0002331203884548555,0.006823539733886711,0.0013870663113064222,0.00017378065321183337,-0.0009269714355468665,0.0028644137912326333,0.004006703694661444,0.0016335381401909777,0.0010231865776909779,-0.00042618645562065557,9.006924099393335e-05,-8.593665228950207e-05,-3.0808978610573436e-05,-0.00010580486721461978,-0.00020286771986217534,-2.8954611884221006e-05,0.00010017553965251485,7.205539279511118e-06,-0.007322523328993056,2.055697970920004e-05,-6.315443250867776e-05,0.002070956759982644,-0.0009112887912326555,0.00011316935221354444,-0.0012752215067545667
38,-0.00013071298599241774,-3.057056003148299e-05,-0.0002514521280924246,-0.00019476148817274233,-6.384319729268226e-06,-0.00020005967881944444,0.0001490248574151086,1.1656019422744452e-05,0.0006949106852213611,2.7494298087210746e-05,0.0002490149603949778,0.0006262461344400999,3.7988026936850357e-05,1.9484096103237756e-05,-0.0003712972005208333,0.0007239447699652778,0.005930582682291667,-0.00015470716688367785,0.019221835666232645,0.0009833441840277778,0.016359117296006944,-0.00044420030381944444,0.024566226535373256,0.011151631673177089,0.005081388685438367,-0.0011266072591145778,-0.00021235148111978892,-0.0015754699707031224,-0.0236968994140625,0.00022337171766494444,-0.0022443135579427,-0.00020451015896266668,-0.00026681688096787776,-0.0003800127241346543,-0.0004708104663424827,-0.0001641379462347778,-0.00012101067437064445,-2.585517035587777e-05,-0.00042638513776990827,-0.0001249313354491889,-7.903575897216103e-05,-9.515550401474444e-05,-0.00029479132758243327,-9.43077935112222e-06,-3.5074022081166665e-05,1.944435967339829e-05,-3.475613064235e-05,-0.0001431571112738889,0.363525390625,0.003000683254665789,0.008821487426757821,0.0026762220594618003,0.013729943169487856,0.0020627975463867222,0.004498799641927089,0.1167568630642361,0.0020991431342231,0.0007536146375868111,0.0033467610677083335,0.0007813771565755222,0.0015975104437934223,-0.0008739895290798555,0.0014205508761935888,-0.0014786190456814222
39,0.0037348005506727447,-5.361768934460002e-05,-0.0001672108968099,-0.00017563501993813995,-0.00010167227851019062,-3.145800696483464e-06,7.353888617622222e-05,0.0004399617513020999,0.0014970567491319332,0.001690758599175322,0.001655790540907111,0.019912719726562514,0.0006209479437934112,0.04096179538302953,0.008692582448323553,0.0009888543023003444,-6.397234068976925e-05,-0.00021595425075953054,-0.00046454535590275726,-5.3909089830191485e-05,-0.0001818074120415366,8.18173090616737e-05,-6.694760587481167e-05,-7.576412624782708e-05,1.7609861161974433e-05,5.563100178980863e-07,-7.258521185978126e-06,-4.56836488511796e-05,-0.00010811620288424188,-0.00022909376356336665,4.2994817097976217e-05,-7.173750135631736e-05,0.005576239691840278,0.006278991699218755,0.0011248588562011667,0.009613037109375,0.0005089839299520023,0.006011539035373255,0.0018049875895182446,0.0045481787787543335,0.017895592583550335,0.03214687771267361,0.0018174913194444445,0.024308946397569444,0.015161938137478289,0.02144114176432292,-0.003595140245225689,-0.0015775892469618111,2.5007459852433333e-05,4.963080088298777e-05,0.0008209016587999111,-2.1616617838544463e-05,8.699629041885555e-05,0.00019327799479166666,0.00040092733171251643,2.3711058828570322e-05,-4.8319498697922567e-05,-0.0006415181689792265,-7.420778274535297e-05,-5.234612358942291e-05,0.0002524058024088483,0.00024202134874132223,7.470448811865968e-06,-0.00027910868326822225
40,7.216135660808193e-05,-0.0003675354851616767,5.11474079555963e-05,0.001770337422688789,0.00021245744493273336,0.00047196282280815546,-0.00036112467447917774,-0.00017693307664657762,-0.00020556979709201106,-0.00019984775119357779,-0.003197564019097222,-0.001852247450086811,-0.00023481580946179998,-0.003790961371527778,-0.0017768012152777778,-0.00038316514756944444,-0.0001209510697258892,6.739298502605556e-05,-0.004228803846571189,-0.00019221835666231112,-0.00016315778096516093,9.356604682077014e-05,-0.003680759006076389,-8.159213595916664e-05,1.3775295681413252e-06,-5.008114708793897e-05,-0.00013754765192669345,-0.00012196434868705209,-4.017353057862439e-05,1.4940897623692363e-05,-6.026691860623107e-05,-0.0005374484592013889,-0.001935958862304689,-0.008412679036458334,-0.004523383246527778,-0.005984836154513889,-0.0017136467827690888,0.002019882202148433,-0.0014479955037434895,-0.010315789116753467,-1.0000334845551654e-06,-0.00015216403537325556,0.00012972619798447377,7.715490129246393e-06,0.00011091762118868457,-0.00027836693657770905,-3.004074096680521e-05,-7.608201768663335e-05,-0.0028279622395833335,0.0018653869628906335,0.001156383090549055,0.0013353029886881442,0.0007451375325520776,0.0032380421956380223,0.0053265889485677,0.002754635281032989,-0.0003436936272515052,0.000148243374294734,-9.339385562472943e-05,-7.161166932846376e-05,-1.4291869269472136e-05,-7.735027207266421e-05,-2.6490953232467918e-08,-0.00012705061170790002
41,-0.00013637542724609863,-2.0755661858440193e-05,-5.418890052368777e-05,3.156397077768636e-05,-6.339285108777308e-05,-2.899103694511697e-06,-6.551212734646614e-05,2.2212664286297295e-05,-3.0169884363803277e-05,-4.425644874572061e-06,-8.312861124673333e-05,-6.849235958524227e-05,-0.00012344784206815937,-1.8106566535074224e-05,-1.589457194009718e-06,-9.685092502168888e-05,-0.0009002685546875,0.011350631713867179,0.004346794552273238,0.0009167989095052111,0.00043063693576390004,-0.00021876229180228888,6.69691297743222e-05,3.1047397189655585e-05,-6.518761316935498e-05,-0.0002899699740939333,-0.0003162489997015948,-0.00020754337310791083,-0.00014654795328774444,-0.0002026293012830925,0.00036528375413683836,-4.577636718749165e-05,-0.0003729926215277667,-0.0005514356825086666,0.0009375678168402666,0.0004804399278428777,1.366933186850347e-05,-0.00023719999525281105,-0.00015376011530559067,-4.360410902234967e-05,-0.0005423227945963445,-7.285012139215034e-05,0.0005548265245226,-0.000257081455654565,-5.233950085109718e-05,4.238552517367375e-06,-0.0002642737494574743,0.00018543667263454448,0.0003652705086602077,3.2583872477227516e-06,-9.430779351130002e-05,-0.0001690122816297889,5.7750278049033336e-05,0.0004445181952582444,-2.0199351840544876e-05,2.6563803354890758e-05,0.00045153829786511747,0.004590140448676211,0.004913330078125,0.001718309190538189,-3.467665778265295e-05,0.0028146107991536442,0.010499914487202963,0.0024436314900716113
42,-5.907482571071181e-05,-9.780459933810973e-05,-7.960531446666683e-05,2.7497609456370473e-05,2.0729170905149736e-06,-0.00018072790569727886,-0.00010353657934401534,-5.5140919155544005e-05,-0.0001312891642252618,0.00015481313069662226,-9.086396959094274e-06,-0.00032944149441189996,9.950002034504027e-05,-5.038579305012225e-05,-0.0002837975819905502,-8.059210247463823e-05,-0.00017966164482963333,-6.433990266587999e-06,0.00035349527994793333,-5.218717787002118e-05,-0.0001460711161295778,-3.1385156843395956e-05,0.00027508205837674447,-3.9491388532856365e-05,0.00072908401489256,0.0012257893880208333,0.0008701748318142334,0.00046030680338542227,-0.011651780870225701,-0.0005117522345648843,0.007155206468370223,0.015148586697048612,-7.650587293836665e-05,-4.312727186416458e-05,-7.187989022996343e-05,-0.0003978941175673,6.098217434353715e-05,0.0006524456871880369,-7.54694143931064e-05,-0.00018673472934301893,-7.417466905388889e-06,7.179048326278304e-06,-1.3440847396854055e-05,-6.986988915322178e-06,1.608000861272968e-05,3.1100379096142014e-05,7.367796368064258e-06,6.167093912759237e-05,-1.356336805556111e-05,-2.5245878431529332e-05,-0.0001286135779486745,1.2715657552088899e-05,-3.602769639755547e-06,0.00013367335001627324,-9.1089142693423e-05,0.00013199779722423968,-2.4490886264356335e-05,-0.00039566887749564446,-7.854567633730646e-06,-5.920065773857686e-05,-2.3083554373838782e-05,-4.090203179254167e-05,-0.00010365910000269877,-2.9378467135947395e-05
43,-0.0009486940171983555,-0.00012140803866916546,-0.0010910034179687444,-0.0006857448154025579,-0.0005371835496690454,-0.0005270110236273893,-0.0005676481458875778,-0.0002178615993923555,-8.042653401692221e-05,-0.0006201002332899223,-0.00567626953125,-0.00013181898328990001,-5.626678466795552e-05,-0.0004181332058376889,1.5589925977917488e-05,0.0006321801079644001,0.00016540951199001114,0.0001326666937934,0.0006764729817708222,0.0005737940470377555,-0.00014821688334146994,-6.94062974718e-05,0.0015767415364583333,0.0002488030327691111,8.090337117512118e-05,-0.0001719792683919271,-0.00010765923394096735,-5.706151326496702e-05,5.902184380426666e-05,-0.00016456180148654442,-3.517998589409999e-05,-0.0003015730116102445,5.5776702033146435e-05,1.8861558702238195e-05,-4.71538967556434e-05,1.894103156196026e-05,6.6306855943454e-05,3.9550993177627954e-05,4.808108011883178e-05,-2.119276258679861e-05,-3.415180577171826e-05,-6.627374225191002e-05,-8.975134955510418e-05,-0.000323613484700525,-0.0002914004855685743,-8.722146352125218e-06,-3.3034218682182466e-05,-2.9444694519046445e-05,-4.829631911381617e-05,-2.863672044542691e-05,1.2162658903333875e-05,5.8995352851016146e-05,-7.169114218817539e-05,1.188615957896262e-05,8.26517740884375e-06,-1.1629528469493228e-05,-0.0010219150119357666,-0.003426445855034722,-0.0011973910861545112,-0.0006701151529947889,-7.947285970052222e-05,-8.498297797308056e-05,0.0004090203179253557,-6.0717264811200035e-05
44,-0.0011313756306966223,-0.005092196994357634,0.0040283203125,-0.008494059244791666,-0.0013190375434027778,-0.003960503472222222,-0.006757948133680556,-0.015854517618815102,0.00035244888729520356,0.00010058614942762864,2.225240071622245e-06,0.00019370185004341107,-0.00015152825249564446,-0.00023290846082898891,4.132588704455562e-06,0.0002605120340983,-1.9391377766944443e-05,1.5258789062499988e-05,-3.0199686686225863e-06,-0.00017677413092717653,5.7591332329662864e-05,3.487533993190981e-05,1.5894571940111094e-06,-7.579392857019464e-05,-0.00015491909450954445,-0.00065088272094726,-8.413526746960001e-05,-5.44653998480778e-05,3.1746096081204235e-05,0.00020133124457465552,0.00024170345730254448,-4.482269287107778e-05,-0.0020650227864583335,-0.0009621514214409666,-0.0014644198947482555,-0.0019056532118055555,-0.0008490350511339,0.0008129543728298778,-0.0008773803710937444,-0.0031896167331271668,0.029337565104166668,0.0005628797743055555,0.0013961791992187556,0.0027025010850694445,0.009733517964681,-0.0010528564453125,-0.00018013848198783334,0.0010356903076171957,-0.004583570692274311,-0.0013512505425347222,-0.005696614583333333,-0.005689832899305556,-0.0024647182888455,-0.028074476453993056,-0.0027868482801649223,0.0011384752061631889,7.67178005642222e-05,0.0001454883151584243,0.00013939539591471077,0.0011910332573784779,0.00012408362494575553,-0.0005515416463216112,-0.00044610765245223325,-0.0002245638105604317
45,-0.00037341647677951117,0.008517795138888888,-0.002144707573784722,-0.0012375513712565222,0.0010262860192193051,0.00039588080512154445,8.943345811631106e-05,-0.0026351081000434,-0.00013351440429686665,-6.307495964896407e-05,-0.00022951761881509998,3.827942742240642e-05,-1.5947553846569096e-05,3.221299913195278e-05,1.455015606349466e-05,-0.00012948777940537776,2.99347771538684e-05,0.00012620290120444653,1.660982767741996e-05,-2.227889166936823e-05,-1.3642840915253649e-05,9.417533874511789e-05,3.549787733288543e-05,-1.9523832533083508e-05,-8.567174275715451e-05,7.213486565483804e-05,-6.892946031357186e-05,-5.6054857042099984e-05,-0.00031651390923393335,-0.0002559026082357,-9.091695149738889e-05,-0.0005463394853803868,7.703569200303645e-05,1.073545879787869e-05,0.0001937018500434,0.0001459651523166111,0.00011931525336370001,0.00014458762274847952,4.7485033671063974e-05,1.0251998901367176e-05,-0.0005181630452474001,2.9140048556822824e-06,-0.0030102199978298667,0.0003821584913465889,-5.684958563911354e-05,-0.00046624077690972225,-0.0009115272098117349,-0.00020482805040145623,0.0022324456108941,0.00021852387322320708,-0.00019677480061848891,-0.00025942590501573074,-0.0005279382069905612,-0.0023167928059895887,-0.0014784071180555555,-0.0017433166503906335,0.0001241895887586889,-0.00047355228000216666,-0.0004887051052517444,0.0006120469835069557,-3.279580010306561e-05,-3.325276904634363e-05,-0.0014366573757595331,-0.0014423926671346028
46,-0.0003961986965603111,-2.5232632954910505e-05,1.4967388577000842e-06,-7.553895314534367e-05,5.5631001790356244e-05,-0.00011791785558064639,-3.0870238939886395e-06,7.748603820799914e-05,-2.1457672119127435e-05,-0.0002848837110731222,1.4496346314745002e-05,-1.6027026706273787e-05,-7.152557372845455e-07,-8.519490559895e-05,-8.31286112467309e-05,-0.0001170767678154735,6.340609656439089e-05,0.00010057290395101536,-7.30090671115479e-05,3.088431225883018e-05,8.643998040091788e-05,5.527337392171918e-05,5.673037634955652e-05,0.00010649363199868959,-1.1894438001846003e-05,-1.9868214925005285e-06,8.702278137205329e-05,0.00016562143961585624,-0.0001676347520616222,0.00044435924953883574,6.318092346192587e-05,-7.390975952146666e-05,0.0003860923979017414,-6.76578945583691e-05,-0.00012580553690591336,-5.181630452474445e-05,8.371141221789567e-06,-0.0001819928487141871,-0.00015121036105685554,-0.00021998087565104445,-0.00015179316202801113,-4.8743353949655546e-05,-0.0003427664438883415,-2.6888317532010245e-05,-0.00021892123752171113,-0.00038133727179634074,-0.0003689527511596686,2.278221978080867e-05,2.6835335625527258e-05,-2.6384989420570824e-05,7.735358344196535e-06,0.0007328457302517445,7.853243086072577e-05,9.094344245064601e-05,1.822577582466667e-05,8.516013622285323e-05,-0.00012562010023327606,-3.1921598646233538e-06,5.397531721328427e-06,-7.94463687472665e-05,8.834732903364847e-06,-6.5457489755363e-06,2.9563903808588895e-05,2.8822157118055555e-05
47,2.7385022905106543e-06,-8.078416188557595e-05,-6.964471605088142e-05,5.171034071177778e-05,-1.0490417480445133e-05,-0.000477843814426,-6.687641143796882e-05,-0.00012111663818358888,-0.00048033396402993324,-0.0011238521999782777,-0.0002523528205023962,-0.0002216233147514951,-0.00018538369072808436,-0.0013419522179497613,-0.00027317470974392227,-0.0005836486816406332,0.2680528428819444,0.013161977132161455,0.010091145833333334,0.00015989939371746666,0.05621168348524305,-0.0001409318712022444,0.028537326388888888,0.0004889170328776112,4.0173530578597316e-05,1.029173533123829e-05,-0.00015855166647168702,-0.0001430246565077078,5.139244927307289e-06,2.1484163072373096e-05,2.8338697221537102e-05,8.617507086859289e-05,-3.274281819660902e-05,0.00019285413953994447,-0.0005231433444552888,-3.3444828457212226e-06,5.292892456055556e-05,2.384185791018889e-05,-5.732642279730416e-05,0.00019709269205730136,0.0009127722846137222,-0.00010034773084852221,-9.436077541774896e-05,0.0007714165581597222,4.437234666615208e-06,-4.585584004718039e-05,9.266535441082223e-05,-0.00016715791490342602,-1.294083065456259e-05,5.192226833765312e-05,5.428327454459186e-05,9.23011038038417e-05,-5.348523457841927e-05,-2.2649765014642878e-05,-1.2420945697356752e-05,-0.00022682878706190322,-0.0004151662190755,-0.003180609809027778,-0.0021569993760850777,-0.005039215087890634,-0.0012847052680121445,-7.163153754339999e-05,-0.00201416015625,-0.0016598171657986223
48,-0.00020742416381835658,-0.00017515818277994444,-5.1591131422233245e-05,-1.335144042970139e-05,-9.367201063365554e-05,-9.881125556096772e-05,-0.00010095702277289566,-6.041593021814733e-05,-7.131364610458888e-05,-4.8531426323772915e-05,-0.0001419385274251066,-0.00015958150227865557,-7.051891750758924e-05,-2.1987491183678854e-06,-0.00014559427897135554,-4.6677059597423954e-05,-0.00016636318630641107,-1.5887949201779472e-05,-5.059772067600451e-05,-2.1484163072352605e-05,-0.0008898841010199556,-0.000106857882605668,-6.855858696830624e-05,-0.0004374186197916667,-0.00010585784912108888,-0.00013735559251571683,-0.0010312398274739444,-7.777743869356598e-05,-2.914004855683958e-05,4.2703416612433334e-05,-5.192226833766666e-05,1.576211717387408e-06,0.00014411078559027778,0.0010791354709201336,-0.00018499957190621657,0.00014026959737139632,0.00013001759847005068,-2.0835134718150436e-05,7.507536146375869e-05,0.00040009286668564914,-0.00027002228630913354,-9.528795878091197e-05,-0.00023643175760905367,-0.00010373857286238368,-0.00021160973442923333,-6.545914543998941e-05,-0.00032329559326172287,-0.00023784902360706917,2.0345052083333332e-05,9.005599551730096e-05,0.0008551147249009672,0.0014101664225260443,0.0021531846788194445,-0.00037553575303818885,0.002675904168022989,9.97119479708993e-05,-0.033562554253472224,-0.012525770399305556,-0.004276699490017356,-0.012959798177083334,-0.009810977511935754,0.0005427466498481,-0.0023671785990397112,-0.012764824761284722
49,-0.0003857082790798667,0.005977842542860244,0.004358927408854167,0.001792695787217889,0.0007807413736979113,0.005627208285861556,-0.0006111992730034667,-0.005679660373263878,4.210737016463637e-05,3.412034776475555e-05,-0.00014771355523003334,-3.08007001876779e-05,4.9061245388452786e-05,2.8610229492222436e-06,5.986955430773126e-05,-0.00032064649793836665,6.246566772461111e-05,0.00014050801595052225,-2.4901496039232584e-06,8.119477166070432e-05,4.28623623318059e-05,8.689032660602078e-06,-6.665123833548264e-05,7.68502553303908e-05,3.932582007514802e-05,2.4610095553930037e-05,-1.801384819902421e-06,-9.377797444657986e-06,6.059805552060555e-07,-3.380411201051876e-05,-0.00019110573662652812,-6.357828776006911e-07,3.540515899657717e-05,-0.00012412336137558152,-0.00010087754991318891,-1.0225507948130558e-05,-0.00021161966853672855,-3.258387247721146e-05,-0.0001427465014987487,-2.9298994276261793e-05,-5.414750840930589e-05,3.28752729627842e-05,-4.702144198937068e-06,5.430645412867605e-05,6.622738308375904e-05,-2.0874871148011807e-05,6.849898232353989e-05,7.417466905390974e-06,-2.8212865193677956e-05,-1.7166137695318748e-05,-2.8610229492186114e-05,3.632571962143946e-05,4.871686299643037e-05,-5.0743420918787406e-05,8.985731336804445e-05,-7.830063501993295e-05,0.00025728013780382215,-0.0002678235371907455,-0.002537621392144089,-0.00031619601779513335,-0.0004751417371961555,-0.001667923397488053,-0.0007771386040581444,-0.0013936360677083333
50,7.832050323485008e-05,2.059671613904332e-05,-0.0001738932397630438,-1.9629796346024477e-05,-6.86446825662207e-06,-1.947085062661198e-05,-1.1245409647618493e-05,-0.00012984540727401832,-0.00010026825798883212,4.294183519149948e-05,-2.5881661309140446e-05,2.029869291519032e-05,5.684958563910589e-05,3.31534279717277e-05,4.36305999755908e-05,3.73522440592135e-06,-0.00013160705566406665,4.267692565918768e-05,0.00010771221584740903,0.00010469224717881736,0.00011354022555879202,0.00010765923394096599,0.00010890430874293524,2.598762512205642e-05,-1.7854902479368057e-05,-2.2252400716076323e-06,-2.3557080162888756e-05,-0.0002013047536214026,2.998775906034445e-05,-0.0004187689887152889,3.884898291694071e-05,-4.037552409700697e-05,0.011609395345052089,0.005080329047309033,0.0031784905327690892,0.0053641001383463545,0.006066216362847222,0.0033823649088541665,-0.0008595784505208334,0.011700948079427077,8.026758829758863e-06,-8.220142788357483e-05,1.6676055060500265e-05,3.2073921627456036e-05,5.290905634563077e-05,2.7265813615587023e-05,-2.8888384501136553e-05,-1.3642840915266468e-06,-0.0002761085828145317,7.402896881103898e-05,-6.612141927083333e-05,-0.0001517401801215,-0.00034184588326347014,-0.0001709196302625896,-1.8013848198666785e-06,-1.8941031561965803e-05,2.457035912407769e-06,-4.552470313178655e-05,-1.4993879530166665e-05,-1.5030304590853362e-05,-0.00014538235134547777,4.3127271864145144e-05,8.591347270547972e-06,1.6947587331127732e-05
51,-0.001260969373914922,-2.9034084743911084e-05,-0.00042194790310330003,0.0021375020345052,0.0010303921169704888,0.003115971883138011,0.002159118652343755,-0.00020101335313586668,3.059705098471163e-05,-0.00010740756988525114,-4.2332543267111114e-05,-0.00019014543957179193,6.230009926689162e-05,-3.30872005886401e-05,-0.00021298726399737776,-1.981523301865209e-05,-6.0270229975382485e-05,-0.00010877847671508513,-0.00012440151638456668,-8.837381998696666e-05,-9.791056315104448e-05,-0.00043000115288628887,-0.00015752845340304768,-0.00018225775824652222,0.049967447916666664,-0.006334092881944444,0.002022372351752389,0.0021035936143663446,0.03993945651584202,0.008819792005750867,0.005344814724392366,0.019675360785590276,-6.185637580024045e-05,-9.049309624565556e-05,-0.0003352695041232556,2.7868482801667347e-05,-7.655885484487326e-06,3.417332967140109e-06,-2.337826622856293e-05,-3.714031643337223e-05,-6.818771362304824e-05,0.0001310772365993743,-1.327196756998074e-05,-1.20268927680066e-05,2.7183029386730923e-05,-2.015961541070573e-05,3.8782755533837834e-05,-0.0003949006398518887,-4.193517896865365e-05,6.596247355152955e-06,-2.646446228027345e-05,5.8545006646026075e-06,-9.330113728840519e-05,0.00010463926527237187,-0.00013706419203015453,-0.00011459986368814897,-0.0007718404134114556,-0.004874335394965278,2.3947821723086784e-05,-0.0012907452053493777,-0.0037066141764322885,-0.0012229283650715887,-0.0020181867811415,-0.0016507042778862904
52,-0.0037040710449218663,-0.0024019214842054552,-0.0015161302354600556,-0.018296983506944444,-0.005879720052083333,-0.00022368960910373824,-0.007436964246961799,-0.001615524291992178,-0.0005018446180555555,-0.0002876387702094223,-4.794862535266286e-05,5.324681599954339e-06,-0.0002272923787435222,-0.00045914120144311115,-3.555417060850002e-05,0.00010812282562256696,0.036370171440972224,0.025200737847222224,0.001485824584960922,0.013722949557834211,0.0350095960828993,0.9416232638888888,0.0890774197048611,0.0003433227539062556,-0.014594184027777778,-0.0057943132188585,-0.012105305989583334,-0.006972418891059034,-0.019527859157986112,-0.008694118923611112,-0.0025007459852430555,-0.01519775390625,5.7273440890836445e-05,8.180406358506493e-05,0.0011404885186089445,7.120768229167778e-05,0.014808230929904511,0.0022460089789496447,0.00019974178738062953,7.989671495225347e-05,-5.594889322914617e-05,-3.716680738660399e-05,-0.00013359387715657689,-8.111529880100485e-05,3.936555650497466e-05,-6.579690509370899e-06,-2.664989895289097e-05,-9.883774651421442e-05,-0.0017191569010416667,-0.0002943674723307333,-0.004658169216579866,-0.0025980207655164887,-0.0005377663506401778,0.001023610432942711,0.001605563693576389,-0.0042169358995225665,-0.003139919704861111,0.00022591484917534096,0.03797149658203126,-9.465217590330641e-05,8.914205763080641e-06,0.007178783416748055,-9.283754560681952e-05,1.1020236545137501e-05
53,0.010094536675347222,0.1174808078342014,0.037105692757500544,0.011842515733506944,0.01605383555094401,0.012149386935763888,0.017456478542751733,0.011219448513454877,0.00012130207485620885,1.8013848198836793e-06,-0.00013971328735349999,7.139311896418319e-06,0.00010691748725044444,5.4571363660916666e-06,5.705489052664474e-06,5.4758456018226225e-05,0.009680853949652778,0.002826690673828111,0.0004330144988165795,0.0005757013956705896,0.0005166265699598607,0.008232116699218757,0.0006375842624240156,0.024687872992621533,6.979952255868488e-06,-2.384185791015e-05,0.00010946061876084443,-0.0002747509214613103,1.386428872744451e-05,9.775161743164062e-06,-9.112887912324444e-05,-5.5101182725555725e-06,-0.00014429622226289567,-0.0009873708089192445,-2.143780390422383e-05,-0.0011895497639974,-0.00047005547417533337,-0.0003701315985785444,0.00021563635932077776,-0.0008104112413194291,-5.9405962626125375e-06,-3.022617763942066e-05,-4.1537814670144454e-05,3.3242834938892165e-05,-9.298324584968237e-06,2.7179718017588882e-05,-2.8424792819555037e-05,-0.00019306606716578887,-6.749894883897778e-05,-1.1881192525213283e-05,-0.00022400750054253334,8.856256802876788e-06,-7.396274142793541e-05,0.00011078516642253332,-1.1470582750110591e-05,-6.0425864325616136e-05,-9.859932793510001e-05,-0.00020591417948405644,-7.057189941406666e-05,-0.00034364064534504095,-0.00010426839192707777,-0.00012556711832681597,-7.107522752549079e-05,-7.798936631943334e-05
54,4.6279695298934546e-05,-3.6160151163636282e-06,5.7697296142564925e-05,1.1351373460557725e-05,6.993611653639229e-06,5.520714653860626e-05,2.5696224636485065e-05,-1.309977637395599e-05,0.03138309054904513,-0.007922172546386722,0.0010639826456705556,0.056203206380208336,0.0010253058539496556,0.04033533732096354,0.0010356836848788705,0.009400261773003477,1.586808098688003e-05,2.500083711410621e-05,2.2265646192762586e-05,5.841255187988351e-05,1.969271235995753e-05,1.3126267327207552e-05,0.00042467647128635263,-6.357828776058339e-06,0.0044864018758138,0.0019550323486328108,0.008466932508680566,3.359052870009306e-05,-7.3644849989218695e-06,7.459852430555347e-05,-5.284945170082831e-05,0.004661348130967877,0.00010002983940969998,-0.00010045369466145556,1.1573235193888347e-06,0.00010988447401258887,2.3629930284288893e-05,-2.3312038845488888e-05,-2.029207017686666e-05,2.7504232194675745e-05,1.1232164171025683e-05,-3.8981437683113106e-05,-4.3233235677092355e-05,-0.00017954243554008984,-2.4239222208666492e-05,-2.796120113796588e-05,-2.343124813504175e-05,-6.401538848876189e-05,3.1153361002612845e-05,4.327297210691693e-05,2.275572882757137e-05,0.00011210971408418888,-2.0556979709186103e-05,7.35918680827e-05,6.005499098036094e-05,-0.00012864006890191113,3.2848782009555567e-06,-4.249148898654444e-05,-3.584225972492587e-05,-1.7484029134103476e-05,4.858440823024201e-05,-8.953942192924444e-05,-2.945793999565554e-05,-4.874335394948611e-06
55,0.005894554985894111,0.0010315577189127555,0.00030242072211371807,0.007695515950520833,0.0011685689290364554,0.004037009345160589,0.00011461973190307167,0.0035447014702691005,4.026624891502432e-06,6.208817164103817e-05,3.827942742225093e-06,-0.00027986367543537293,-4.8995018005359635e-05,-2.9284093115063446e-05,2.260837290021136e-05,0.0003778669569227389,0.0010316636827257001,7.06778632270111e-05,0.0010134379069010556,0.0003661579555935222,0.0012474060058593668,0.0009957949320475233,-0.0011403825547959888,1.1761983235681951e-05,9.28243001302e-05,8.989704979788777e-05,-7.232030232757118e-06,0.0001368787553575269,-5.435943603515972e-05,0.0003929138183593889,-7.629394531249616e-05,-2.1066930558944315e-05,-9.44137573242111e-05,-0.0001772609021928367,-2.0901362101242533e-05,-1.250372992619999e-05,-2.8080410427468722e-06,-0.0003796683417426222,-0.00015825695461696356,-4.778967963323889e-05,0.0014011462529500242,-0.00021314620971678888,-1.2917651070477365e-05,-0.0005923377143012001,0.00012988514370389882,-0.00028832753499346663,-1.663631863064653e-05,-2.1662977006701345e-05,-9.377797444671168e-06,8.492999606663023e-05,1.193914148543206e-05,8.589691585963794e-05,1.17156240675122e-05,-4.252625836274745e-06,2.7841991848408848e-05,5.7823128170419216e-05,-0.00029510921902128683,-0.0011537339952257001,-0.001253763834635411,-0.0003734164767795111,-0.0009975433349609444,-0.0016369289822048556,-0.0035993787977430555,-0.0011448330349392334
56,0.0015979342990451333,0.012820773654513888,-0.005567762586805556,0.016101413302951388,0.004035525851779523,-0.0030924479166666665,-0.0011037190755208333,0.0007539325290256111,-0.008048163519965278,-0.0008358425564236222,-0.0025943915049234942,-0.0019133885701497334,-0.0008278952704535774,-0.0011092291937934002,-0.002103805541992178,-0.006613625420464401,0.015828450520833332,0.020628187391493056,0.0052079094780816,0.03125593397352431,0.017985026041666668,0.017673916286892355,0.044747246636284724,0.004977756076388889,0.00023338529798718572,-0.00020620557996959998,0.004031711154513889,0.014505174424913201,0.003919614685906304,0.028981526692708332,0.0114546881781684,0.00713758998446993,0.00012288490931192756,0.0023475223117404667,0.0006612141927083334,4.189544253878707e-05,-0.00015189912584093784,5.9207280476910236e-05,-0.00016880035400387776,0.0004679361979166445,0.012880961100260411,0.026858859592013888,0.05962816874186199,0.04628584120008681,0.024264865451388888,0.04123263888888889,0.018041398790147566,0.016510009765625,9.854634602861812e-06,7.564491695827074e-05,-0.00021325217352974443,-1.973576015894184e-05,-6.376372443306234e-05,-0.0006623268127441445,-0.00013828277587889375,-2.2896462016627832e-05,-3.846983114879375e-06,1.3503763410758631e-05,-1.3722313774960416e-05,-1.4454126358032227e-05,-7.737262381446436e-05,-7.086329990119369e-07,-2.8279092576767966e-05,-9.735425313317968e-06
57,0.0013906690809461666,0.008108297983805334,0.011052873399522566,0.0011168585883246332,0.015530056423611112,0.007096184624565978,0.006010267469618056,0.0005624559190538222,0.007048712836371534,0.00013287862141927778,0.00019391377766926661,0.014594184027777778,-6.760491265188889e-05,-0.0006513595581054779,-7.809533013236665e-05,0.002642949422200522,8.927451239690487e-05,-0.00040854348076712325,2.7894973754863717e-05,3.23918130662793e-05,0.0001474486456977031,1.2874603271478122e-05,-5.496541659038453e-05,3.1259324815538194e-06,0.003470526801215278,0.021834479437934023,0.0011529922485351667,0.004245334201388878,-3.316667344835556e-05,0.0016148189703623454,0.011114968193901911,-5.767080518933698e-05,0.0030687120225694445,0.0019557211134168975,0.0056724548339843785,0.0008078681098090222,0.0040272606743706665,0.0010102589925130223,0.0010861290825738,0.0028252071804470333,-0.00012138154771592502,-5.089574389985924e-05,1.4993879530180205e-05,-2.6067097981781955e-05,-1.3828277587889929e-05,4.794862535261287e-06,-2.311997943453485e-05,6.440613004885968e-06,4.620022243923332e-05,-1.4596515231677602e-05,-3.580252329508672e-05,0.016406165228949644,0.00014095836215549323,-2.7603573269312845e-05,3.125932481553333e-05,-1.5689267052538237e-05,-0.00010326173570420243,4.0388769573624404e-05,-4.7498279147672044e-05,-5.894237094454596e-06,-1.91132227579763e-05,-3.576278686521007e-06,3.4703148735873247e-06,-0.00016651882065666908
58,0.004311455620659722,-0.00019168853759764449,-0.000685850779215492,0.003902991612752285,0.001900143093533,8.079740736254343e-07,-0.008555094401041678,0.0037146674262152884,1.015928056505755e-05,3.5398536258279206e-05,-4.2041142781567886e-05,-8.759895960489007e-05,-0.00012938181559242986,-9.332100550332164e-05,2.7285681830506606e-05,8.420811759085739e-06,-3.1133492787667926e-05,-7.597605387368888e-05,-0.00013041496276854807,-3.5319063398551605e-05,2.1192762586665815e-07,-7.613168822393782e-05,-9.156597985161606e-05,-0.00030835469563803334,0.00048234727647568907,0.0022024578518337777,0.0013615820142957842,0.001210954454210078,-0.0014860365125868111,0.002227783203125,0.0009184943305121555,0.001971774631076389,-0.00024412406815422906,-8.914205763054945e-06,2.723269992404097e-05,-0.00017739666832815144,-2.6928053961854598e-05,-5.193882518343622e-05,-9.376472896999643e-05,-0.00016689300537108887,3.8597318861202257e-05,1.7507208718187302e-05,3.609392378044137e-06,7.212162017839628e-06,-1.2584030628199485e-05,1.5715758005770705e-05,1.7335017522176106e-05,1.3093981477949355e-05,-3.133879767524636e-05,-7.205539279521526e-06,0.00015958150227865696,-1.8278757731103472e-05,-0.00018702612982854616,3.6186642116959724e-05,-3.468824757470719e-05,-2.6676389906139405e-05,-2.4023983213581016e-06,-1.203020413717051e-05,-0.00045975049336754076,-4.132588704411116e-06,-6.48895899454586e-05,1.5722380744104416e-05,-5.9445699055977077e-05,-0.0008209546407063746
59,6.459818945988099e-05,2.5974379645440016e-05,2.4442043569352892e-05,1.4175971349077624e-05,0.0003020233578152023,-5.271699693471351e-06,-1.554356680977201e-05,-4.115369584825824e-05,0.00014257431030270662,-2.3126602172850516e-05,-1.2053383721248437e-05,7.735358344183331e-05,-0.0014351738823784779,-1.8384721544044452e-05,-0.0001725620693630545,-0.00014283921983506676,-0.0002597967783609783,-2.9683113098136196e-05,-0.0005974239773220666,-0.00016829702589245363,-0.00010128815968831624,-0.00035413106282553334,-0.00046218766106498565,-0.0001733567979600778,-6.218751271564124e-05,0.00013637542724608055,3.0477841695146964e-05,6.832016838922205e-05,0.0012783077028062357,3.202756245930157e-05,-4.9246682061067885e-05,-9.070502387152221e-05,2.5603506300173348e-05,7.025400797525104e-05,0.004566192626953111,0.0032382541232639003,-2.9246012369791668e-05,-9.510914484660039e-05,-0.0014192793104383778,-0.0001321037610371963,-1.5417734781902432e-05,-1.1099709404830728e-05,-0.00022943814595538625,6.993611653655549e-06,9.907616509340627e-06,7.960531446667101e-06,-0.0002469155523511862,1.0781817966033853e-05,0.00011222892337374626,-6.278355916340659e-05,-0.00022458699014451768,-0.00048499637179904437,7.3528952068843e-06,-1.3639529546101199e-05,-0.00015436278449164917,-8.922153049043194e-05,-0.005605061848958333,-0.003619723849826378,-0.0038083394368489446,-0.002451048956977011,-0.0066846211751302,-7.643964555527874e-05,-0.003046141730414489,-0.006291707356770833
60,-0.0002042982313368,1.2675921122225429e-05,7.118119133842206e-05,0.00010548697577580658,-0.00011825561523437779,-0.0001896222432454229,2.496110068426497e-05,9.817547268335867e-05,-0.0034052530924479113,-0.0021739535861545114,-0.00017240312364365766,-0.0023362901475694445,-0.0020526250203450557,-0.0006247626410590445,-0.0010433197021484332,0.0002259148491753555,0.006422466701931422,0.008174472384982633,0.05719757080078125,0.004023657904730917,0.020579020182291668,0.007362365722656256,0.013207329644097222,0.010880549748738607,-0.005173577202690977,-0.051703559027777776,0.018351236979166668,-0.0028822157118055555,-0.0017954508463541667,-0.002181510130564371,-0.003170437282986111,-0.06731499565972222,6.363126966689896e-05,-0.00015833642747668802,-1.3775295681284774e-06,1.022550794813715e-05,-0.00020530488755966667,1.0629494984935633e-05,-6.988313463000451e-05,-2.898110283746146e-05,-1.682175530329772e-06,-0.00024880303276912224,-0.0002601411607530445,-5.159775416055483e-05,-0.0001120567321777309,-8.699629041885347e-05,-4.948510064019999e-05,1.486473613314464e-05,2.3206075032552082e-05,0.00046467781066894813,-0.00041352377997504435,0.004994286431206578,0.0025060441758897553,-0.00011804368760851111,0.00041007995605467774,0.009326510959201388,-0.0021006266276041665,-0.000883102416992189,0.004137886895073789,0.01782438490125869,-0.005304972330729167,-7.60820176866333e-05,0.002709282769097222,-0.001020219590928822
61,0.0077891879611545105,0.0028023189968533002,0.0009240044487847222,0.0013087590535481779,0.0002223915523952936,0.001584370930989589,0.006066216362847222,0.0007578531901041666,-0.00016619099511041275,-2.7987692091200086e-05,-7.41746690537777e-06,-3.875626458062101e-05,-4.953808254664583e-05,-1.6891294055507925e-05,-4.01337941487401e-05,-2.2384855482313713e-05,-8.963876300385832e-06,-8.21881824069796e-06,-2.1290447976856197e-05,8.172459072539667e-06,-2.7616818745950433e-05,-1.8013848198779166e-05,-6.861156887477257e-06,-3.553761376274054e-05,-3.3345487382665734e-05,9.32481553818889e-06,-0.0007103814019097222,0.00024371676974822224,8.759233686657614e-05,0.00014040205213757152,-1.6053517659488897e-05,0.00012519624498155243,-2.2305382622617713e-05,4.634095562829258e-05,4.1716628604477564e-05,4.700819651286606e-05,0.02598105536566839,7.039970821805164e-05,3.098448117573188e-05,0.0001281234953138515,-3.967020246723566e-06,8.851952022975997e-05,7.088979085284791e-05,0.00014906459384493036,6.70221116806406e-06,3.226929240756078e-05,-2.8616852230493094e-05,-3.290176391601284e-05,-3.666347927515277e-05,4.7259860568582645e-05,-2.1318594614648397e-05,-8.667839898002987e-05,-5.025333828395641e-05,0.002207014295789933,-5.467732747394376e-05,7.494290669758315e-05,8.106231689447223e-06,1.8543667263298585e-06,-3.337860107408678e-06,-1.5589925977918836e-05,6.159146626838973e-07,0.00010644065009222673,-6.124708387584514e-05,1.857015821669324e-05
62,-1.8020470937074697e-05,-5.062421162923177e-05,-0.00011340777079262379,-6.877382596333543e-05,7.831388049649241e-06,5.132622188991971e-06,-3.6158702439718834e-05,-8.063515027363887e-05,-4.676977793375234e-05,-0.00010132789611817309,-0.00011486477322049999,-2.5166405571890597e-06,-2.303802304795758e-05,-0.00020609961615668888,-5.1117605633212775e-05,-3.69283888075264e-05,-0.0006226433648003556,0.0005005200703938469,4.368358188205293e-05,-0.0001805093553331111,0.0015590720706516008,0.001033571031358478,0.000539382298787421,0.00011761983235676664,-0.00015987290276418386,1.745753818089776e-05,-0.0002745522393120556,-0.0004212922520107693,-8.798307842681277e-06,9.960598415800832e-05,-8.156564500596302e-05,-4.4928656684026046e-05,2.556376987032448e-05,2.0927853054446175e-05,1.1735492282446348e-05,-0.00010526842541164093,-0.00011740790473091112,-4.9802992078968755e-06,1.900725894503082e-05,-0.0001880658997429839,-0.00011936823527018646,-4.209412468803629e-05,-0.0002699957953559,-2.1086798773870135e-05,-0.00014233589172363834,-0.0002958509657118111,-5.68893220689506e-05,-1.6954210069444794e-05,-1.7646286222655233e-05,-6.630685594345469e-05,-9.285079108351123e-06,-2.657042609319844e-05,-5.1657358805157966e-06,-0.00016996595594617777,1.7503897349050845e-05,-2.5166405571828467e-05,-0.0002907647026909875,-2.0768907335057983e-05,1.319249471028889e-05,9.828143649626909e-06,-1.685486899481671e-05,-3.675950898063743e-05,1.7126401265442797e-05,-0.00018351607852513255
63,-5.6001875135618745e-05,-0.00016068087683784055,-0.00016880035400389964,-9.102291531033334e-05,-0.004062016805013022,-5.280640390183357e-05,-0.00029490391413371117,-0.0019887288411458335,-3.2318962944899313e-06,-4.226631588405372e-05,5.4306454128689573e-05,3.263685438368438e-05,-0.0001559257507324333,-2.193450927734375e-05,-0.0001228120591905257,-6.0743755764425845e-05,-4.753801557752543e-05,-0.0002739561928643099,-0.00037659539116754445,-8.201599121092639e-05,-0.00032944149441189026,-8.462535010441328e-05,-0.0009138319227430668,-3.519654273985844e-05,-9.936756557887692e-05,3.190835316975217e-05,-1.3589859008773787e-05,-4.278288947211371e-06,-3.6160151163716153e-05,-5.997882948980524e-05,-2.900759379066232e-06,-0.0001163217756483408,0.003827412923177078,0.0002371999952528222,0.0007344351874457444,0.0028669569227430555,0.00018167495727536076,0.0017327202690972,0.0007635752360026,-0.00021595425075953334,-1.902050442164444e-05,-9.055932362873099e-05,-3.172291649711346e-05,-4.728635152181337e-05,0.00011338790257771533,-0.00021261639065213995,-3.432068559858673e-05,-0.00018374125162760904,2.812014685736623e-05,1.8278757731127077e-05,1.7868147956003906e-05,-8.284383349949778e-05,-0.0002149475945366781,3.947152031788367e-06,-7.597108681986945e-06,-3.7352244059217025e-06,0.0007167392306857666,6.653699609967009e-05,2.5484297010642018e-05,0.0036090215047200665,0.005960252549913189,0.0003402233123779352,1.3351440429688801e-05,0.0006311999426947784
64,0.0013673570421007,3.485216034761037e-06,0.0005531311035156333,2.7947955661335232e-05,-0.0005243089463975667,4.7100914849172566e-05,9.75529352824033e-06,7.907549540213286e-06,-0.00028149286905924345,5.934966935051118e-05,-8.996327718098889e-05,5.859467718337429e-05,-8.514192369248924e-05,-9.001625908745798e-05,-0.000110718939039436,-0.00026204850938585557,-5.6929058498812677e-05,-2.6570426093206425e-05,-9.536743164072224e-06,0.00017796622382268299,-3.729926215275868e-05,-4.395014709896512e-06,-2.8375122282241162e-05,3.602769639756875e-05,0.011375003390842024,0.015302870008680556,0.0046596527099609444,0.013229052225748689,0.008990817599826388,0.002442253960503467,0.0185814963446723,0.011132134331597222,2.288156085543919e-05,-1.592768563164605e-05,-8.112026585472955e-06,-3.594822353785226e-05,-9.54998864067974e-05,3.382232454088346e-05,-2.5524033440479774e-05,-4.076129860347338e-05,-0.003818141089545356,-0.011986626519097222,0.0002773602803547878,0.003155602349175344,0.002006530761718755,-0.006752014160156245,-0.006709098815917978,0.0014521280924479222,0.005132887098524322,0.015096028645833334,0.009744432237413189,-0.00024827321370441113,0.09084277682834202,0.002581278483072922,0.015789879692925345,-0.001986185709635422,0.0009596082899305555,0.00014543533325194898,0.00025818083021374546,-0.00029108259412976667,-9.28243001302222e-05,0.00037839677598739096,0.0012851821051703628,0.0001121626959906816
65,-0.005331251356336811,0.00043190850151909996,0.002312554253472222,-0.005616929796006944,-0.00012334187825520005,1.3192494710294084e-05,-0.005154079861111111,0.0021914376152886448,-1.6874737209734896e-05,-1.777542961967795e-05,-3.767013549804062e-05,-3.959072960746363e-05,-3.8305918375643064e-05,-9.053283267557945e-06,-9.194678730433314e-05,-0.00015094545152453506,-9.430779351129376e-05,-1.2233025497854824e-05,-0.00011017587449813281,-2.5219387478288882e-05,-0.00015369719929165935,5.594889322914443e-05,-0.00018443001641165661,-8.673469225563579e-05,0.0002926753626929368,-8.24696487848391e-06,0.00022435188293455223,0.00020931164423624885,0.00038536389668782756,-3.880924648719182e-06,2.5040573543973837e-05,2.1576881408696617e-05,-6.887647840788181e-07,-7.401572333439827e-05,1.8792019950010657e-05,-2.9338730706122794e-06,0.00010882483588322986,1.6967455546043835e-05,-1.9285413954000017e-05,-0.00034517712063259414,-0.00018511878119574444,-5.494554837543335e-05,-6.114112006293403e-05,-0.00011536810133194011,-0.0001467333899604005,-0.00015341904428270965,-6.0902701483818225e-05,-0.00019073486328124512,7.682376437730554e-06,2.42392222086533e-05,2.751333845986266e-06,-3.6689970228415804e-05,6.198883056639374e-05,1.9669532775871957e-05,-1.470247904457205e-06,-8.072290155618179e-06,-5.5842929416233325e-05,7.613499959307812e-05,-0.00011836157904730624,-3.218650817870087e-05,-3.6451551649322224e-05,2.3669666714131172e-05,-0.00019243028428816666,-0.0001114739312066111
66,-0.00023892190721298872,0.006397671169704866,-0.0031450059678819445,-0.00038597318861219895,-0.0001227060953776,0.0002646976047091757,0.0002093844943576333,-0.0005142688751220787,-9.923511081269895e-05,-0.0002837181091308556,-0.00023653772142198976,-0.00028578440348306665,-0.00038242340087892604,-4.546344280241913e-05,-0.0001515282524956493,-0.00010251998901368089,-3.653102450900538e-05,-0.0001819928487141889,-3.061360783047215e-05,-2.5414758258390864e-05,-0.00038634406195745696,-0.0001627206802368039,-2.564324273002917e-05,-3.6511156294095514e-05,-0.00015315744611952317,-0.00018480088975694444,-0.00013282563951278888,7.54462348090396e-05,-0.00034268697102865416,-0.00015253490871851354,-6.85784551832411e-06,-0.00045373704698348883,-0.0012088351779513777,8.768505520292196e-06,-0.005856619940863722,0.0006720489925808238,-0.0015055338541666667,-0.00011062622070313333,0.0035353766547309103,-0.003176371256510422,7.618798149956666e-05,8.854601118299697e-05,-3.390842013877791e-06,-0.0003088580237494449,0.00031733512878416993,2.8345319959855208e-05,4.178947872572536e-06,-2.44743294186097e-05,-2.537833319770243e-05,-3.67694430880941e-05,4.8001607259111116e-05,-6.121479802659874e-05,-9.918212890624444e-05,1.1364618937184894e-05,1.4146169026682993e-05,-4.086891810098035e-05,-1.5298525492499519e-06,0.0002565284570058208,0.00014442867702906562,0.00029691060384111107,-7.934040493435121e-05,-3.4090545442355345e-05,0.00011833508809405608,1.6291936238519975e-06
67,6.231996748167231e-06,-3.600120544431788e-05,7.15123282538631e-05,-6.410810682494095e-06,5.324019326103294e-05,0.00011049376593694877,7.208353943294984e-05,5.571047465007239e-05,-1.1523564656547752e-06,-0.00014061397976346666,-9.079774220784228e-05,-0.00011846754286024446,-7.396274142794444e-05,7.046593560104511e-06,0.0001423094007703889,-3.91072697109799e-05,0.00017097261216903438,-0.0008748372395833445,4.429287380641108e-05,-8.879767523868883e-05,2.1881527370890626e-05,0.00017733044094508883,0.0003661579555935111,-0.0006660885281032889,0.0005828539530436163,-0.000741746690538211,0.0005191167195638111,-0.00017065472073023746,0.000483830769856789,-0.00041219923231336665,7.120768229166595e-05,-0.00030814276801216663,-0.0005417399936252011,-0.00021106749773024052,-4.4325987497970703e-05,-0.0014243655734592,-0.00010392069816586995,-0.0002152423063913953,-4.842877387999655e-05,-5.425347222222152e-05,-1.2374586529181791e-05,-7.416473494635134e-05,3.271632724333241e-06,-1.0242064793898723e-05,3.046459621854684e-06,-1.8901295132098523e-05,-3.314018249510399e-05,-0.00016858842637803193,-0.001054128011067689,-0.00043699476453993327,0.00024827321370444447,0.0020187166002061554,-0.001051637861463763,0.00015057457817925556,-0.0017208523220486084,0.0030273861355251666,0.03729248046875,0.0012402004665798664,0.04003567165798611,-0.0006891886393229223,0.014584011501736112,0.0008951822916666666,0.004964192708333333,0.005583869086371523
68,-5.902184380423333e-05,-1.6583336724159376e-05,-6.376372443304357e-05,3.197458055283906e-05,-3.798802693685521e-05,-8.289019266765225e-05,5.702177683510982e-06,8.291668362092537e-06,0.00035921732584635554,0.00023926628960503336,0.0011121961805555555,-0.00022625923156738834,0.0010914272732204888,0.0013824039035373334,0.0013885498046875,0.03386094835069445,-0.004185994466145833,0.008535597059461799,0.001461452907986111,0.010297139485677089,0.030355029635959208,0.009463840060763888,0.014105055067274311,0.018073187934027776,-0.0016093783908420333,-0.0015059577094184002,-0.002368291219075533,-0.0022769504123264003,-0.0005369716220431802,-0.0008799235026041555,-0.0025028652615017447,-0.0010791354709201333,-2.9522511694151805e-05,3.070963753595091e-05,-4.868043793572563e-05,-6.220075819225555e-05,-0.0002374119228786903,0.00012842814127603334,-4.990895589193195e-05,3.398789299856684e-05,5.3909089830154e-05,0.0016721089680989557,-0.0022481282552083335,-0.0017979939778645887,-0.0015506214565701038,-2.649095323343828e-07,-0.0034128824869791665,-0.00026755862765842224,0.005897521972656255,-0.0013927883572048556,0.04466586642795139,0.0528717041015625,0.10229576958550347,0.006318039364284944,-0.0007019042968749999,0.008063952128092456,-0.0026957194010416665,-0.00018538369072808574,-0.0035491519504123217,-0.00012800428602432223,-9.155273437502224e-05,-0.0014368693033854105,-0.0006256103515625,-0.0006188286675347222
69,-0.00010481145646835634,-5.663765801323161e-05,-6.887647840711667e-05,-8.460548188950446e-05,-5.210770501030956e-05,-6.920761532253446e-05,-6.42935434977165e-05,-0.0002626842922634507,6.185637580022344e-05,6.535318162704635e-05,6.304846869573404e-05,-3.062354193792222e-05,-0.00010580486721464861,0.0001990000406900889,3.8623809814457984e-05,-1.43448511759336e-05,-0.0020591947767469665,-0.00010027488072712035,-6.402863396538142e-05,-0.00014972686767578298,0.00012885199652776596,-2.892812093101111e-05,-0.0003154012891981254,-0.0008450746536255009,-0.0003173616197374,-0.0012905597686767578,0.00012122260199653336,-0.0005043877495659555,-0.00025134616427950135,-0.0002250936296251169,-0.00010087754991317778,-0.00017897288004557288,-0.0134735107421875,0.0193494160970052,-0.012068006727430556,0.0017030504014756889,-0.0072021484375,-0.002166748046875,-0.007893880208333334,0.006969875759548611,-0.0008489025963677244,0.00018925136990016666,2.2388994693748816e-05,0.00019101301829019902,5.9141053093798714e-05,-0.0014394124348958333,-0.0001086658901638344,8.364518483476206e-05,-0.0003888871934678778,-0.00013091829087997014,-0.00012519624498156563,0.00044271681043837777,-0.00014368693033854442,-5.801518758126913e-06,0.00025561120775010156,-5.033281114348258e-06,-0.00041596094767251077,-0.0009986029730902778,-0.0007394154866536555,9.579128689234445e-05,-0.000580469767252589,0.00012546115451387782,-0.0038248697916666665,-0.00021775563557944447
70,1.0225507948144793e-05,6.341934204100312e-05,1.9179450141070808e-05,-6.130006578232257e-05,-2.341800265840002e-05,5.123350355360381e-05,0.0002189742194281684,0.000248803032769084,0.19553629557291666,0.0012221866183810778,0.0014784071180555555,0.015374077690972222,0.009102291531032976,-0.004525078667534722,4.9591064453133335e-05,0.0009591844346788111,-0.0002511342366536556,-0.00045575035942925615,-0.0008302264743381076,-9.271833631726667e-05,-0.0002086427476670993,-0.00018076101938882874,-8.84797837999146e-05,-0.00014336903889974444,-0.007419162326388889,-0.0053003099229600665,-0.0011995500988430366,-0.0005071428087022666,-0.0008896721733941,-0.003943549262152778,-0.0024464925130208335,-0.005055533515082467,-0.0022623274061414887,-0.00021929211086695545,-0.00044843885633681115,-0.0009449852837456444,-0.00044101476669313193,-0.0015510718027750533,-0.0005058315065172011,-0.00018594662348427694,0.0010898907979329496,0.0008267296685112778,0.0008824666341145889,2.4371676974555578e-06,0.0006062719557020379,0.0009019639756944557,0.0020968119303385333,-0.0013326009114583333,-4.878971311778572e-05,-3.816684087119251e-05,-0.0001797940995958123,-0.00013695822821724443,-6.527370876735557e-05,3.348456488714449e-05,-2.808041042755579e-06,0.008873833550347222,-8.734067281085121e-05,-0.0001572502983940889,-7.34461678398869e-05,0.0005855295393201956,-0.00016922420925562015,0.0003704494900173779,-0.0003134409586588444,-9.759267171222151e-05
71,0.0010011461046007001,0.008775499131944444,0.006884256998697922,-0.005618625217013889,0.0020938449435764,0.025956895616319444,0.3526950412326389,0.04195446438259548,-0.0011257595486111002,-0.0025172763400607666,-0.00013902452256944444,0.0011836157904731,-0.002922058105468755,-0.0017242431640625,0.0006779034932454525,-0.011221991644965278,-8.763207329644444e-05,-0.0017024146185981,0.0004716449313693667,-6.4770380655879335e-06,0.0029260847303602556,-8.733073870338621e-05,-0.0006128946940103999,-0.00017632378472223471,-0.004750569661458333,-0.0002669228447808104,-0.0006098747253418226,-1.1788474188885596e-05,6.662474738229081e-06,-0.0005976359049479111,0.00046051873101128887,-0.00017956230375500457,0.0774900648328993,0.003906647364298504,7.735358344184443e-05,0.0038397047254774444,0.001407199435763889,0.008567810058593757,0.0017577277289496443,0.00021277533637153336,-0.0001169840494791778,-1.1338127983957646e-05,0.0010786056518554783,0.0001716083950466333,0.0007724232143825924,0.0003009902106390889,0.0002311468124389579,0.000560601552327489,0.0012715657552083224,0.00017674763997396666,-0.0006641811794704778,-0.002435949113633892,-0.0006474388970268889,6.103515625e-05,-0.0015725029839409779,-0.0007376141018337667,7.481045193142224e-05,-0.00011262628767224157,0.0005911191304524667,2.6384989420571532e-05,0.000942866007487,4.778967963324722e-05,5.1498413085944446e-05,-0.0002372529771592764
72,-0.002417670355902778,-0.0029082828097873334,-0.010018560621473525,-0.0006963941786024223,-0.004118177625868056,-0.0018632676866319332,-0.0039215087890625,0.009780671861436632,0.00020857652028401761,0.00031142764621311186,-0.00019815233018662223,0.00026787651909721113,-2.266963322958433e-05,0.0004653930664062667,-0.0006014506022135444,7.417466905382219e-05,-0.0002714792887369778,0.00044080946180555556,-0.00011674563090007344,1.2238820393873956e-05,-0.0006152258978949668,0.0006949106852213444,0.0030229356553819445,-0.0006116231282551999,-0.0012410481770833222,-0.0006788041856553888,-0.0005441771613227001,-0.0011572308010525333,-0.00015735626220702846,-0.0008466508653428777,-0.0009356604682074778,-0.0054486592610677115,0.010691324869791666,0.0298508538140191,0.015007866753472222,0.020345052083333332,-0.001840379503038189,0.03421190049913195,0.017500135633680556,0.02398681640625,0.0041862063937717,0.0006209479437934112,0.002320342593722883,0.00046200222439233337,0.0011524624294704776,0.0014092127482096444,0.0018111334906684002,0.0010094112820095333,-7.078382703993331e-05,-0.0007591247558593668,-0.0008691151936848778,-0.0011709001329210111,-0.012330796983506944,-0.0003306070963541625,0.016581217447916668,-0.0002899169921875,-0.0019571251339382595,-0.0019681718614366225,-0.004855685763888889,-0.0019264221191406111,-0.0003036393059624666,-0.005332099066840278,-0.0037996504041883667,-0.0018927256266276222
73,0.11099327935112847,9.865230984158887e-05,0.05012342664930555,0.03456285264756945,-0.0001207987467447778,0.1151123046875,0.045329623752170145,0.00022602081298827778,-0.007612228393554689,-0.030504014756944444,-0.0024134318033854113,-0.012885199652777778,-8.816189236112224e-05,-0.003968980577256944,-0.021844651963975687,0.031455145941840276,-0.002150641547309033,0.0008090866936577872,-0.0008532206217448,7.285012139213577e-05,-0.002752092149522567,0.00012418958875868886,-0.0006150139702690777,0.0009318457709418333,-0.00010051329930624968,-0.0005160437689887063,-0.0006482336256239177,-3.3113691541889236e-05,-5.610783894857049e-05,-0.001362734370761471,-0.00029937426249184427,-0.00014442867702908055,-0.0044848124186197885,-0.004557291666666667,0.017991807725694444,-0.018847995334201388,-0.004926681518554677,0.012724134657118056,-0.009061177571614577,0.016845703125,-0.0005925496419270777,0.0010002983940972333,-0.00018310546874998883,-0.0001678466796875,-0.0017402436998155335,-0.0003294414944118889,-0.00045352511935764446,-0.002014689975314678,-0.008134629991319444,-3.592173258464443e-05,-0.002550760904947922,-2.9828813340917738e-05,-0.00013309054904514443,0.00010617574055990002,-0.0005425347222222222,0.0019777086046006997,-0.003980848524305556,0.0019844902886284664,8.11682807074555e-05,-0.007080078125,-0.009206136067708334,-0.0015413496229383554,-0.0032026502821180555,-0.0005637274848090222
74,0.1309941609700521,0.0023040771484375,-0.002129448784722222,0.001569535997178822,0.023066202799479178,-0.0007832845052083334,-0.005518595377604167,-0.009986029730902778,-0.001355356640285927,0.0028521219889323,0.003183682759602867,0.0033698611789279662,0.027821858723958332,0.011400010850694444,0.0003246731228298667,0.0011689927842881889,-0.00015497207641601842,-0.00027338663736978887,0.00021629863315157587,-0.00010066562228734446,-0.0002110799153646,0.012417263454861112,-0.0027998818291557997,-0.0003070831298828,-0.0030644734700520887,-0.002627266777886289,-0.0003547668457031146,-0.0036485460069444445,-0.004289415147569444,0.03585476345486111,-0.022422790527343743,0.0036445193820529554,0.0013727611965603556,0.000533163547515872,-0.0001293288336859889,0.004029379950629356,0.001091533237033436,-0.0009697808159722222,0.0016413794623480846,0.00017356872558594444,0.017399258083767355,0.002709282769097222,-7.205539279511166e-06,0.0040575663248698,0.001677195231119789,-0.0016462537977430555,-0.0015758938259548556,0.0012635125054253444,-0.00037108527289494444,6.19871748818208e-05,-0.0003869798448350667,-0.00020419226752385557,-9.507603115505226e-05,-0.0001117653316921658,-0.00044462415907117774,0.00015613767835828647,-0.00023078918457029025,-1.9232432047538884e-05,-4.901488622028719e-05,0.0005234612358940889,0.0004531012641059,0.0012219746907552,0.0006540086534288111,0.0001678996615939698
75,-0.0009418063693576333,0.0007397333780924396,0.006791008843315967,-0.00044928656684027775,3.336535559761799e-05,0.0010075039333767447,0.0011096530490451336,0.041249593098958336,-0.03958892822265624,-0.0005149841308593737,-0.002940283881293411,-0.0019335216946072002,0.0003675884670681521,-0.009571075439453134,-0.0008072323269314334,0.0007538265652126556,0.008143107096354166,0.0008964538574218779,0.013525221082899299,0.0023937225341796936,0.00015809800889756665,0.04347398546006945,0.0011295742458767334,0.0049510531955295105,0.0027313232421875,0.004828347100151901,0.004175715976291245,0.0007654825846354111,0.050162421332465276,0.004743787977430556,0.0042313469780816005,-0.0006646050347222222,0.0018463134765625,0.012685139973958334,0.005932278103298611,0.002680672539605044,0.0007364484998915,0.014096789889865445,0.0015521579318576333,-0.008153279622395834,-0.008033328586154524,-0.0021228790283203004,0.0014079411824544222,-0.0003501044379340334,-0.0003687540690104111,-0.002422756618923611,-0.004291534423828134,0.004045274522569444,-0.0034521685706244577,-0.0009685754776000894,-0.0008852216932508777,-0.00044149822658961287,-0.0041762457953558995,-0.0003448062472873222,-0.0008383724424574144,-0.0024396578470865884,-0.006324768066406245,-0.002779218885633689,9.669197930229757e-05,-0.0027732849121093776,-0.0013152228461371445,0.001060697767469611,-0.01569027370876737,-0.01648924085828992
76,0.00013473298814561629,0.0014241536458333333,-5.61608208550222e-05,0.00021754370795356654,-0.00028668509589301424,-0.0001123216417100667,0.00023396809895833334,-3.708733452691112e-05,0.03610568576388889,-0.003456115722656255,-0.010955810546875,0.006067911783854167,0.0007230440775553435,-0.0026719835069444445,-0.006612141927083333,0.008205837673611112,-0.00016609827677409688,-0.0004821353488498333,-0.0002857844034830556,-0.0003204147020975686,0.0008341471354166666,-0.00039715237087673325,-0.00033908420138886665,-0.00047175089518230556,-0.003543429904513889,-0.004584418402777778,-0.001710255940755211,-0.0005620320638020889,-0.0022508833143446223,-0.0018683539496527778,-0.006693522135416667,-0.00010977851019964439,-0.0018675062391493,-0.0006417168511284778,-9.536743164055514e-06,0.00032128228081594997,0.000232908460828989,0.0004888110690646334,-0.005459255642361111,-0.0009882185194227445,-0.006015353732638889,-0.0029771592881944445,-0.015480889214409722,-0.017900254991319444,-0.06285264756944445,-0.016208224826388888,-0.011101616753472222,-0.016442192925347224,-0.00014326307508679998,-0.00044266382853188984,-0.0025193956163194558,-0.0018242730034722222,-0.0010104709201388777,-0.000868797302246089,0.0025100708007812665,-0.0006846851772732205,-0.015814887152777776,0.06679280598958333,0.024359809027777776,0.0007561577690972222,-0.0022087097167968776,0.11018880208333333,0.0004642274644639889,-0.009284125434027778
77,-0.0011164347330729222,-0.001178317599826389,0.005547417534722222,0.00034586588541665557,0.004224141438802089,-0.001126607259114589,-0.0006125768025716223,-0.0004501342773437446,-0.000546203719245067,0.000571144951714411,0.007910834418402778,-0.0013751983642577889,-0.0039045545789930555,-0.0008833143446180443,0.0070343017578125,-0.0028642018636067554,-0.00026861826578773333,0.004177517361111111,-0.014183892144097222,0.2103856404622396,-0.001213259167141404,-0.0003394285837809099,-0.0003288586934407552,-0.005141788058810767,4.630618625218264e-05,0.0006286038292778703,-0.0010645124647352556,0.0009320576985677111,-0.004177729288736988,0.00047090318467882226,-0.0020277235243055555,0.0008951822916666666,-0.0021773444281684,-0.0036485460069444445,0.006985134548611111,-0.0034613079494900225,-0.0011304219563801998,-0.001096089680989589,-0.00012037489149306673,-0.0008917914496527778,0.001705593532986111,-0.0033564037746853445,0.03158399793836805,0.01509645250108508,4.959106445312221e-05,0.0018683539496527778,-0.004063076443142356,-0.003118620978461375,0.0006646050347222222,0.018378363715277776,0.016964382595486112,0.004964192708333333,0.004747178819444444,0.002468532986111111,-0.006513807508680556,-0.0002848307291666667,-0.003796047634548611,-0.003014458550347222,-0.004812028672960089,-0.004023657904730912,-0.00024286905924480014,-0.0027754041883680555,-0.007722642686631944,-0.006606207953559033
78,0.011021931966145834,0.0031331380208333335,0.008946736653645834,-0.0004378424750434,-0.0008366902669270889,-0.036051432291666664,-0.0031657748752170114,-0.0007476806640625,-0.00045776367187498883,-0.006388346354166667,-0.0002834995587666829,-0.004777696397569444,-0.0021393034193250777,-0.002612643771701389,-0.0012944539388020778,-0.007178200615776901,-0.0013915167914496445,-0.0007885826958550333,-0.0021451314290364554,-0.00015778011745874653,-0.0031797620985243003,-0.0005552503797743111,-0.0007153087192111444,-0.0008680555555555668,-0.10750495062934028,-0.001193576388888889,-0.009981791178385423,0.0011427137586805555,-0.0003219180636935778,-0.0013821919759114667,0.002224392361111111,0.004485660129123256,0.0082901848687066,0.0011223687065972222,-0.000773853725857211,0.0032559500800238665,0.0024172465006510333,-0.0008140140109591889,0.012304517957899299,-0.0005117522345648691,0.0010354783799913113,-0.00015725029839409993,-0.0008443196614583334,-0.00010532803005644443,0.0011499192979600667,0.000189820925394694,-0.0010699696011013428,0.0010333591037326333,0.0003799862331814055,0.002208073933919278,0.00036324395073784454,0.00013134214613175243,0.0001164012485080407,0.0012026892768012111,0.006202697753906255,0.0016418033175998221,-0.00024435255262585554,-0.0006357828776041666,0.00038809246487087675,-0.00020228491889107155,5.298190646701109e-05,0.0001591576470268889,0.0009930928548177221,-0.00047450595431857773
79,-0.00531005859375,0.0006870163811577608,-0.0010619163513183667,-0.0009473164876302111,0.0022879706488715223,0.00019088056352402875,0.0009104410807291778,0.0015525817871093668,0.0017683241102430555,0.002127753363715278,0.004808213975694444,-0.0056915283203125,-0.0027584499782986223,0.0037328932020399223,-8.807887752482202e-10,0.010278595818413633,0.003806855943467889,-0.0003940529293484263,-0.00012356705135770877,-0.00015766090816920336,5.7856241861955556e-05,-0.00025176339679292876,-9.099642435711128e-05,-0.002792066997951945,-0.0015941196017795112,0.000840716891818589,-0.0004467434353298667,-4.2279561360668697e-05,-0.0015877617730034779,1.3510386149099673e-05,0.0005300442377726195,0.0004634857177734555,-0.0001320309109158,-4.217359754774445e-05,0.00010024176703560001,-0.0005299780103895344,-7.572107844881154e-05,-0.0005908542209201333,-0.0004469553629557333,-0.0010270012749566111,-0.0002667638990614017,8.826785617405762e-05,-0.0009511311848958222,-0.0006463792588975889,3.8146972656305896e-06,-0.0001374880472818955,-0.00010320875379773332,0.00022294786241319994,-0.007595221201578776,1.8894672393794684e-05,-0.0009642706976996445,-0.0003297064039442385,-0.0011310577392578112,-0.0006261865297953295,0.0010611746046278073,0.001176834106445322,-0.001459333631727422,-0.0013670391506618888,-0.0006847911410861573,0.0008167425791422554,-0.0017280578613281111,-0.0006843143039279555,-0.0017401907179090666,-0.0003586875067816944
