layer,0,1,2,3,4,5,6,7,8,9,10,11,12,13,14,15,16,17,18,19,20,21,22,23,24,25,26,27,28,29,30,31,32,33,34,35,36,37,38,39,40,41,42,43,44,45,46,47,48,49,50,51,52,53,54,55,56,57,58,59,60,61,62,63
0,0.0005685764338773154,0.0004713233444526215,-0.00011119452094019448,-0.000528694193321615,0.0001702247197380361,-6.198304634007489e-05,-0.000697362233148188,0.00044150059651569356,0.0003066088233236291,-2.7752717938542463e-05,0.0006726852775614218,9.049277489975355e-05,-0.00011195659275937241,0.0001052280914792519,-0.0007743025657532341,0.00044141600220559517,0.0003190915452611554,3.225790722249052e-05,0.00026174238724090625,2.8556002370328078e-05,8.090831186845554e-05,-6.1533322742803755e-06,-0.0013100867745006876,-0.0007530766242015003,0.0011813067594561414,-5.433051490349641e-05,-0.0046719427448587945,0.0003933606498434827,0.0008784157476070887,-0.004791005259666414,0.0005162769054444655,0.00015464020643024654,-0.000669756289952808,6.849247004791845e-06,-0.005285637590178402,-0.0013869446818805086,0.0003139547907646402,3.7369759607893486e-08,0.0005570419635440128,0.00036628324032914446,0.00045067871764720255,-0.00018260947134207423,-0.00020675933930438251,0.00030209857284164315,-0.0006134331090781069,-0.00021646744017351518,0.0005242887819418878,0.00043911821829540677,5.916504357419761e-05,0.0004886615628812937,6.638701166322177e-05,0.0004030882724764922,0.0003497013094933136,0.0004692872967839336,4.10817444911953e-05,-0.0005044481625965478,0.00030687345167829577,8.565670979393835e-05,0.0005455118313804566,5.648839283929423e-05,-0.00026480983476732977,9.750181115694974e-05,-6.801671743212214e-05,-0.0006921810124117465
1,-1.5374767319373915e-05,-0.0006466978331964241,-3.319025220429625e-05,-1.108230651554618e-05,-1.3030212516581437e-06,-0.000388663044655485,-4.447916405412444e-05,-7.841517475177352e-05,-8.321665877006565e-06,8.167205569055747e-05,-4.4398320453282614e-05,2.7596182313447763e-05,-1.4851001106127799e-05,-7.292237401099214e-06,8.37230610070207e-05,-0.0003040500262002317,-0.00038175640728005514,0.00018030969910408574,6.8863925832616744e-06,-2.8878766718553573e-05,0.0003368939478529315,-9.277017844997461e-05,-0.00017293747669824329,8.112838360466026e-05,0.00012161308748419166,-0.0001235466797845325,-9.286231936786739e-05,-2.1622827597147927e-05,-0.00014288918912365702,7.464651405312939e-06,-4.886073809486571e-05,-4.416172074224571e-06,-4.322579451090463e-06,0.002032990705072202,-2.2366676843917318e-05,1.536710773841196e-05,2.8196024659727584e-05,-1.5735637518015223e-05,-1.5107461500564929e-05,-1.7821743598566444e-05,-0.0004943119386003468,-1.3756652597770115e-05,5.337684058709249e-05,0.00017765502165085207,-0.00020900678236977977,-0.0006134068993025432,7.128986650746245e-05,-8.197364886661876e-05,1.6736749268719498e-06,7.063150405883985e-06,-5.563512907685867e-05,-0.00013765075877365693,0.00018856722446351982,-1.926653488193699e-05,0.0007868328268009214,-9.108005462947254e-05,-8.094622566448376e-05,-0.00011305875901113017,0.14060241838040183,0.07234638744091065,-0.00013543928636575403,-0.0001335562043699735,0.003540235906952338,0.007503925985780236
2,0.005093324310947676,-0.00015059002788795256,-7.683278214669329e-05,-3.035851190088426e-05,0.0014259096706699835,-0.00020219987770931432,1.9110702514824788e-05,-0.0004692765078461459,0.00036592922760195684,0.003976413298050864,6.583891102904351e-05,-4.077789185171954e-05,0.0018834692226204566,-0.0010685795992951763,9.532404994312856e-06,0.0073421729885329795,0.001721680751797645,0.0008051990107029477,6.0017132415655336e-05,-1.536914125547891e-05,0.0005027418158287529,-0.0005531296574590418,1.7022978093609547e-05,-0.001434187350443044,0.0008234989471377703,0.0002451959751698895,-0.00028122727666685696,7.97182976792819e-05,1.7333157230634723e-05,-0.00013950975488947649,-0.0019486523469891672,-0.001451985414865073,2.4678627589690977e-05,-0.004270769051298038,0.0006197668030191513,-0.0001255182310701588,-0.00020403154561518202,-0.00028322767000292596,0.00016301924573191125,-0.0001927959909937963,3.486370118482857e-05,-0.00045583463239345044,0.0017295935734191385,-0.0006744898657983136,-0.0002147498864672059,-8.484303183045852e-05,-5.792053112756117e-05,0.00024671975729409474,2.1901792247157745e-05,0.005720547783817642,0.0001892137925131368,1.4460492396192967e-05,-0.00027702731829506636,1.2890148379750698e-05,6.0159331745413195e-05,3.699410404555358e-05,-0.00021853023988898952,0.0002016487945834288,2.857498186297963e-05,-0.0008412501050993963,-5.908451629825726e-06,-0.00016141624682052658,0.0012422811813296653,-0.0008959766587495261
3,-0.00010394112371512461,-0.00023111165518829356,-0.0017247843507386422,-0.0001365158754917057,0.030738505203675104,-0.0003191715302658942,0.0018827257687797862,0.0014027636371118043,0.0005168233340757194,-0.00029620616340203466,5.83758581940925e-05,0.000172422002715721,0.0003497989183126577,7.016103858745475e-05,7.924091824986388e-05,0.0001674848944061732,-0.00018916733794541347,-0.0009696677022128518,-0.0005456868042269839,-0.003252950556988607,0.0013340651040008521,0.00021876174451004464,-0.0004607781575790815,-0.00020071120764650772,-0.00020762480416923533,-0.0008644161123141306,-0.000501611722609236,5.937463140017123e-06,-0.00032440173616908054,-2.635980393507009e-06,0.00015185840026821158,-0.0002553341648992617,-0.0009158049866139121,-5.42433899943805e-05,7.895288185425417e-06,-0.0005977725874211783,-0.00012743253885027698,5.801686335007493e-05,2.3499142500014494e-05,-0.00011731188255697886,-0.00045109138604453914,8.274745859821334e-05,0.0010814908962524506,0.0008613697229866929,0.00015841965606666194,0.0011671739513897572,0.0012247655498339824,-2.8734612952948126e-05,0.00028502760374517677,0.006526054081544451,0.0003460876140927089,-0.0005454623039424919,0.0014431799922231695,0.004279014465933591,0.0009688897237712635,0.005510756425373114,-0.0005311904484978071,-7.23631342221976e-05,-0.00013161114529283818,-0.00020724966545914925,-3.4119162801730006e-05,-0.00046834677254457987,4.664689325039358e-05,-0.00013069852542660294
4,0.0005235578003392424,-0.00012267151052433123,-0.0007280330028924392,0.00021063843127721663,1.956102204586538e-07,-9.951761403348216e-06,0.00024275692960725985,-0.0002812854804443175,0.0019026475028615722,2.5582661494960675e-05,-4.5460403824154245e-07,0.000452976365989586,-0.00019128797992420317,1.564263800403072e-05,7.837696722549749e-05,5.776231220222339e-05,-2.0725108892110853e-05,0.00033378745679877073,0.00016120521293796087,-0.00010318124357545736,0.0011740880449944324,0.0012965299940362314,-0.0001397599226783135,0.0001511129129104668,0.00044141880394023004,0.00011442880724486745,0.0003068895390577805,7.191529727687257e-05,5.536552990268836e-05,-0.0006164156911588243,0.00015945722425951054,2.6965608440432436e-06,0.0018802072352943656,-0.00011980479372731588,-0.00026806350726804265,0.0003208934221419566,-3.8242954661939627e-05,-0.00042018562080826276,-1.378325495509579e-05,-5.457164483869047e-05,0.0006144699316480273,-0.0004787415243442364,6.765122663080141e-05,0.0021533416562951697,0.00015180824018048346,0.000477912165704686,0.0003501528406613153,0.00013490828986959568,0.0025821935280965443,0.0002361540544927806,0.0011924990566505147,0.0010791619317471624,-7.333587276112623e-05,-0.00874121321070095,0.07547429730442096,0.10587401097249226,0.0027572192234736306,9.890276885014498e-05,0.011960799627181162,-0.00040372291055929633,0.00023914088436471296,0.00010956605787617079,-0.00011823676001221334,-0.00014482369650666672
5,5.823470951482284e-05,0.0013883970197716678,0.0003682481600896704,-0.0009767803122727988,1.3587418788305917e-05,0.0008555834179488518,-0.00030554886384838664,-9.249034390655658e-06,0.0051686111230394745,0.030934273789921342,-8.566488905148247e-05,0.003611033571950409,0.00017582986099960588,0.0021768473060498074,0.0002923138309736139,0.0018963158989241783,-0.0016705141183189426,-0.0010214581283499874,-0.00014741883709902545,-1.7342442213089437e-05,0.0006315883494761062,-0.0007846298499754442,1.2132022148555835e-05,-0.00042372836340910685,0.0012163667628221026,-8.051977454034647e-05,0.0008653104983106363,0.0005370596306535503,0.0018569680214651277,-0.00037179126985331743,0.0010369215344189745,0.000394585098255038,0.0002484106945214321,4.006805882660012e-05,0.0014004132528934086,0.0003085396703759145,-2.5629257279151855e-05,-0.00023461251298617465,-0.00024265326542597824,0.0003470553874607977,0.0859577910659709,0.0008693663255114471,0.0033033246836759694,0.00922748087209854,0.11691966718394617,0.003472279652761092,0.15455211555533016,0.016381031640828592,2.6829410810376517e-05,-0.00017093154767682182,-0.00018549661368832092,0.00018938334264747165,0.00015177245028006415,-0.00013735377490294574,8.832417581007446e-05,-0.00011647362728025212,0.002604363993137871,-0.00010646941243382219,-8.520181202545389e-05,0.001192924016528819,-0.0002545784421722724,0.0002813541681320031,-0.0002585357567683707,-0.00016194383152693748
6,0.0003333595596180472,-0.00024282082723251958,-2.7442358044439955e-05,-0.0009466175602818193,5.241214008923799e-05,-0.0002462923571953148,-6.930732293233855e-05,-0.0009813287024971566,0.00029132960871189816,0.001369370936985903,-0.00021039788880250205,4.181278258043027e-05,8.999137737429255e-06,-0.0003246937718149196,-3.348104514526071e-05,-4.49001698714456e-05,3.960676677666205e-05,3.9734742784236566e-05,0.0001573446485651033,-0.00024530723114823554,0.00028362587783442843,0.00014329408496686292,-9.922406454715458e-05,0.00015248377455103567,0.0683386443328279,2.40998434423964e-05,0.0009664656810456747,-0.00035885394387754916,-0.00016743938881308133,0.00013384690693240303,-0.00023088344938380822,0.01645890522220082,0.00046233391111054735,0.018662900975294588,0.00034593505512322046,-0.014403197871997014,0.0005697695661259671,0.048869956524829415,-0.00024860966286937875,0.0008829218858656757,5.157930187603976e-05,-0.00023375258380667054,0.00027208169180846417,0.0018933862334765473,-0.00012070500913942563,-0.0005097710968781101,-9.52747823434667e-05,-0.0024720960896154327,0.00040056634979595196,-0.0001730555562560856,-0.0005144502196554201,-0.0008421023746979237,-0.00038439936941550215,0.0005113403394061435,-0.0008285965677280293,5.355867090507331e-05,-0.00043137681086556656,0.00019415790515925859,0.00045885942125067507,-0.00035943543938093817,0.0006350223723462891,-0.00011668280275415703,-7.676729724839348e-05,-0.0002581860822109341
7,0.030305780001532577,0.04568871952892706,0.002710297579472473,0.0004669327551528723,0.1161939636878302,-0.0008475205679568835,-0.006823929446135805,0.01299791032387688,-1.1716402327139807e-05,-0.00015577644539024302,-4.6700397343957206e-05,4.9611309245283274e-05,0.0003301316450001892,-0.00044505513916420514,-1.8445897771157465e-05,-0.0012014618961082614,0.004484513024654785,-8.480109618955646e-05,0.0022152670411289955,-0.0033313268237804444,-0.0017609258236715153,0.00011020165623091989,-0.0067072963063874134,0.0001712214142377868,0.006238329876002433,0.005988386384097801,0.01648634360358966,0.02106755470307691,0.0002972470530061028,0.0009430440833299353,0.0007767377250388099,0.035576379687791516,0.004820978487866477,0.0524055301646015,0.0021481488671060483,-0.021699834538735256,0.03629793453794975,-0.0029132443905961324,0.0024642347611650486,-0.01047250373152009,0.0002324541379684168,1.5470274837744173e-05,-2.7769166832167524e-05,1.4726640239994112e-05,-7.984272632931059e-05,-5.828258754448867e-05,0.0017790292771681423,-2.283537993384206e-05,-1.573128805095528e-05,0.00028534528430074365,0.00012840476336128687,0.0013761057647635694,0.0002818010899946489,4.472223712782955e-06,-8.776944365077784e-05,6.29566039344932e-05,-2.951241911043912e-05,-0.0007624815954594556,-0.0004489485109457905,0.0018956811252735701,-0.0011392275974369103,-0.00029352745655542863,-0.0017439427928910094,0.00018593300645146734
8,-0.009996265240742276,0.00027779664299179037,0.0010929134779576598,0.0006027134012507177,0.00047921958161268886,-0.001371790731920265,0.00031774481468981497,-0.0001573153433246614,3.3425993319261524e-06,4.492131844897402e-05,-7.605188899730868e-05,-0.0001780259238670429,0.0006414515399137557,-7.208117578313006e-06,0.0009015696440979429,0.0006472312473184262,9.187556650712876e-05,0.00024279543086378022,0.00010398086767652053,0.0008387005265867102,0.00013946565016369978,-0.0005596891508760392,-0.00041239545415801157,0.00011661592263720079,-2.886739032028151e-05,2.6516859236766124e-05,2.2686097186296248e-05,-4.9601457984816834e-05,1.4110100459114279e-05,-4.4357785679698695e-06,1.6935601819182714e-05,0.0007999469331939442,0.00012250747348071123,0.0013574500984093575,-0.00020735637991603752,-0.00016626144015852528,0.0003558266244212967,0.0033820031536990185,7.0037943020847444e-06,0.0006537193416916515,-9.14812901419461e-05,0.000303576973643248,-0.0001720611212197503,0.016338237765343284,6.421840127622918e-05,1.0538080861116978e-05,0.0004503327486097503,-0.0007546989189304219,-0.0001236449325509451,1.511978687346987e-05,1.1285807911962241e-05,0.002017804399595918,0.0015941624211216648,0.00047051486325499624,0.005594622329656968,4.323555539284847e-05,-9.671045669197053e-06,-3.9493974363198845e-05,-0.0020840795226310417,0.003318824218564904,0.00023565914162727993,-0.0013428030816599482,-0.0004613071431527911,1.6080149201569402e-05
9,-0.00011784620046434987,-0.0020580067609276545,-7.969556747738029e-05,-0.0001083230140807517,-0.000250205657444193,-0.00029007099721357806,-0.0022991464570040433,0.0016298771266055165,0.0019181108185520005,0.005563495193493014,0.00046123547297341423,-1.9983101108021557e-05,-0.0001843800320600029,-0.00798157691232538,-0.002329699282758246,0.0015229439536579787,-3.13908494359359e-05,-0.0003999633442008937,0.0003288750444243042,-9.279372205871775e-05,-0.0005020470308299446,-4.950890471485245e-05,-6.0264182144986307e-05,1.616189658777515e-05,0.046939469540634327,-0.006708992530759127,0.0002134028395709933,0.000809520618584763,-0.0013910832958206976,0.0030012486828738263,0.0010833158648493103,0.009451985449570434,-5.404181055403217e-07,0.00030729208505903693,-0.00022787881494020418,2.3701782476007723e-05,0.00033842053171177013,-0.00018228320482556088,-0.00014859793807992408,-0.0003293604449488348,-0.00015674125886125983,-0.022121166261061292,5.8342463324883415e-05,-9.66361655350253e-05,0.00019059780423075822,0.00045061002995951864,-8.223140845251644e-05,1.8505389442762218e-05,1.6460281325796685e-05,3.1062820537962515e-05,-8.850476342318845e-06,-0.0003979191624639244,-0.00019042224392374138,7.924573090693176e-05,0.0003107012538317075,-0.00042264840203401743,0.0005404943765520236,-2.660328371222927e-05,-0.00034753859630582036,-0.0014210983692831487,0.0005824606557792579,-0.02401139430696084,-0.0011712664270870942,0.00030840771771272656
10,0.00645003380244026,0.00013775107894908978,7.154292640946531e-05,0.00023551924695021793,-0.002914116362715599,-0.0016257326380604612,-0.02791548552523968,0.0011547195631234034,-0.001769807683960609,-0.002872489093378516,-0.0006872232074173599,0.06581698772670465,0.006320010811384202,8.864182247367149e-05,-0.004109559229054711,-0.0012087518288566813,0.00847736721783538,-0.00032113590775519437,0.008795402012059325,0.00913901397728215,0.0025059947287882794,-0.0001733076219941964,0.0004068521770046358,0.009808026271123073,0.011753420652631017,1.7808254602011338e-05,0.00018809418320384842,0.00017329942014201305,0.000665782436084528,6.15013287409048e-05,0.00040255214699838485,0.00010015785558554684,-0.0037199516383150132,-0.007986998539968726,0.002620007975522648,0.0011803087996568942,0.049268868585894555,-6.403138548971759e-05,0.04530526508970456,0.0007254688734353835,-6.374174487509425e-05,-0.00014519352547773422,0.0006021282906058703,-0.001011203011389119,2.1949331357317865e-05,-0.00019289796057752682,-0.00010822314579799798,2.884744490702084e-05,-0.004146195004797959,0.005303343287736199,0.003397924598190624,0.02994775808246141,0.0003875631830564022,-0.024290670491783253,0.14356014780965692,0.005808815077636343,-0.0009561967813580056,0.0005287354511234776,0.0009536198181487909,0.003932699188307616,-0.00015735922210408706,-0.0006153045322426951,-0.0077467856305941515,0.0001136626683915523
11,0.002530986834331567,0.000507553139810235,0.08424406940960541,0.0023994132187259883,-0.008094796273995748,2.484912669866684e-05,-0.0034623095445148505,-1.0815780211616671e-05,0.0005524014324017527,-0.00017903129470627847,0.00030228696690083655,-2.6483724205849997e-05,-0.0002799075918725484,0.00023202935884720436,-0.04952185329295542,0.0001661064409685509,0.004606092581701966,-0.0014064570463815347,-0.00012581776813452064,0.00011049914848090643,0.0007184481783469926,0.01766008423349006,0.00012696593706132474,-0.004981261116704587,2.920698202226072e-06,7.353414632408522e-05,-0.0002416415680891783,-0.0003869999892066262,-0.00021525709081364532,-0.0001407451391039358,0.0018608064882858334,0.00014688523092262686,3.3818027166993014e-05,0.0006319699728461798,0.00046064613713199374,0.0002819433119190461,-7.304617001126703e-05,-0.00013947599850611656,0.0006232947574319801,0.000984769097054158,3.961438116835528e-05,0.007863006779784229,-6.922502197759828e-05,4.718353840507699e-05,-0.003340573451842569,2.4266984423876676e-05,0.00014485549845417704,2.1280863458592037e-05,-0.005160027331163524,0.0001397996327477511,0.0005776996952372187,0.0006069868599672568,0.0009775798008060516,-0.004779986308504904,8.655710596311748e-05,0.000533340644258003,0.017453226200823894,0.0005868154551785837,0.0038280017769996445,-0.0016566389342706409,0.001470100165678752,-0.0028494026192758372,0.00038299962053523753,0.001015682849493598
12,0.002188152937928865,-0.0002785656739582734,0.0005258214211626625,0.0005840353210194716,0.0028782266843852206,0.0001105855729563635,7.746303687048659e-05,6.028361353032547e-06,-0.0009785927069557718,0.0005864951310508436,0.00014758107786923302,0.0002567290898251481,-9.987506114506412e-06,-9.555324991152408e-05,-0.000191433941260536,6.046107178659687e-05,-0.00019352850903156052,0.0004590257177577088,5.638590357898653e-05,0.003177153332112321,-6.40084293414653e-05,-0.0007706292205185815,-1.4526271024736644e-05,-3.8984917256759e-05,-0.00038831174328437363,-0.0015374336213754666,0.001222217146242269,-0.0010081358801875707,-0.0007551616570369302,-0.0005299439477233652,0.00022568550861812035,-0.005196160308513973,-2.1381347445127184e-05,0.0012542583257344035,0.0008234888247416879,-0.00017245236990395688,2.5134045034753797e-06,0.0005955117683323834,-6.445799477629995e-05,0.00022601412497658802,0.00026958283824936075,-0.0008362480146221559,0.0009511698367832448,0.0004629880935518597,-0.00488770595547645,0.0001310425513255224,0.00019380637784181752,0.00016984940027088468,0.0038341770938529122,-9.218429958756556e-06,0.00031783471873893286,-4.813122514343767e-05,0.0031062945712236325,0.0003822888272381673,-2.9011651410391808e-05,-0.00010337664197121585,0.5823881136277483,-0.00013442370275189457,-0.0022817554575100896,0.0036446157054886657,0.001027186500745989,0.0023491308940369717,-0.18601544360666225,-0.05280843695697683
13,2.0234714953437185e-05,0.012306138906992233,-0.0024126073101237468,-5.646615971933188e-05,0.0005958557490420393,-0.0004833874330093969,-0.0007487084487787777,-0.00015103943516034935,0.00031077816596620427,-0.0004883596985696223,0.0006760292834093216,-0.0016594110247400142,-0.0004199874319751815,-1.6441663347276266e-06,-0.0003449517366468599,-0.00290292876520511,0.002673334204129327,0.0013459099342282563,0.0043045460409608365,0.006159308826137077,0.008581264169040821,-8.947908923515623e-05,-0.0006191931139618456,-2.8321379689757613e-05,0.0013680842177627483,0.0036173376556234518,0.000330372051907094,0.0034210459584083554,-0.0012949633724857596,-0.00013735354895659318,-0.00017142286799548822,0.0005045888819777704,-0.040755851057282536,0.008365622065661982,0.02998313441070487,0.002262131746652183,0.00011629385872262988,0.019820957313982982,-0.0009764403082187473,-0.0008777744215125835,-0.00011436757578643654,0.002283821781988482,0.006206948979502825,-0.0002968545955089651,0.003991392365543114,-1.656462334610641e-05,-4.47149842503039e-05,7.722936316455174e-05,-0.0015060861875289678,0.00023684770975987893,0.00020289584892640845,0.001826636080853952,-0.00015199672461821656,0.0011839616289637674,8.680998510805057e-05,5.693766454388683e-05,0.005285185335982107,0.0009746087871779996,-5.772671435618411e-05,-0.0004168583462869154,-0.0015086784247108453,0.009080306249102289,-0.0001367155668679416,-0.00010317055631352753
14,-0.0027382093636351516,0.0013182020440437832,0.03719448989046804,0.002458670358028803,0.006674534448445792,0.0011061548825192402,0.012484072554373579,0.002403412559341536,0.07537090859691513,-0.04276402598533601,-0.11270926231864369,0.0025030574263543047,0.055991018785501265,0.02780025632567619,0.0044832222383974895,0.3690465966167551,0.03469182289939111,0.041848090853629644,1.134657529378317,0.5450247879548901,0.11410881082970054,1.8091001705837755,0.005010188936373787,0.012531711442439822,-0.007417190065882801,-0.0004502129970489709,0.00016410663509296652,3.155850162100711e-05,-0.00012085092528648975,0.0001136582398432682,0.0019321416344400399,0.08567576665061274,0.0016904180930183191,0.053355399906138204,0.0665151134777286,0.007374716491930588,0.1425608995739848,0.003916294309024652,-0.013242731680013267,0.00252029008265243,0.0049819852295384616,0.06713922716072783,0.011625451875329469,0.03636457488065059,-0.01004036345926535,0.015619098643085286,0.03907160003407603,0.016642296467883014,-0.0004948415568238231,-0.0002118251466498048,-0.0010741564972641055,3.0023297909267107e-06,0.00011673571938723349,0.0014755653557766615,0.00019046962487145357,-0.00018100281209996064,0.0022240003191041986,0.0004440550554693423,0.003104434761700981,0.0011023542391160337,0.011260824369787719,-2.393693613048026e-05,0.0006107973094416755,0.0002574508528170757
15,2.8569785097138112e-05,-3.0188396900684464e-05,0.00040263041481093583,-2.626414390284075e-07,-0.0005793976368011134,-4.966381917495136e-05,0.0006674362729226547,-3.1140579971244936e-05,-0.0005919078338137177,0.0029447655319896427,-0.0036638030687726926,0.0008061422011091263,-0.013810629913353216,0.09850731214128541,7.93480168155175e-05,0.004809685418603997,0.025309645831358984,0.049223528927795086,0.06441866257951692,0.6318196491186505,0.018800123791698257,-0.17999148712273888,0.028786568862186227,-0.20148712690351947,-0.0015191702882478948,-0.0029003339974242146,-0.00022247002104903331,-0.00022764697139963087,-0.005335900347914273,-0.0001226549147655791,0.00013733018610494047,-1.492773248356065e-05,0.0005467142726183887,1.4954077826928476e-05,0.0013357613283725663,0.0003013793404487343,9.578764664575586e-05,-0.0014700782940729347,0.0004669242595704423,-3.4774542758643486e-05,-0.0059908334733501725,0.25419208332839743,0.011791515567250284,-0.008955552055584473,-0.004000103771912498,-0.1239972089256998,0.020338409863429326,0.007141911504483747,0.001485943161600735,-0.0016347510603180976,0.06564801890710885,-0.0011562784121197404,-0.014484626041207014,-0.003302488117348162,0.052219937478528954,0.00016679792715076805,0.00029756916210992994,-0.03058178086819479,-0.06677511589738616,0.0005182476998098441,0.19896283269018905,0.052731840785838514,0.01405521619491635,0.01192717610027322
16,-0.0033939143217721606,0.0027911516642190903,0.0018492948837222428,0.0028697549618944425,0.002711341632325329,0.01190382210570271,-0.03195590119727007,-8.52204525985901e-05,0.0030180249275629763,0.0007094633769049099,-2.5909718823657896e-06,-0.007971557186262636,-0.000584169081253388,-0.002902695227066977,-0.0017685141863472268,0.0013756690556755386,0.00016828320801845736,-0.024933270562137955,0.08963212540332254,4.43854415118473e-05,-0.0005933660914990106,0.0056811680479244885,0.0003323949946879992,0.0009593457503242929,-9.452438065280883e-05,0.02364780868518705,-0.011998926355045252,-0.13014447065444495,-0.12230563796407079,0.0018685075529964695,-0.007077314710870125,-0.06616505065408956,-0.0029660992047567994,-0.001358309869426412,0.009580055450832781,0.0019027783709823227,-0.07116189049987562,0.06256211246840425,0.010312176546063543,-0.00038961445950846967,0.0048382320216065365,0.004191426818708833,0.001911764166588309,-0.010877908586642341,-0.0017754192872875296,-0.0011890440659598923,0.14742984149924185,0.3760009950720243,0.0004867280044729189,0.0008114371180443968,0.0037955587067506455,-3.791876685174426e-06,0.0012676112122206732,-0.0038858700015492477,0.004977977845233168,0.00032148151527850176,0.00010623129323362272,0.015488452492020544,0.002539987632774605,-0.006548541707464743,0.0018584805966508143,-0.024041488913535348,0.04574077395076911,-0.00013773725103301623
17,-0.0006865768201248147,7.321452262999358e-05,-0.0021097452194063482,-0.00020752014582404885,-0.00022464986096918388,0.0015769545285425183,6.0877716839539666e-05,-0.0012429427522163304,0.0167742476850138,-0.006323038582733131,0.26908770974067414,0.04052463528602027,-0.2712884791607745,0.010718739330994534,0.0024660615147380238,-0.004074489284049751,0.02994233609330392,0.0005170404233202237,0.12957613281990382,0.016048518521393492,-0.015252325189574548,0.016147035102757473,0.005358529687379688,0.00809624088452204,0.12306956073567214,0.16043921435213704,0.10604702513537866,0.08047228531913381,0.037355574809574014,0.16619923948066717,0.021850513634670856,0.029102355806641365,4.0588255087657586e-05,-0.004642624128398072,-3.0221000957707886e-05,-0.0010167753452419621,0.00014845795302431138,-0.000522581350631654,-0.0022521911921873526,0.0006686699399449205,0.001858002674950173,0.0037953107080466826,0.015870755870203073,0.01668954925884163,0.0010984962505314558,0.036364904581551484,0.021883509753778903,0.001607942617328171,0.3379232567128492,0.007737465569971185,0.012729705509767106,0.005960484722331223,0.04917690806356319,0.07855326990181068,0.006002656070457614,0.09391098658725834,0.5619553109748152,0.10255233151520446,0.08430260867219336,-0.016160272304717116,0.22178984230625712,1.8715142863912055,-0.4416254953148692,0.03413425240216606
18,0.017954025962661848,0.002938359501327503,0.06315561024143083,0.005753331332608007,0.49457412962664066,-0.025016894568269048,0.08902902436852907,0.015346610970891182,0.08749434186980252,0.10705471400332506,0.26663602202836995,0.024259597627930427,0.10075906228621499,0.199835147525073,0.054819802608880426,0.014698019165085334,0.03842556991750675,0.013011609540914747,-0.04024656005118994,-0.0010530798610545546,0.011038442558190243,0.0006992196928288916,0.002376678588265627,0.003313854845117854,0.0011235736734131428,0.00015177791818151776,0.014002652490021516,0.045933076339386196,0.0007248579145291274,0.002370549477439111,0.0007753979536147625,-0.03447735101730196,0.010572523127187827,0.012011024064417586,0.0012189640612020242,0.04492487339832459,0.0029940296068979616,0.004455038595597251,0.002465215390879973,0.0035135147696286092,0.11932989356190621,0.20857651763291318,0.06282624482566249,1.4531166157639326,0.3358070772646773,0.46711314492735384,0.009463999649175103,-0.009419676207339248,1.3566156001231995,0.15291598640308857,0.37055091192724127,-0.045584712632232044,0.006577054328137586,0.07307059553376286,0.06451693369277596,0.03924383983366231,0.03313257768354785,0.004040341742387588,0.028865146130843088,0.0773065724636769,-0.01735185329619459,0.001533437444008689,0.021751010481203207,0.0015427457102326566
19,1.0979361140068233,0.07395238203926463,0.0012810166990151453,0.046560705385938386,0.8795999869692949,0.017687026075199754,0.11872286503743366,0.09216257981769599,0.0037008344087752546,0.032421445376589225,-0.0013764473956312713,0.00794303480470786,0.004032116211030047,0.04262378018764586,0.0036385191309352646,0.0022732443299774323,-0.0002247236098549048,-0.0022368933595971145,0.12283521425190796,-0.0020621019931703565,7.849118310091123e-05,0.00013170827962486406,0.0010246691873708024,0.002928798898229822,-0.000284236158901674,0.0014025686002301847,0.006614486225813605,0.0013514864706830416,0.008779453454006794,0.0012944426113588507,-0.0007674540417767367,0.0010315222302741231,0.011882481925680928,-0.02609401728909878,0.8123510908773218,0.11040719229674321,-0.007398567749208533,0.01935254488143169,0.1378518105276251,0.15491208531261846,0.0008965458627719537,-0.006615408086885188,0.0029699092023385302,0.0006128705930673686,0.005060172785946237,0.015606939837822326,0.007778715057025992,0.003262310158221265,0.0008441393261519768,-7.92763466361359e-05,0.00019939240404292415,0.0024142507534301787,0.006755909113562225,0.003037056478250199,0.0046322774127905255,-7.320932586415845e-06,0.006262935409950793,0.0007217720297812707,0.0011978679032285994,0.0005830570637411558,0.0007679804063729027,0.0006493918366103238,0.00013196007422735517,-0.002230916084711799
20,0.014360424241303852,0.025922016450362823,0.007226999642905003,0.001011780485047634,0.02814456384411538,0.003933975604377615,0.028129343375552323,0.008566409552793235,0.07232355981093631,0.14298435989160083,0.014164304986336269,-0.0043468547644626016,0.0009231249250364266,0.18457011583630473,0.09829272457466964,-0.004932549616167996,-0.0005447830188626849,0.006731772260109162,-0.0006160682986594303,0.0001942450752576409,-0.000500417279871778,0.13828373606047728,0.004359199026482322,0.004719677434173653,0.00012605627709215148,0.0023864714642019267,0.00011484432256610173,-0.00018375072631084545,-0.00011020166752825061,0.00019399201535563797,0.0010190695140106937,0.00012010156294900095,0.0003175824496491194,-0.00013842602585915627,0.0002058523003127673,-0.00015871596209835503,0.004174584755850515,-0.0003175702937359691,0.06795690708579757,0.015322232806745854,-0.00020156501368016191,-8.486128829481807e-05,0.0002465107117393339,0.002612960618765992,-0.0001250943783289408,4.096407163676502e-05,-1.8092427315183352e-05,-0.0004056853900993304,-0.006798455713371873,-0.004806043525100025,0.015066121906109883,0.02735724640760212,0.01615016509223111,0.049931045370268226,0.010743564145866897,0.010499665012316237,0.10858666490116654,0.02968809114793108,0.15944932499466927,0.044445619156543194,0.3111375139191622,0.49469961263267626,-0.34902949474181433,-0.352518036837285
21,0.0001919955986751685,0.0002059818579447485,0.00024346423203335757,0.0002842545961231083,0.0005936614485560679,-0.00011465809759179088,0.00012262270611465882,0.0002106279925562482,0.0034851515446764816,0.0013546842892482645,0.0016400983064259601,0.0008400936665364969,0.006501431443458076,0.0038689720169715227,0.0014201070861982656,0.0020969479801620492,0.005655931468440151,0.4607745814811469,0.02471719066512865,-0.48823155192735973,0.1443812303058662,0.07793322108386591,0.021926957969867975,-0.0066168425750154,-0.12326417392270866,0.16059667256133317,0.36842542276678886,0.05520476600814715,0.03752167176079624,0.4694733695607912,-0.4013909838071278,0.4872167903966665,0.017859106808561915,0.6895983090809207,0.0027366725670017016,0.053001776891192134,-0.11371119154322049,0.010216167065300121,0.021402526751352676,0.13952951091451118,0.007458976762958148,-0.002607636238427845,-0.01773162173718734,0.001206247439612217,0.002066196140870622,0.0035140501720784196,0.001764136973070863,0.04698046958292859,0.14305659620214178,0.004380787928236353,0.2989166467997773,0.15887035286001766,0.02952041076475061,0.032475397747696304,-0.015075315572349658,0.033143898860535176,0.06621150666787103,-0.01755333959016952,-0.003946009325746157,0.13400533616859142,0.17986492825060563,-0.25405109859579345,-0.0007663687763112889,0.6412371099673048
22,0.0007131915593165232,0.004124295449419575,0.002051661713182971,0.0008808626561023756,0.0017005662469813125,0.0022942611807851266,0.0014815353777844064,0.002687969562047536,-0.02770553022013007,0.27353577978959853,0.08613421575330803,0.06860537236165241,0.01732894920597843,0.2775833326546508,0.05073785131134889,-0.017763007672290353,0.0002767621250745512,0.0018012675261117794,0.00030766261446373374,0.001079064661847359,0.00019767612693342957,0.0007636636789320202,0.00024092503575503312,0.0012239501998675612,0.03902953388656605,0.0009929918718663358,0.013841626136207147,0.026213344432261063,0.007344107089212576,0.003264935745083081,0.008393037942795249,0.0038656337049714157,0.002654752738553525,0.00048240447604719545,0.004298664567324138,6.587545784970023e-05,0.00017591992321115482,0.0011227821381910904,-0.0032679758079129716,0.0014793688009144947,0.0012397103638609125,0.0008537630247653896,0.00046479026416287357,0.0012921012649940913,0.003293826554741613,0.0014929657546383878,0.00108408674857576,0.0032078279881336317,0.015383284411889481,-0.0017024019254347517,-0.00047261033481138087,0.09901502839175927,-0.020067483209316436,0.012220663225406766,0.20175693214075235,0.009839623330487185,0.0007116076076816972,0.00050265231848304,0.000721485959118825,0.0015637347696404083,0.001012078689028586,0.002052865216368706,0.0031803968370277117,0.00491603438469205
23,-3.548591221887625e-05,-0.0001844034175063034,-0.00020537568910091093,0.0028265070246421007,-4.7260382755675765e-05,0.003146880499063973,-6.549116831282242e-06,-0.00011296659549859536,0.021405553347780635,0.1922869447327817,0.0581389333914409,0.0724289122632817,0.0566751958747268,-0.2040175003387243,0.0174667873194581,0.20213651620953077,-0.04927110202028681,0.024306697136891257,0.0002757068652831925,-0.07618946266318923,0.022487103893867127,-0.008956924724795767,0.3732686191006444,0.09308556447524388,8.370760627728809e-05,0.00012210777440335108,0.000334826041750144,-5.837357613604193e-05,-0.0017922465054712312,-0.000178483510396985,0.00039237588531054887,0.000510379344428284,0.0017012078442114437,0.0020177935541715497,0.002420947079951336,0.0713154848458823,0.06506331026599296,-0.0009876219407458301,0.07348961645766945,-0.001051426295352036,-0.013540931684307478,0.3429225548548261,0.16421837911540763,0.09448861678140104,0.32816281727175534,-0.012557243017467069,0.025477381164689603,0.014826154238893914,0.5025008680966878,0.0021015021094234745,0.010363113889195325,0.013004460237169013,0.009489509171839461,0.021350770940194986,0.043542183737939194,0.003349761243477473,0.0006798423990505497,0.0026921324878140165,0.0031716733199344464,0.0023584727358872282,0.0017066420344713415,0.0015819680519046117,0.0008515155478080522,0.0007273353483750977
24,-0.022846615251218668,-0.01494943417772549,-0.10133040502633535,0.13356954821860637,0.0003764957889993616,0.03077393503601213,-0.042735862587327936,0.13972002308507867,0.000552393366117376,0.0004972427563743093,0.0008066902565540393,0.00179136965291079,0.003263814960852819,0.001673944526047661,0.0032318477110034865,0.0011369331575325646,0.0012338310593090905,0.0005999802639305395,0.004553708278201939,0.0015334767586720297,0.0021457417251667787,0.002674603661052016,0.009756975412549532,0.00032182197122521155,0.0026362339956820047,0.005552737165166174,1.1828742847920032e-05,0.009327856856281782,0.0012438741482234954,0.02072157726042012,0.01408729235090208,0.025479886457719435,-0.00031097591420391457,0.0021080475489780506,0.0006583089445286184,0.0018248612271555438,0.006564169240955877,0.01805166514919417,0.00854350907771853,0.02202873721639707,-0.00043301423270201587,0.038035633529651516,0.09153449237120703,0.0018731228233377882,0.0053757384837441954,0.003315300178672437,0.05501780824466037,0.005681656815049501,0.014300005105158161,-0.003940339699398848,0.02188592177615914,0.01790355931094779,0.0007581341167215731,0.0011432311858436694,0.0011662274621669917,0.06513703890692744,0.00018961980679071903,0.0007557216424486463,0.001131530057489194,0.0001509961664360223,0.00030356044566838466,0.00015336149700488096,5.682279342407346e-05,0.001912765380014879
25,0.00022532688658557216,0.0019174530435638777,0.000817111534454141,-2.1137144639696285e-05,0.0008928597741636718,0.000144129160048827,0.0005172147861116228,0.0001424787575950856,0.019337631699892496,-0.002407462240801877,6.593607925301679e-05,0.010071925813271477,0.0005017377102890193,0.0007900459645280724,-0.008924837271492982,-0.016019714158805053,0.00012852898865959653,0.00021301059672287412,0.00021774830738641995,4.950208678400726e-05,4.487034495441798e-05,0.00014803782839770536,0.00032349270884966125,0.00020061518045153947,8.934659430075346e-05,0.0001855878508208457,0.00013311059299610334,0.00018681487502068212,0.0033313308004360473,-9.058356013959649e-05,8.671422904869372e-05,-0.0007400798291487629,0.5255468511689875,0.06774781742630988,0.03891004659263721,0.10944933743075587,0.023751252342843032,-0.05912801223419398,0.07022564622649105,-0.06137346118756367,0.0009281216379907433,0.00019575786509234017,0.00033846565319607295,0.0012005871674434163,0.0002527889471509592,0.004996601427206946,4.787536350681214e-05,0.00035597202089177114,6.478297339866667e-05,0.0014405828068164183,7.486867579300492e-05,0.00021292446597766406,-0.00018289018707622385,-7.659204761759296e-05,-1.8831068498785315e-05,0.0016223808596584263,-0.004604792938348107,0.13842883627011615,0.023498718805436025,0.010820503032415359,-0.03931956258662457,0.011986740436221362,-0.011051169302176127,0.052236499164572625
26,0.00027687862300800504,-1.9557101876558255e-05,0.00013699813536209379,-0.00028590933674659663,-0.000625418749065269,-0.000820525041396551,-0.0003263064638243387,0.008185861687302318,0.0001325944411745445,0.00025212787334623815,0.0013557771013215092,5.230296281717378e-06,0.00012528866958762359,-3.5176682056523746e-06,0.000934424546742814,0.0004511620620600258,-6.952284184977255e-05,-3.370509353707125e-05,-0.00028261964839909344,9.552785354276687e-06,0.0006177018681107542,1.2202458096053118e-05,7.963738629454667e-05,-0.0007758543200344578,-1.1046892907964723,-0.002699897540528454,0.07770253746142615,0.9690557773407885,0.23275064174834303,0.2102106078453729,-0.12299537080268773,0.1688321325433715,0.056945793550967086,0.019283534723127133,-0.007132501291270686,-0.00568321494101755,0.07955718456207576,0.05408086480291799,0.032034719957376265,0.5401542611516181,0.03960198177542987,0.00040120141717679355,0.0006655331720810393,0.00031153797832195337,0.00044071285719216204,0.007819422995890515,0.00119762930389242,0.00024181656353033855,0.000259739960387767,0.00024630012974945236,0.0021838910476649864,0.0005573841366829352,-0.000385853447093485,0.0013503370364567294,0.0015220225444790823,0.001152973269042512,0.0019313285891263208,0.011563721708134325,5.494730322535728e-05,-0.0011982888864512872,0.0006199796783643915,0.0006358272835917262,0.0023360049932449477,0.00011468719948052186
27,0.001287457886927954,0.017144819206139462,-3.322303701838491e-05,0.00034727808017455815,0.0008844913543400374,0.010832920320292509,0.00014143056992421186,0.028648445875559727,-0.00034799062455577153,0.16109413048640808,0.08562097845880076,0.006629789481116028,8.510621412854154e-05,0.003820331102071883,0.050890687562192,0.08890309019283962,0.007983708761242684,0.08205932374249994,0.08929792726645423,0.0409111271670951,0.096323439892356,0.34314321441303336,0.042422961971812216,-0.005503705814989161,-0.0005024815256438353,0.0002352182751265874,0.0004589978811684845,0.0011676162187577743,0.0033553834210931577,0.007350513119874713,0.0007524085460602088,0.023169226136688394,-0.00306404929345444,0.01218513361516552,0.15827804808367194,0.06995885240209201,0.3658271078090942,-0.005816424950403729,3.345062695460576,0.07543728548618227,0.4398701445815959,0.00041166700315438957,0.018975312823685305,0.07100969015241483,-0.38258674743050786,0.012607937423092927,-0.003924198815820793,0.0013714917597217545,0.02113096238628674,0.0509498312764316,0.2984457008760928,0.009946338691161924,0.007622369588370392,0.14639801505481412,0.12117669435953714,0.10605725309358933,-0.0014182232472822467,0.001289414672620194,0.0008236024305619845,0.008630543608300336,0.0007600090194598022,-0.0004087851931417944,0.0046133774532523455,0.0005640401543768369
28,-0.07383151629189816,0.505802458212898,0.011065275584142076,0.15817340275299557,0.09285417662324826,-0.2784127675736827,0.09077386660861463,0.0037889285373181626,0.17027932572672094,-0.04209795497058466,0.07784007045696684,0.4092555765494693,0.04262146505105667,-0.0019365994653709009,0.026982298757742534,0.014300869485480573,-0.013657258260060296,-0.04010731926282488,0.09967993099279165,0.003243492307583432,0.015940277209509676,0.016788200233089284,0.038766984870887505,0.007576049368339925,0.02292451251176743,0.0002931418791243847,0.000925743462372401,0.0058384411618780056,0.000616290607264407,0.025327248678142324,0.0006316592062486699,0.00825333161458904,0.00013699522065429515,-0.00010999049807787758,3.1538855586657134e-05,0.0010005804152991217,4.3256839538182694e-05,7.277119331417187e-05,0.00019696944585977864,-9.683843269955415e-05,0.4224575699234298,0.05003802608232592,0.08112324070442437,0.27687319884976264,0.07901539343428304,0.083824567671885,-0.0013575463515506539,0.3917643769027791,0.00023808842630798643,8.087405840314556e-05,0.00042529120600703246,0.0011298685836647407,-5.103473730209642e-05,5.013405869999542e-05,6.5030746156291765e-06,9.839592601784955e-05,0.00016247611591723707,0.02356383039519315,-8.286290588118949e-05,-0.00016132116860020327,5.6791883964626295e-05,0.00035795865409567516,-4.738655119253173e-05,0.0060020387850538
29,0.0004693570690140519,0.005005509768407211,0.0005376410357784011,-4.8417273211245105e-05,0.005515539709413654,0.0040591122798616,0.015188483237497186,0.00020495992523869366,0.09049226877994841,0.3320166925483802,0.10709068610688066,0.027191159217261833,0.047057231327545655,0.5138364246706786,0.0075875503534254835,0.09233642329403267,-5.7080507820714145e-05,-7.092274889248177e-05,0.0035504011424587387,0.0005718188542502683,-3.793946353660905e-05,8.411819596829266e-05,0.0004665500020510858,0.0013274403572805557,-0.03658502403762505,0.05843776821457499,0.04189920027749479,-0.48208520989060133,0.16934183712164683,0.1671330044900404,0.04745909406706815,0.0955801002901553,0.005819351768927469,0.00019636381928716523,-0.00015137022060368016,-0.016419691963571775,-0.000257258708048625,-6.856097697850077e-05,-0.002709223520945564,0.0005336895957871582,0.0006321918069638484,0.00032233125427801783,0.0016101230898980757,-0.0008189363674831915,0.0006639626642535185,0.0005961000422260118,0.01669869267461515,-2.9479851769714894e-05,0.028508019320796708,0.002809944615570138,-0.0004108741122543003,-0.012018727207834564,0.0012911105354777603,0.002125833321919127,-0.000377300564677001,0.05316944715197652,0.049110579255677425,-0.08795387406887838,-0.21795192860219403,-0.1384213240061681,0.07069362845720895,0.3125934788817434,0.15741444573969982,0.10050015453139068
30,0.009934167232903864,0.10458740164964284,0.008386060990918487,0.1344418818522259,0.0021040120117586628,-0.010700979225557803,0.08887858965615597,-0.002749509211287885,0.002339908261476276,0.0009094965647711184,2.285519542794927e-05,-7.612358177134445e-06,0.008603163249931885,-0.0002725925112963636,0.00029594216769712376,5.058170359092711e-06,-0.0002241689115875713,1.3318723399499344e-05,7.009027219342747e-05,-0.00012842053441589448,0.0009662216138080529,-0.00011713148699826362,-9.115845800982631e-05,0.0007994220146543619,0.920382762154094,0.16659067542919884,0.09598439168170873,0.015210895668475171,0.044799395453487045,-0.06126862497741838,-0.209837802889855,-0.011615164628798894,0.045222334467704954,2.748471853677028,0.004117274347627762,0.21378222878364292,0.0027867950572490322,0.014038271032742609,0.006780837411858802,0.19395107821680724,-0.03283696322842382,0.007726842657556308,0.08246191457151192,-0.0020239188690995345,0.007223714202348712,0.0009415129805442686,0.016109076117457,0.5447760199488249,0.15368286780645848,0.05902060132030287,0.00862839259913331,0.04807661228599288,0.21673636910045932,-0.07017354842295151,-0.055951989718329466,0.07883865133752599,0.00028465461152533955,-0.019585263105483558,0.0501418334232125,0.03636457867654912,0.01132804087565829,0.07747047285494975,0.008437713770544645,-0.0032141566547685897
31,0.13351906059907187,0.012930500950209565,0.005041334283812828,0.06728485662707603,0.003969555103570968,0.003966767106479179,0.005701765497133892,0.047423233309869424,0.0018436229075329887,0.023714887996439324,0.002887307015940306,0.0019306740677654966,0.0001323720195964023,-0.003655272780990312,0.00015529870444666932,0.001753570276105648,0.03502263147962916,-0.002819853356790146,0.0044422587090319435,0.0011956476641026652,0.022732797583637138,0.01886329332746458,-0.00367719752938572,-0.00016004520442288762,0.00352900601228681,0.01709314220506554,0.08347804985595889,0.08504992637605356,-0.002888108673558441,0.01798211308118518,0.014526701226570644,0.1340319942216967,0.2808936265854333,0.055531296972255985,0.15330589242375556,-0.254425083533483,-0.13462920402197154,0.002093931867644315,1.349635288333965,0.45330165027216407,0.05844072250817381,-0.0004950379493834847,-0.13633240995486637,0.0026162084618511303,0.05388644538746357,0.07785737107792436,0.03576638465401257,-0.01059824991985376,0.008861517526599113,0.09638653134106685,0.004315265658409691,0.3299054658440047,0.006771290094405978,0.05004038893878234,0.03966892407282091,0.050095249433423465,0.0008831127201453403,0.005529380549618112,0.014071321378972514,-0.002072119550148224,0.0007378889630471688,0.006565303672345142,0.0032664558216872943,0.000412468118501303
32,0.09807705752681475,0.005811499681682457,0.016182347081482997,0.00037018018206292003,-0.007446923158311591,0.013656471605279212,0.036376283600802126,0.004886650605306561,0.00014308241843454133,-6.341814452540725e-05,-0.0001244603728958866,-0.0006511037868473724,0.002761894776298748,-0.0008175103749354041,-0.00040057113985838405,-0.00022304437664803908,0.061976424846981765,0.0015537605039814913,0.04199864125052937,0.037799668908571095,0.0028736835361159695,0.009081121644257957,0.21266189355394713,0.03620659609108463,0.0006176590286844871,5.510521712313297e-05,0.0006988480562870928,7.079441137075339e-05,3.965453183316305e-05,0.0006493367057031007,0.0002621137526470857,0.0005793448557358422,0.021483784285885897,0.007785672577517425,1.8133459170720622e-05,0.004003072164562998,0.0019682843726724275,0.0011384116600100245,0.0017675393182640321,0.013037583247742209,0.011009118699774405,0.0007367754542890921,0.0003262990527843495,0.043341768248863884,0.0017786537543492765,0.024600418703948305,0.0014675582693416647,0.0009050494888860966,0.02165545506220681,0.0006803070802956129,0.027624497547395488,-0.0008208265441940802,0.1555513464383233,0.04032089748194581,-0.0005153463680333863,-0.001198372396218949,0.00015413679798233297,0.005369270634163141,-0.0029514090774455143,0.019120621626986255,0.016957209994162097,-0.0011412016454296116,0.006166365943775656,0.003940645178851979
33,0.03216407405688421,0.005762430462898676,0.001067891547497339,0.0015969680420280562,0.0016391875619143597,0.0017768888422898782,0.000729868681345853,0.0014806700258927377,0.001137029591430942,0.009244962385696746,0.051840471986390316,0.03499864284697584,0.03841266892370263,0.006498432954754947,0.20746823673089224,0.06190310110189049,1.6130058282789992,0.009949563397341736,0.24097833640653135,0.2116488210173427,0.02619963798494028,0.014016389304530539,-0.0017698040688191516,0.010945964347602203,0.0019258229094440966,-0.0024356975801249534,0.00020907696130331556,0.0003390525488170128,0.0007903190884651614,0.013141820067433899,0.005161359149276352,0.0037499287527921624,0.002139092033970439,0.00022097118340087983,0.0025563381041786362,0.003811389772705818,0.0020672336864688335,0.0030486806040916407,0.006887466280274178,-0.0014751479876954237,0.07484007713196403,0.017103133009996625,-0.058388687608095624,-0.17161936277327347,-0.02552696102220421,0.06957926833331358,-0.0005914328042262424,0.09323933379409709,0.009303011615860182,0.0474970718511042,0.0038609466740721723,0.020151739142174246,0.009909856852660855,0.018574951452409977,0.016922448239966355,0.007546259292243917,0.025540641802020647,0.0007112458224003748,0.01997635995374655,0.00014806019708548277,0.0015148520017772853,0.0025852129620254917,0.005637228534111387,0.0012334586545497362
34,0.08796720815662908,0.23263954700530706,0.10928079808996517,-0.009624969968296888,0.3734335389618082,0.05096445380059764,0.24231160636016869,0.18474244239928597,0.0005150216379519926,8.102255033850121e-05,0.004042976818995733,0.00010018429130744997,0.00294343226782023,0.0008313719118246904,0.00015322340989851985,0.000687880349755746,0.003015707621888921,0.010912313887890403,-0.00043222287823703665,0.0012383706828154241,0.0038466055886685804,0.00631567526261313,0.0015667338006147549,0.006517151434191978,0.004068873161796009,0.007674917838535497,0.036841472773230195,-0.0001109776124527637,0.0004042740388744434,0.0037845657846076277,0.006284969335618211,0.008934391186578966,0.011536040027725417,0.04103669549046907,0.011474756872771453,0.03519688852814854,0.0054457912488450055,0.031430025368228476,0.0077507877277550674,0.012433345612474604,0.04817691944692061,0.03979951744282038,0.048113640010853984,0.05476108981950252,-0.03164011714492809,0.0347958739008119,0.012454607705440912,0.04813538436369068,0.06862815932128537,0.016352426472534456,0.009815800271312607,0.012762018367139746,0.002683880114031164,0.016081252542745894,0.004458860161631644,0.04669687764223459,0.004134505693437115,0.002575189620821289,0.004877803721511065,0.01820295158889458,0.0008397039090981575,0.003297724445450026,0.0009560252428958605,0.0033242760326394187
35,0.024293125895860974,0.028194898181652103,0.005474175351239048,0.009463540887724187,0.00585174560546875,0.08222019464523166,0.0020988629205919212,0.05603161682406549,3.7506753698815086e-05,0.00010127780381434337,4.723381146596312e-05,0.00034466460403661517,0.0011785037595273165,-6.869636402607321e-05,0.00013244170144798595,0.001044870688212109,0.010970292080524205,0.041814521373086486,0.0380613314011858,0.6578155355619788,0.07468296814543267,0.1445092005292243,-0.0009978253159945983,0.009435556077704093,0.05833029439722254,0.2144550673432021,0.0069994093162530835,0.03770923686804782,0.027777093391331692,0.04900657995077947,0.017684705515898385,0.011604450072548081,0.002416015303975437,0.10921430840828457,0.004805183844461506,-0.0008206902533611447,0.05884970996848013,0.127072071830281,-0.002979358097565183,0.02175063378346337,0.44876683418094615,0.004606819948163151,0.058858663227813,2.1176242090880284,0.06990993809211968,-0.01461028040494767,0.26164252546540345,0.0006160777658111125,0.0027646353246589066,0.036583084152719124,0.15064605065057277,0.008907538638863264,0.01687425153557327,0.11079536449556734,0.005500735253253789,0.02427383767013029,-9.691606786234888e-05,0.006582694671839091,0.004180739014504805,0.0027063953957836033,0.00025749631322088674,0.0002665172208882923,0.0002645288478975683,0.000512612598063463
36,0.005887395238406375,0.008092621404895101,0.006468855313408818,0.0014015296537646584,0.04412547235149068,0.10478323820054847,0.005988048549128627,0.1302278705218057,0.024317029211175904,0.01272688316883148,0.07622730524093478,0.008490549785969744,0.001584342702760037,-0.005436304033118906,0.0060692097401420135,0.0005600526081602888,0.04960252445154429,0.036943705358498016,0.001952125594144161,0.012396557209977966,-0.0033954015909676482,0.003328886241782697,0.02253084349035765,0.00021629590171137243,0.004051947431007603,0.001098886776187369,0.0001642530483219826,-0.00014165751042919146,0.00021399644579825353,0.0008929750971761605,0.0006334530394397219,7.567503309502262e-05,0.0024176800766164738,0.004840800218097725,0.000738379989635596,0.0008419579497967038,0.0002854741640936874,0.0007669923882126568,0.0041616590209220565,0.003917138806069051,0.08944487698246259,0.03315191724428722,-0.00033300378450938715,0.07790583855641259,0.010914313422630372,0.0029204303880276516,0.16146283731757013,0.03915174193595557,0.036017213290708366,0.004674765447308568,0.00929781521152962,0.06037391506423545,0.043738138865484624,0.0006192281808339797,0.027204953874034172,0.005961358140507279,-0.0007068273965113977,0.00010144231534528477,0.00021564691603590653,6.239038240376037e-05,4.3359645123369285e-05,-0.00013993982115507891,0.0002390818671804222,-0.0005187312249797512
37,0.022854953936503816,-0.00496740464101333,0.005818451237190484,0.010982709006887208,-0.007342335669898553,0.006744163880481967,0.02529545965476683,-0.00023965387293748441,-0.003382691838146612,0.024510317087354218,-0.001385586653992114,0.0031327626486453547,0.0009786252093369368,0.007759751832512312,0.01651238744416139,0.0038402445665175833,0.010838369603768003,-0.002657540735645309,1.022940426726077e-05,0.001046420770490412,0.0004926476630412485,0.00025939945925176916,0.004991836128495153,0.0022236923090520463,0.015782499421808736,0.025862165252940054,0.005172517644898108,0.013999223166835226,0.04118519176399283,0.07456038954404379,0.0025178075650137788,0.003985634168230104,0.002057114634394555,-0.004104682403228969,-0.0009826784155601987,0.0534146448443386,0.06331861696973545,0.016244421229387795,0.010715884815299934,0.0022360264486756807,0.00461568047911765,-0.007694384109982945,0.0018063316388596568,0.001181139739920824,0.004052479941344244,0.003663653944187584,0.003966407761418341,0.00025488446389661777,0.001190293458847495,0.0025201019145395815,0.0015074468363949192,4.2817780608204365e-05,0.00010501590527034272,0.0001070949505277395,5.581508404020449e-05,0.0007135152726393956,0.0012365858874780096,0.002610180574985414,0.00238185980900207,0.0017745662946607055,0.004797562764755607,0.0005949112933363489,0.001111950270599989,0.0030649194580031837
38,7.497125543184803e-05,-6.629446404191501e-05,0.00010007000764813547,0.0006699897377124077,0.00019095488982818505,0.0002649690817485129,0.00015913852694542444,0.00101902197490053,0.002852152657382319,0.00017239863986403875,0.0005278775328664382,0.0019097579438366432,0.00011023343558379687,0.0002761770596189542,0.0007236446730560948,0.0024840392516904722,0.013001246737927718,0.002110489938546529,0.02734090271458832,0.005761091956774153,0.00826828275511353,-0.0018031913462328672,0.018045070227390894,0.0384108895510774,0.049285102017093914,-0.0015685122694546216,0.00606329645326049,0.006797884882535783,0.012331472733781768,0.009542051637778236,0.018153774096624158,0.0036789342433417535,0.0001354418169647711,0.0001927228295685572,9.81463908787624e-05,0.0001708202239145765,0.0004920283441203796,0.0012851891145279591,0.0003633967306326506,-3.847274209080863e-05,4.547314719777765e-05,4.580845156793515e-05,0.00012608836147258936,4.837724681692478e-05,-2.5128848268946188e-06,5.050488183496788e-05,0.0002002808250560256,-0.00014435133308601355,0.2696504976100502,0.0118659039715007,0.029144806243688252,0.0007316030454599469,0.048752169431927894,0.010638796261895145,0.03126537953478717,0.1874380972098003,0.004000912659813541,0.0014805124961037425,0.00027772293929533134,0.008146619507541614,0.010987655604943079,0.0007656777307244278,0.009612486884845216,-0.0011096524866898011
39,0.005517870300732571,8.482016606074293e-05,0.0008755765962636826,0.0008123124341697227,0.00014897125792195424,2.9486065294088518e-05,0.001981696366721524,0.0013019388783059383,0.009309615756274174,0.005920570307016551,0.011456811672092115,0.042876948182378596,0.005917218890128664,0.08738208449727392,0.02059405531460268,0.009096792017175358,5.087245134262513e-05,3.171780508878559e-05,-0.00025367266848016595,0.00021735694572905996,0.00011752465622636105,0.00024125275962546365,0.00017397434445743612,-2.661309543208864e-05,-0.00020322418285193344,-1.036370677239727e-05,0.00010422312734342356,0.00010452679922582514,6.39542022196073e-05,-0.0009553181212268373,9.690861163309213e-05,0.00026228990041459897,0.002889721749676635,0.01717732728115079,0.0014204965386090652,0.016387088087311832,0.0006363174967733285,0.005963042796426329,0.005436566130874554,0.0013331122882805373,0.07933018982997891,0.09500439045915467,0.000810445303985619,0.03523665725326249,0.05840890058701105,0.02760690554603652,0.017759456880351104,0.005489046777894409,2.9618808769469558e-05,2.0638232523962563e-05,0.001306144101227477,0.00027110234998771037,7.27227278240174e-05,0.0005242327472492995,0.0006712606406916825,-9.313169259571145e-06,0.0002430026236585495,0.0003123937726834219,0.0019659992417573385,9.296991501548199e-05,0.00047951340223461583,-0.00034994641608410837,8.759813113498264e-05,0.0003857384855951459
40,0.0006317338589197574,0.0002506085197703167,0.0002922646650497977,0.0011142454335326224,0.0006029754990063568,9.193747580458381e-05,0.00015511930305185645,0.0005408135935426943,-0.0001427659127999687,-0.0006110196406412884,0.0001506189038303449,-0.0013158359339600562,0.0014296026280470376,0.0005725387192929314,0.002003161449880651,0.0007960736706367119,0.00016211848804858312,-0.00020983853604054104,0.0010327533666973678,-0.0006157557470858153,0.00018967293807283777,0.00013204195718136496,-0.0006616511428057921,-0.0002960011848814122,-3.732475392108203e-05,-6.085124722567556e-05,-0.00027965193358761754,-0.00017431367067245276,-6.581891477785367e-05,-0.00018446756367253577,-0.0001954852043452654,-0.0007857755786817636,-0.00047702331539352697,0.0007209390108109943,-0.0011502545019096294,0.0024313265125890677,0.0004199304934972336,0.0009534382476690972,0.00034630633015086693,0.018176839602906385,-3.8853439080888065e-05,-0.0011314206994601146,-0.0009191735754237211,-0.00012993683771620528,-0.00019291587812237372,-0.00019226370660349438,-8.896277925117103e-05,-6.20976463242671e-05,0.00042283602787564716,0.0016507737287705024,0.0015558840380734415,0.0025444827900410064,0.0023002470868206818,0.0036823273247349343,0.0050587171492385,0.005140730609850417,-0.00027782832066881196,0.001213438859755924,-1.8953147306865842e-05,-6.17143057620009e-05,-2.2752435032033778e-05,-7.554005275087487e-05,3.255084665365984e-06,-0.0001367648231703028
41,-0.00015084469200897177,3.6030454198191365e-05,1.2039550784146037e-05,-0.00021624404702609633,5.0247303006190055e-06,-9.219270479145957e-05,1.922908427590228e-05,-0.00016049318823333454,6.505709149965781e-05,-2.107215117468276e-06,5.527641666572427e-06,4.9790439504485014e-05,-2.7446244321512397e-05,-0.00031186090083263284,-2.434449814051072e-05,0.0007153370779874722,0.009670870696350514,0.004489264405071962,0.003980299846252948,0.006738198716320534,0.00034413466948826556,0.0022532339797406782,0.010437875014529977,-0.000325912277837706,-0.0003077592969031085,0.0001431939455484982,0.0016640465398734966,0.00020175236838617687,0.00035043206514961614,-7.911592473398309e-05,0.00019597238984588822,2.6514306043114615e-05,7.444796370592058e-05,0.0005012277945864851,0.0017576739135522457,0.009255463829358658,8.673164951158465e-06,-3.591125620595464e-05,8.870168695673296e-05,0.0009647310457959927,0.0029300338305515974,8.120136427282615e-05,-0.0006652272407352465,5.6013724765960294e-05,5.3207426020519035e-06,-0.00019785339313532828,0.00022007770118973732,0.0009118858117601744,0.0007574710997783189,9.198149015182325e-05,0.0002639511934819815,-0.00014673000578631045,0.0003010860620980209,0.0012797264550290777,-1.4024771823408711e-05,2.817006342514254e-05,0.002234665438295581,0.013444584187817804,0.03239010137712711,0.004011934141574071,0.0005500745014135727,0.009089137678168055,0.04309760665604343,0.01313928205737388
42,-1.3654666068062706e-05,-2.679755237628267e-05,0.00035993360587373833,-9.332727174852602e-05,1.5391323537511763e-05,-0.0006216477950112779,0.00015438949637019273,-5.167605209928237e-05,0.00031134402598278463,0.0006458535846929896,0.0003740389388650566,0.0007042460047538985,0.0004638247276635742,0.0006191096041941851,0.00028133019522521706,-5.326296363119113e-05,0.0001843282903478947,2.85311341511659e-06,4.721826635767871e-06,-0.00017524999230987805,0.0007209860980284765,0.00010621832391364283,0.0022709822455891327,5.8301341090806536e-05,0.0035268358428700566,0.022574627914602238,0.01026495303775073,0.004331760645093472,-0.0051492137200367825,-5.9107743582102516e-05,0.029178756760141,0.08642634521206732,-7.398043553697044e-05,9.73571603093942e-05,-4.588327369877848e-05,-0.00044593764038317426,1.2661196952337592e-05,0.0012694796980828214,-1.0972869405251243e-05,-5.5722886635735256e-05,-6.732218097428984e-05,-2.5961550914304662e-05,-5.6256345947012415e-05,9.361126370460316e-06,-2.0197275644726726e-05,-5.50645411330832e-05,-2.9895022522777687e-05,-2.0331996150585223e-05,-2.7509882108470097e-05,-0.00029435331302668657,-0.00013917844976955675,-0.00018279090625395676,-0.0002120256514328714,0.00013666436742706104,5.2875962738181605e-06,-0.00020217470728691437,1.1940292556507803e-05,-5.0936620103491696e-05,-2.4466735111032026e-05,-2.601941577225796e-05,4.236222759532907e-06,-0.00014970533498947423,0.00016981394928997063,-4.372780209151378e-05
43,8.605963990397269e-05,0.0011991739747558591,0.0006116024014441869,0.0003154306722645347,0.0027088943623158872,0.0005098478960394457,0.00034303535016040517,0.0014525155640624514,0.0015110644180725897,0.0014985824191633555,0.0009490248829781611,0.00013969286180428336,3.917475737253099e-05,0.0030140291117103485,0.010821650116799725,0.0009529084486885437,0.0006997722220113375,0.001428824107334229,0.0015516065575120245,0.005773014783678497,0.00032460736993408985,5.554723595017803e-05,0.001468087797186606,0.0019384034209580358,-4.6232213930610674e-05,1.6123553493693323e-05,-0.00032388187882753986,-9.503754998265723e-05,6.709510490154061e-06,6.93919172424349e-05,-3.7308802109400624e-05,0.00016714281164578593,0.0005672410910015629,-2.2314884293880102e-05,8.151339616984798e-05,8.765050549684428e-05,7.864247677089385e-05,4.5422015540796236e-05,0.0002512854098189152,4.339396637258046e-05,-1.0938028479451938e-05,-1.5528512507149083e-05,-3.8343094080302477e-05,-0.0004963561203373155,-0.00036450215051172385,7.663322633825997e-05,-1.3641566828939865e-05,-2.608816277085147e-05,-9.786312195097747e-06,-4.186249077545424e-05,-1.9960390676408825e-05,1.8045204529896425e-05,-3.728112368261694e-05,-6.147485912703309e-06,-8.816176558010318e-05,-0.0001355786726635538,-0.0005412709089370287,-0.0006860634700378929,0.000523693368143887,-0.0002476747872885498,-4.895597447762865e-05,0.0008713145252427319,0.0008374753551468696,-1.1936474063344463e-05
44,0.008958095307599603,0.0015204998468973132,0.012801493542767366,0.00624763649281812,0.002668584992797019,0.00037596115476710995,0.004730144533991724,0.003483930621027856,-0.00017517574634219417,9.363083065776426e-05,0.0008677897623219721,0.0019412572136243446,-2.896722471108433e-05,-0.000377628322439357,0.0018160372091297686,0.0008357723071956572,-0.0004111982096859366,0.0002044786369375713,-9.686545588194507e-05,-0.00011441732917073701,-5.297876832338481e-05,-4.021256280902397e-05,-6.364824827915644e-05,-4.697722680103833e-05,-0.000527224954644149,0.0005570567856239872,-0.00038241472453940826,-0.0001959686843258967,-1.1498522270446387e-06,0.0018152384436248017,-0.004005850039258701,0.0005792011538629132,-0.0031061259248746542,0.0002152218431844435,0.010614385019205483,0.003624718689936593,-0.00014299646844639726,-7.890588501531761e-05,0.000522577193218981,0.00014448816619016955,0.23225153242665045,0.042564767341527004,-0.002107210688919976,0.0027214741508015377,0.07319511691217083,0.017179270781198172,0.027024117268062704,0.004237996709446187,0.003503873187362289,0.000663316909610729,-0.0007735216951984815,-0.0007583057455622509,-0.0003836986420279295,6.221875356308246e-05,0.00020262144839248712,0.0017550438077635995,0.0019264463405883885,0.0002494212169372471,0.0008052954897905919,0.0010474290334428224,0.0006460880492111371,0.002702717712379208,0.000339461240558754,0.001316156597007308
45,0.0014950305426816633,0.05066203781833605,0.0016745339748622657,0.0015072456537728299,0.001645705074501183,-0.0013303757617652565,0.00048092628989462123,-0.00012461898722731767,-0.0007923592935465215,-7.405063706515299e-06,2.821328696018625e-05,-1.678429402755418e-05,-0.00011112835255421133,-4.7038492151416306e-05,-1.3495983952727222e-05,-4.2367944037759914e-05,-0.00010767400581065831,4.703416527899082e-05,-5.234999354812112e-05,-5.7379672073604065e-05,-0.0001627657791264959,9.356609703104392e-05,0.00010460881774763125,-4.979030393668537e-05,0.000164723061900683,7.306996216097722e-05,9.571159310734155e-05,0.00032143478957517006,-5.981405184430043e-05,0.002162655706745463,0.002442659258029062,5.814552849400105e-05,-4.8880508399712824e-05,-9.384678452187997e-06,-0.0002695284077757902,-0.00012457334606642064,0.0018553008086036064,-0.00018372546550991112,-0.00016652053282783472,-1.862955825449637e-05,0.00035041195592526187,7.604088541049472e-05,-0.00048352372384234075,0.0007788063089806001,0.00012971123029463988,0.0006866324933032548,-7.900620519075429e-05,0.0006622433933550219,0.0008978879840379414,0.0004358926083302311,0.0009141236747007099,0.0009477456651735352,-0.0005935090251543751,0.0010599855042660738,-5.2053563245959175e-05,1.3036832744374546e-05,0.0006319908050988257,0.0003819623573699446,0.00011807015847762215,0.0022471267405199777,3.670281402263979e-05,7.16863571467755e-05,0.0010443891513700074,0.00030511983693595475
46,-0.0005742217483983253,-0.00018033283600940947,-1.627202283441411e-05,-4.025333482628319e-05,7.478986570923889e-05,8.856057216943412e-06,-1.2580579297842633e-05,6.199533782102736e-05,-0.00015840361387644894,-0.0029847692412983025,-2.778641783531293e-05,3.217909713872267e-05,8.959567754715206e-05,-0.0005194873318155224,-0.0006355941973462783,0.0001471486391670514,-2.179404408575416e-05,0.0003880235261316994,0.0002765479279432062,-1.7379515771164372e-05,-0.0004081038293556518,-2.130854753403634e-06,4.075959019808439e-06,0.00014542882599733272,-2.1920590982733084e-05,-0.00018523017776292722,-8.72368881248717e-05,-0.00020000824339015403,-0.0005993385763218918,0.00043682260347009335,1.1263199156214066e-05,4.7611593748239494e-05,0.0020708209913368027,-5.5511039346343584e-05,0.00040770227751829623,0.0006580302171222727,-5.7692551269416416e-05,-0.0003377764038826353,-0.0002499441923382998,-0.0026883182424410805,-0.0006166245559565133,-0.0010845308687038007,0.0004721490427614437,-0.00022387585918319598,0.001849097858512826,-0.0012062572004941494,-0.0004662997438837143,0.00011720670453520698,-0.00019709434899712713,-0.0005286269290958814,7.270700195867515e-05,0.0002789598599449082,-8.993805403778758e-06,4.6131984133715976e-05,-9.513344160980803e-05,-5.237860965222177e-05,-0.0005887408343294208,-5.5618973913474154e-05,-6.445661650360632e-06,-8.347859836329544e-05,-1.5603515395073546e-05,-4.5488466359702045e-05,-0.00017595797257499403,-0.0005846920114651697
47,-2.4896801376626588e-05,5.967486889819331e-05,4.3647647627020226e-05,-0.00012071454407501912,-1.6842718102700834e-05,1.0377263552858396e-05,5.619344248565286e-05,-0.000157088289846518,-0.0006026654102478737,-0.0009284691886525877,4.609219498305533e-05,-5.5498070026365596e-05,-8.273757344579315e-05,-7.830798580756977e-05,-0.00034100454444682666,-0.00019723976806224416,0.5982911266821456,0.11903693985089468,0.046465212870403345,0.00039191730461670353,0.14328717860062073,0.0008921165462693283,0.05956659902669518,0.00228479556552925,-0.00034088036433777805,7.869824032786954e-06,2.5484668566839723e-05,-1.8828662170252993e-05,-2.5419313587680063e-05,-1.796842796319892e-05,9.171438768475153e-06,-3.3493291436947274e-05,-0.00016819167715568744,-0.0012620842032038551,-0.0036848023409550633,-5.0305947378964056e-05,-5.56769969338626e-05,-0.00016284756040464652,-0.00018429820559258037,5.6090015548032845e-05,0.011171462411135775,0.0030161784940637183,8.463032594497114e-05,0.0038953850538645672,0.0003813779923480284,0.0001820825192854211,1.625844345931179e-05,2.5225587194849683e-05,-0.0002877278432781018,7.396579421404868e-07,-9.38821959622132e-05,-6.542109105512811e-05,-0.00011349275674306874,-4.459055560027225e-05,-4.5128917947150995e-05,-0.00038846936345191154,0.00013181763765393394,0.0013633204554860752,0.0019647639479214163,0.0008767856803240432,0.0015926577992471783,-8.242612900927083e-06,0.00029086958196146916,-0.002118310574060863
48,0.0004241967219308608,-0.0006550697777829816,-8.302520313798096e-05,-0.0006437167875508298,-0.0001340512528032674,-0.00047764844113538934,-6.389214605703073e-05,-2.7935497231157774e-05,-2.501685796495909e-05,0.00013844812341130624,-6.004764646901848e-05,-0.0007266589780030964,-1.803399194271803e-05,3.7045890946920924e-05,-0.00024609515122883224,-8.928509170670783e-05,0.00032857532660286916,8.031599353532951e-05,2.3450417171565874e-05,-2.741490556400394e-05,0.0006580931205836287,4.5053564842401825e-05,-6.03567749555586e-05,-0.0003325304721141093,-4.2206765215349936e-05,-8.366250738766066e-06,0.000295574146296783,1.7391248034923933e-05,-5.160050694014989e-05,9.613519730756971e-06,4.360549733708732e-06,-3.1616767533707384e-05,0.0027711396871686793,0.002503409179618091,-0.0001365954989823026,0.00010240141237387653,-9.091086600927867e-05,4.5956356042793947e-05,0.0003152198643283123,-0.00024053452139645445,0.0001234677906195416,-2.505203781026929e-05,0.00013833338785930924,-3.3532662586879884e-05,0.0001793465350413536,0.00010738624055065854,0.00014089724618074516,-1.4761933058477024e-05,0.00013955973422012248,0.0004136660860016627,0.004321192456882404,0.0014244257454803485,0.019488594042161272,0.0028001029352241642,0.014336164111527102,0.00018378415507197147,0.0401534571441581,0.0004824814785602305,0.0006157580065492261,0.005375045099612707,0.0014113700236218542,0.004534476267920922,0.008619275573892428,0.005171480822328187
49,0.0019743494954951517,0.039837964472217574,0.023000222611734594,0.017138096127571528,0.06112616526709984,0.02665959387859492,0.012644343343623394,-0.023436496436731485,-6.445889856166251e-05,6.561164290187237e-05,-0.00044124934418441784,4.221409717411933e-05,2.435486907757368e-06,-5.776060630734435e-05,7.563025053022999e-05,-7.030618651695886e-05,-0.00014004913399488943,-0.0017248407469453743,0.00016802725600328745,-0.0007854941399193273,-6.779732353493749e-05,-4.914283210170194e-05,-0.0002913313597960414,-0.0003769678812844015,-0.00024061920608509115,-3.215278568731622e-06,0.00017468236991182289,-9.388282861196414e-05,-3.189576042701554e-05,-5.0317933832361285e-05,-0.00015578087393852347,5.119221060452425e-06,3.255007843613197e-05,-0.00013687883569400662,0.0029168139812709533,-3.5633771504489435e-06,-9.349749972189596e-05,0.0001703081391271605,9.862946415597735e-05,0.00021236095580302397,-3.841804048163658e-05,-6.385519253294693e-05,-3.896921398605482e-05,-3.993066085658668e-05,0.00010330474584549441,0.00015631754168784714,2.268709135019622e-05,-0.0004894112980302516,-2.518872404929775e-05,6.078321478238465e-05,1.877503380620156e-05,0.00010365435261903866,1.2536514112672578e-05,-2.4377373333132584e-05,-1.4144783222468691e-05,1.6271390184658706e-05,0.003013333196979838,0.0012067389180933214,0.00033215029480061114,-0.00015947121033802258,-6.056948084104609e-05,0.0003055000594387111,0.0011826674987006327,0.0021409073772531645
50,-5.094023524495445e-05,0.0003832510875155291,0.00032293380798038965,5.460049818646296e-06,3.674415090573476e-05,2.116812188305406e-05,0.0001679150962395716,0.0032664279850980727,0.000252272072301115,-0.00017684666472370735,1.7941224023729614e-05,0.0005682097681550166,0.00010891535500851207,-8.816087309208516e-06,-0.00021961383335151308,-8.326429955610978e-05,-0.00020213860106161292,1.953734851768779e-05,-6.665492753715121e-05,-9.940737481366268e-05,5.156136173655971e-05,0.00012003907183972184,-9.105790059071034e-06,-7.744365067442588e-05,2.4367680235101024e-05,0.0005776869518635778,-8.912923392063966e-05,0.0004705323515017887,-2.896751844133057e-05,0.0023199183367887534,0.0003443875034439355,0.000366949782035316,0.006153642995688295,0.005444459069218031,0.013026854953953856,0.0024622215114821987,0.0046851951304125545,0.020519278824916838,0.005385225247577609,0.03272854622066518,9.114957831835038e-07,-0.0024688419200327473,2.427335893502294e-05,-1.3873410369517221e-05,-0.0001820357032035427,-0.00011644837212797104,3.741445461848728e-05,-0.00012715349511904688,0.001328637420995561,-0.00012248343279002634,0.00045237683996818034,0.00027881285925540703,0.0001451079370037378,0.0003694041015705988,9.511995261324531e-05,-3.222134910450706e-05,1.1744784011904329e-05,-4.4265012112050373e-05,-0.00014166141930088658,-1.360068183853036e-05,-0.00023305298615080636,-0.00022541274619518372,4.5825341056922114e-05,-3.0424479759486345e-05
51,0.0023933977137197576,-0.00029378953171643957,-0.002711760988734363,0.004241004326381495,0.014711607035766324,0.006754072260187824,0.0040555580535379665,-0.00014298092333813147,0.0017913218426650166,0.000211128870405152,-3.805060654177932e-05,0.00036614577457523594,2.2619160582749543e-05,-1.3188996307813001e-06,-0.00014302466654976637,7.857467027393778e-05,-0.00011836746997052606,-1.3813839616699362e-05,-0.00014517287398216363,-0.0004164417916125101,-0.0013902559706982173,-0.00026727572275527846,0.00018720738900439876,-0.00026038074421105655,0.026249094927645343,0.002962419352267526,0.01642260215244481,7.936121208185243e-05,0.009707225643386438,0.02107716040506428,0.00987395958253341,0.04279386391686706,-5.6142841802571855e-05,-9.898758910658009e-05,3.694422639076202e-05,-7.534616819559698e-05,1.7423597902310654e-06,-2.52201023474066e-06,-0.0003500190352381355,-8.971644586645826e-05,0.00022468456632716716,-2.0040536667925077e-05,0.00032450011320598937,-1.7665501703740464e-06,4.5152224312228776e-05,3.840791808554955e-05,8.29991741194864e-05,-2.900798543102122e-05,1.447470442104357e-05,-8.587632963745887e-05,4.70241784507771e-06,-3.489284261416695e-05,1.4486945064071683e-05,0.0005207322057763038,3.0840003553711134e-05,7.804954838263713e-06,0.0023177279225798423,-0.00016362347143721164,7.742973237980781e-05,0.000249879842820357,0.003639031034965601,0.0005436500335300091,0.0006144244260549376,0.00020829866653685443
52,0.0015959345634639765,-0.00020211849183725383,-0.0026450153550385885,0.004550643180517467,0.0016861616254666247,0.00011177400552114844,0.00048530237343927685,-0.00033204712770127726,-5.7225474993149924e-05,0.00011831869945280354,-4.769867346808959e-05,2.1297075108559793e-05,-0.00036252882554732195,-0.0002509142251698,-8.19456541149613e-06,-0.00014930606521016519,0.11671740435758624,0.05738492044560199,0.0032516569689966857,0.13682745947270253,0.04357962214286983,0.808430866186505,0.26856645840058463,0.012110039354545587,-0.0012720312649233023,-0.0006340493570230924,0.0005923904551982523,0.004477864237243791,0.016959942679589585,0.0008836496590302694,0.0001705962207120288,-1.4404079243482794e-05,6.98301119276461e-05,0.00026369080162118097,-0.008827231163504994,0.00024650908492567246,0.02188711404981172,0.004604706988359955,0.0015108607952300083,8.860492543615952e-05,2.8931728540898624e-05,-2.900873670259646e-05,0.00010778734049532627,-2.917631545510992e-05,0.00010711731921549678,1.7534159095650006e-05,-4.4649030513343356e-05,-3.4791036841544334e-05,0.0016736873991115256,0.002143304577553425,4.7834828733222864e-05,0.0001343331208637575,5.63169447556893e-05,0.0010796388140946606,0.015388965606689453,-0.010006254238102632,0.01966215210307991,0.001123550626886347,0.20360570969773206,0.0003209375607596854,5.896830079770515e-05,0.08580612865155894,0.00030406017119094644,9.44194963612739e-05
53,0.12718555545879187,0.5601501233474697,0.11438232809418164,0.08388552474107952,0.04096695651964675,0.0595410150321168,0.10686974384461144,0.06011914520032303,0.0001035229309297538,-6.192667272797877e-05,-0.00046541457649792263,1.6368852138865993e-06,-0.00014998280839362873,-2.697102267963888e-05,-1.533048183652175e-05,9.845222054869497e-06,0.01888875693783243,0.0022765219979795927,0.00035589561713653687,0.00026587612638877083,0.0008730669650641045,0.02186163471357853,0.000668446253067246,0.01393370424101441,-6.139171087352997e-05,-0.00026623917132096944,-3.8155027643309276e-05,-0.00025335453603193733,-2.1370168749897492e-05,-2.0960691844623758e-05,-0.00010308937379318186,-3.8892652068379225e-05,0.0010251166966939377,0.0007272807823337376,0.00026136153208838946,-8.178689856705972e-06,0.000314155385926237,0.0002332613990558126,0.0008807321494957819,0.0007767062733081203,7.098897941368836e-06,2.309926548990596e-05,-1.2088773194542776e-05,-2.8136679853240852e-05,5.055656706047811e-06,-2.944868247196009e-05,-1.1752853120608957e-05,-1.5632927960021235e-05,-7.676402667507332e-06,-0.00011002245253916348,4.248075904586024e-05,-2.5374474536289994e-05,1.4543442946660238e-05,0.0008423270557394915,-3.064777970403445e-05,-0.0003752503275780928,-3.436202122642576e-05,-2.598239728860252e-05,-0.0003221194069886248,-0.0008564762675102415,0.0004094582421025876,-4.009372633096884e-06,-2.6220959908497473e-05,-0.00023176735147009423
54,6.971173299090526e-06,-6.748607115278908e-05,5.591422364601264e-05,1.4069836821129898e-05,-8.163197845830554e-05,4.41601956044418e-06,-7.522399053596891e-06,1.8936833981040764e-05,0.19101055541483175,0.002929622427453771,0.0010241506857073055,0.19492916775255875,0.0017214304032517266,0.24527389954399936,0.0061005376522246385,0.06654964386287109,0.00035247100493147237,5.0306546136769254e-05,-5.164728913006837e-05,3.5770469040813725e-06,-1.8654796460794426e-05,-9.645439170363056e-05,0.0023496953531862512,-1.1492489503133434e-05,0.006622134328701894,0.0019506432053896406,0.007255588091169914,7.264293487365909e-05,0.00022595590990178693,0.0007198486389582285,0.00013571516684819998,0.004175883698770726,4.961042805455235e-05,-1.1391401110141515e-05,-3.3912272210173614e-06,-0.00010103450479428063,7.241519225917501e-05,0.00024219945219993482,-4.760218308312993e-05,-1.7983524003112003e-05,-7.899182370613871e-05,-1.4831948180912057e-05,-0.00014326114199033114,-0.0002446255736318508,-1.701647366330848e-05,-7.886501132221545e-05,1.1039145115744056e-06,-0.00038610216882574997,8.141086736891682e-06,2.1841859980181674e-05,2.3018735389614488e-06,-4.75411323817759e-05,3.842217529967068e-06,4.4613144585719714e-05,-2.8471413708885464e-05,3.066083940255741e-05,0.0003844431804110351,2.7402998191823994e-05,-1.2834204065697217e-06,-4.438489924040172e-07,-3.826097388263912e-05,9.289655023853747e-05,6.795451440441915e-05,0.00021725517949703894
55,0.022439473682140384,0.0005356451161798901,0.001579612019027701,0.0343351212299801,0.001964710353449322,0.01915963957759808,0.0002953455055455827,0.007507666391888925,0.000353387849994284,0.00014248318614338093,0.0004926547125670995,3.2400343795904636e-05,0.00015803758080390584,0.00031312520617875027,3.0398911106666888e-05,0.0002654712926808257,0.003058753291976732,0.003857243503920503,0.008566990144511259,0.002425854815236541,0.020945550457287052,0.011577076221434252,0.0005993673166964739,2.9161301320746055e-05,-0.0002730214478302583,0.00012581635314554973,-1.910705630574837e-05,9.557501984145092e-06,-2.1548400872395254e-05,-8.935414090854447e-05,1.7918256578164907e-05,-2.3747932016169355e-05,6.410285231739908e-05,-2.864982658845687e-05,4.7460480835275355e-06,8.525294368247394e-06,8.579058300104062e-06,8.37549646303764e-05,-6.539694303992795e-05,1.1835190791625497e-05,-7.523534151530145e-05,-1.83102678312711e-05,-6.637012782286672e-06,-3.8847315935043226e-05,3.832806864861991e-06,1.9154273442375815e-05,-2.519198897392753e-05,9.406541585017318e-07,-2.5495886802675688e-05,0.00029695865509635466,-2.3796821155715714e-05,0.00010960410724001314,-4.491574887166397e-05,-2.03816817509895e-05,-3.535581231569219e-05,1.7641178580104476e-05,0.0002833880467158176,0.0017932045179573817,0.001456273063011837,0.0002519900008889196,0.0024192739924849475,5.003391928162956e-05,0.001282292120921245,0.0012917587303410362
56,0.008188352745712663,0.05027984217136895,-0.0016874739218155847,0.05907185824193947,0.011603055983623652,0.0011689738851320206,0.002892522896845471,0.0024858538719449087,0.0008620843460742403,0.0018438172213863116,-0.000268926757858777,0.0006278821064541973,-0.002094773291818477,0.0014150245701209266,0.00033518615502855744,0.0034231572010193566,0.04936445392018651,0.06177485197036894,0.013385391217275852,0.017603222396538238,0.019671696889933716,0.05376192545511218,0.21517632276926915,0.02366158382019552,0.0005752323555440128,-0.00021630403577965347,0.011976542845198926,0.01210759190377907,0.006481377124063349,0.013676593663386992,0.01706948490012677,0.011003677369610118,0.00010003209385209848,0.006414186240507853,0.007278664352497974,3.530525682187632e-05,-6.435353978281998e-05,5.392786722637656e-05,6.44483694621781e-06,0.0006362496224924725,0.005477728718966584,0.022492779846711983,0.22272182649694852,0.0701683097214659,0.047676121673410454,0.07123548827268934,0.022267687492428447,0.010209297663881707,1.3039589289736755e-05,7.205876755478994e-05,-0.00032848558071619805,2.9096793640374204e-05,0.0013608324247567022,0.007213727012559083,-0.0002998429053294307,0.00020449576367022866,6.321866779819138e-05,0.0002866920600613496,-2.074074437879686e-07,-4.2349936114374165e-05,0.0002969433811236894,-2.698067058840851e-05,-4.270851295766169e-05,4.802923296508404e-05
57,0.004227762243980886,0.005131703149739134,0.0076353233632397875,0.0003389957459068753,0.03279993604583393,0.0010020338829219836,0.004346923904042967,0.00043733495939311286,0.020361779583865175,0.0007988084460678572,0.0003523909295481922,0.01818105639428058,0.0004776567785553751,0.0007119197751465295,0.00013818509362700318,0.01345274871366326,-0.00021482421151609694,-0.00014907930546225628,-3.164690595129508e-06,8.782240547312353e-06,-2.6183836924660498e-05,-5.6629117869165284e-05,-0.0006197708135667083,-1.6466374816178245e-05,0.0023886071090177628,0.02424803062132401,0.0008749099641789853,0.004804762318967595,0.0007651615902001991,0.007981195695658718,0.023760850543411868,4.461621180729839e-05,0.010845856019454621,0.00533666061216272,0.0012035469289436935,-2.6983867729136096e-05,0.006727510731359429,0.0018995148020318447,0.005440819615934546,0.0018340621236782359,0.0005359016556555439,-4.1193109206209244e-05,-3.136355511796514e-06,-0.00017414140918202743,-4.774320749191467e-05,1.0741539892597486e-05,0.0003480235675323027,0.00016731423713476105,-6.740758869122772e-06,2.0930635332602938e-05,7.508112184017828e-06,0.009408753961211718,0.00012841789084369525,8.55368678546274e-05,0.00033024226832878087,0.00010026244614682774,2.8491404311414113e-05,8.045164042120301e-06,-1.7595706878962093e-05,-9.261585709904239e-06,5.490976224079848e-05,2.7325300893783678e-05,1.0552569670239593e-05,-3.856718766137845e-05
58,0.0015342875671169774,0.0012307616234548723,3.34279025658399e-05,0.0067024787914761975,0.012029838164346158,0.00014208238557760473,0.013212556998055479,0.004535046194971647,7.984817163613472e-05,-8.033657724700151e-05,0.0001059470075472831,-0.00010677661472780266,-0.0003242644285776171,-0.00027613977847269517,-3.66924204909517e-05,-4.1155030186922686e-05,-4.561795620776574e-05,5.1219578355067416e-06,-7.982802851982502e-05,-0.0002499232245178408,-0.00010595288215215087,1.7025717692994756e-05,2.0593997879038377e-05,0.00017728256040490533,0.0029445753755489926,0.008483416750360566,0.0006641896951370301,0.00675952787016087,0.003398945152623984,-3.811877455288411e-05,0.0048217860200894976,0.00656025838092749,3.371198490046957e-05,-4.926965013428065e-05,4.1528790624330496e-05,0.0007993956241217234,-2.2181671979841624e-05,-2.599268067145394e-05,6.543604870290597e-05,-5.704485348809189e-05,-2.8165352443926378e-05,-1.3700007850060042e-05,0.00016320069194110758,-1.6301181209746613e-06,-5.71441004184042e-05,1.4774278201691268e-06,-6.027599913861835e-05,4.070133840701194e-07,-0.0001027704448840927,-0.00019506783626403287,-6.0800985462106e-05,-2.4064866948778234e-06,-0.0003868275017698596,-1.9729481988818795e-05,2.6400135356969165e-05,-0.00021105385621991547,0.0007872745970869909,4.361122507683707e-05,-0.00031355278703459633,-0.0011640128265103234,-0.001118399592581079,5.517169053666093e-06,-1.4790063377938779e-05,0.0012929304880658426
59,-4.1901319654177745e-05,-2.826071309717958e-05,-4.38764070000361e-06,-1.0788929313304713e-05,-0.00018577529590540408,-1.852036968517011e-06,5.90551432738422e-06,-0.0001626647811120353,-0.00019208403407307292,4.696554537521026e-05,-4.573556127830445e-05,-0.0015690639400409874,-4.4985103101058016e-05,-3.664744587176194e-05,0.0001013653580215105,0.00016906850712149356,-7.191149008104513e-06,2.6387346794059605e-05,0.0002597783260764768,4.591161866727685e-06,6.382737853836103e-05,7.159945818392422e-06,0.00010405750867541364,4.2958364421623416e-05,-0.00011801536648991395,-5.017287628140343e-05,5.697711477497255e-06,3.5667573077106476e-05,0.0004592959947708922,-0.00015529201643497563,0.0002583116179980272,6.416855751338527e-05,0.00012249583724413752,0.00011055174878909875,0.006141083361616269,0.012141418601636908,7.219209284199901e-05,3.923263352778681e-05,0.002584118116435179,7.841756978298908e-05,-2.084133004129664e-05,6.363744804405736e-06,-0.0007114282062868906,-2.4831909587469343e-05,4.876523057649826e-05,-4.375577283637846e-06,-0.000273031321685362,1.7778563134547343e-06,6.140218348643715e-05,2.3461703191196712e-07,-0.00012297215472576164,-0.00040981770013660455,-3.54813819947377e-05,-3.592882918262386e-06,0.0006515446533480803,0.00024335747238720355,0.0017151243312508884,0.007181114821473787,0.0007461507361978203,0.0005118855027378841,0.004628902316726095,0.00011142753940174185,0.0005662887723632073,0.0015922839936205076
60,-0.000180052662546479,1.364677489210211e-05,-5.7823989904677894e-05,0.0002686365975675662,4.201652969348873e-05,-6.899886098750231e-05,-0.00016008224832551288,-0.00014282981042522373,0.0017623156648047325,0.008314770401382735,0.0020373431546295857,0.0017136902046348218,0.003690951696573737,0.0015725435136935333,0.005032828578992357,0.002604953803466612,0.015139559844481936,0.01660251635507348,0.01777551335037613,0.023985956183340262,0.030779614603998445,0.016635743662477713,0.015918291545980713,0.03621117819250308,0.0004153210977607831,0.009091488062386443,0.04648497359512248,0.00508714860998563,0.003663529131428773,-3.87927788430517e-05,0.011774815059774658,0.013138517635712757,1.2447429119048842e-05,-0.001007932799616213,-7.233561395785503e-05,6.732277973209419e-05,0.0008520395851569074,-1.826527626610044e-06,0.00031159392263601385,3.0466604630448847e-05,2.390981692088887e-05,-3.6031341037568304e-05,8.33494587320556e-06,2.0284084228968304e-05,-1.5990318585021277e-05,4.5443231902208565e-06,-8.506766768271794e-06,1.3115884308293967e-05,0.01068275927412772,0.008048891207772371,0.002955781591037985,0.00815918700454631,0.0050490844240687486,0.001183953494895487,0.008312283907088481,0.016331606149854218,0.012955444432100264,0.00027199221705739623,0.00485827124778568,0.003130579645476432,0.00804056106325891,-0.00019336501425915983,0.014436024712106331,6.460989850140482e-05
61,0.002496803028281661,0.004190234364299183,0.004313419044153364,0.0022123160011574953,0.0006386312776844645,0.005239061915214719,0.00903565708302114,-0.0014920860099647871,-3.65636310765377e-05,2.9674781326808937e-05,-1.0303316964082674e-05,2.0088142149818312e-05,-1.6515146746067934e-05,1.3262290476485079e-05,1.676605450916288e-05,3.785937120735718e-05,-2.327382033570083e-05,-1.5728209532008826e-06,-0.0001030632543961447,7.690947963214248e-06,-1.0745238351766675e-05,-6.070076696250743e-06,-4.883421199441962e-05,-0.00012127239429381433,7.432694684563376e-05,2.8913726266170897e-05,-1.6064349903669567e-05,5.431689033912792e-05,-9.230429968931572e-05,5.554427605309962e-06,2.131688495401728e-05,6.154989590691347e-05,-1.8138893180221046e-05,6.751274976701861e-05,1.1198041880100137e-05,3.132142177397743e-05,0.0037627370182179046,-5.369293951825404e-05,-6.194803313017661e-06,2.8269717058867114e-05,4.469865115417196e-05,9.195447826674211e-05,1.4048484891898391e-05,2.8785744609934407e-05,1.9582283596274936e-05,-2.7229618266994675e-05,9.18641562169018e-05,-0.00012211577290382455,4.135055285316027e-06,0.0005007552052194864,-3.2680935259577997e-06,5.004952652513455e-05,0.0001027193188757677,0.007599432238852824,-5.357293941651266e-05,0.0001479567588505365,-7.773550556318108e-05,-0.0002165754764165024,-4.04136861202103e-05,-4.021492959694729e-05,-1.4769807288460351e-05,-6.600739921557902e-05,-0.00041719446406389947,4.715274191952682e-07
62,1.941497033071187e-05,-0.00013780354368949345,-0.00023570625143941318,-4.6456171943891305e-05,-7.873088957413708e-06,-1.386642297891751e-05,-2.786536631121e-05,0.0004943786379602365,-4.4185637162429654e-05,-1.8474033739282418e-05,0.0003334078669457682,7.083354245269723e-07,2.698431397315956e-05,4.711415028373154e-05,8.418111072690487e-07,2.1373778242701487e-05,0.005214162266914189,0.0037532469103786366,0.004755997314337442,-8.987169359740872e-05,-0.0009191753829944486,0.004275939426610107,-0.003713302670146951,0.0036450113827211582,-2.4881030322024518e-05,0.00015594956547676918,-8.160971709505311e-05,0.001594725298646548,5.482976593873683e-05,0.001068263274417671,0.0004850240979256081,-6.859229314137001e-05,-9.012269738770763e-05,-0.00023395238815608027,-4.485165919202065e-05,-3.0509918544040212e-05,-0.0007107198193183534,-0.00013864110418121384,-4.961356870869445e-05,-0.0005671245930681129,-3.705822196848117e-06,-4.572730293952241e-06,-0.00011157862972001812,-1.9679912185917288e-05,-2.6557032496204515e-05,6.882820371609503e-05,-4.015509335717893e-05,3.9955752197765344e-05,0.00011973121430133655,-1.54564638676425e-05,3.9346660173148325e-05,-1.33871371272454e-05,4.109508662263658e-05,-4.1109829621390285e-05,9.693278789158752e-05,0.0001163113017801601,-0.0003250881385586194,-2.8607207459870886e-05,-0.000181790664396642,-5.924911820771034e-06,-3.958049486584988e-05,-3.805591628079529e-05,-2.4032471892137866e-05,9.298408749973329e-05
63,5.9807906103816116e-05,1.681632757005738e-05,4.4436030897610546e-05,0.00017546459614462565,8.237533627178255e-05,0.0006028771671587247,0.0006397043420474927,-3.4334444475500324e-05,5.916111210787814e-06,7.327914328356985e-06,-0.00044151605124542927,-5.251008782809355e-05,-0.0002967597545322911,-1.9019197071019282e-05,-0.0016676273374868313,-0.00014518313194604627,4.355322465108206e-05,0.00040026367207743503,0.0010728837867141064,4.6686908347390415e-05,0.0001274256474868766,-8.349108189863943e-05,0.0001289825081554049,2.5805732668847614e-05,-8.253512552418825e-05,9.471303455028558e-05,-2.4454997198610606e-05,6.106293070396789e-05,-3.7349568477987656e-05,1.1981121060338975e-05,5.122152714226614e-05,2.5055119153484798e-05,0.020494165340999116,0.0013655708810431666,0.003261275866250362,0.012813551485583672,0.0013439990608325263,0.007728783084733454,0.0016576142994357936,0.0008556075490180805,-1.31793145070581e-05,3.890794863566571e-05,0.00019381335958375352,1.6342676255261276e-05,-0.0002803516894059276,6.564283479425807e-05,8.704725136080092e-05,-0.0011283579516175844,-2.5850986896627447e-05,1.7673525623155466e-05,-3.166567926789211e-05,3.4825160387695725e-05,2.748149195071476e-05,-0.00017265244538898044,-5.430702213268176e-06,-2.62709731310914e-05,0.0248771968260238,0.00021820501272562268,0.0009078911708285134,0.018699964128541982,0.08094778632105436,0.005361002805650548,0.006839758704520248,0.024889781856464562
64,1.0705484505224447e-05,-1.4203156459681875e-05,-4.277840380960948e-05,1.3273785496592736e-05,-1.0848406863263595e-05,3.0285796719669258e-05,-1.604955041832954e-05,-9.080839934359905e-07,0.0001948299260641967,3.5201355396935016e-05,-2.4855328925728202e-05,7.177761687391127e-06,-2.981260294622087e-06,-2.032522905763669e-06,1.2775672666040245e-05,-0.00040301809354295045,2.4569588709793594e-06,-3.706655091548127e-05,4.368443451567186e-05,-8.93497010629354e-05,-2.986301016274095e-06,-4.490756255329514e-06,-6.671624937410886e-05,-4.1410620687935834e-05,0.004225067879052848,0.006947216389303949,0.011533704917479681,0.031587860275164435,0.012674507541670954,0.015061307622231346,0.009548153635043822,0.013374785883486314,0.00020462775587403863,-1.5147098137445272e-05,-6.709597197059224e-05,-4.7989945132855535e-05,-0.00011433517508112379,-3.734327022372609e-05,-2.6110980526981135e-06,-8.253797244807068e-06,-0.0029442232607710624,0.0007020478179908509,-0.0009855593217874348,0.006349894384076145,0.01555730575318586,-0.003845827971741139,-0.0005170584990275096,0.007474571037147875,0.006350719992006432,0.001993731895660792,0.013550202985710044,0.00021951066625217714,0.012800563186113358,0.011248230301493313,0.002582263910381782,0.004395964653587773,0.005946523046023562,-0.0006704522046833159,0.00013986315756155335,0.001485674059508516,0.00015681561780211072,-0.0007586378979809478,-0.0002690359351307802,-0.0002256622813342668
65,0.0006370168458882045,0.0006969728824132511,0.0020165345811590817,0.002722158497079383,-0.0001688533158262537,-0.0002473132731428292,0.0005426794584272904,0.00027810379444784006,1.3762425526782056e-05,-4.231784326095216e-06,2.0863670485769824e-05,-1.2916575628664595e-05,-8.015728882504253e-07,2.9691179382517935e-05,5.703916528894667e-06,0.00020981768119325615,3.4304077287294075e-06,-2.9847003276642027e-05,-8.4492905380324e-05,-0.00012543705984713023,9.792265881183845e-05,-0.0002610714169864518,-0.00018574425087813573,6.19132289206832e-05,-1.4713913812340753e-05,-2.1226834039778962e-05,6.0256477374752874e-05,-8.594757051879838e-05,1.4792548787692252e-05,-1.7057288045502573e-05,-2.2720316759644375e-06,-0.00011594369838055416,0.0004424560784028281,0.0003227944442772176,-8.678669004028441e-05,0.0003355993431024833,0.00015233571191372748,6.300798413245752e-05,0.006791978102908882,0.002141651373365054,4.555236398494945e-06,2.5474444494908417e-05,0.00034001828866804,4.7150923050741094e-05,-3.363595395670415e-05,-0.0004120500725810525,-3.681683784366223e-05,2.137653478805833e-05,1.2706027530735492e-05,9.710765623792565e-06,4.085722726071778e-06,4.537330150966103e-06,-6.601966810189998e-05,4.0809750285800575e-06,-1.4817561047654492e-06,1.3427464312634892e-05,3.415107772239723e-05,-1.8351695092901027e-05,8.602262989330152e-05,-1.1358517444516737e-05,-4.588633527169819e-05,3.881082560095648e-05,-1.2107086145491525e-05,4.478332736981957e-06
66,0.014756600001800048,0.029460669829142284,-0.0015808117037202662,0.0029940245456999237,-3.675576454766097e-06,0.0010956890028114151,0.0005936525010809565,0.00018277206232911034,8.672752599086792e-05,-5.5229561043298544e-06,-5.6815619627763e-07,-5.657165406597908e-05,-1.594277382595274e-07,-1.5626872598087804e-06,-4.2116115543230794e-07,-0.00016462423297109921,0.00020220629458539877,7.715799236405456e-06,1.3699420389572558e-05,3.740451297947733e-05,-0.0003418618752433998,4.7925116891111115e-05,0.00012320158064048714,-6.186744089465213e-06,0.00010709560012346743,0.005051828497191828,-3.930763641571513e-05,1.36042856826463e-06,2.3121721731885577e-05,-0.0003569614173247144,1.5613118114570473e-06,5.5777565650257575e-06,-0.0015967949671307868,-0.0002664361965303834,-0.0020804267837026967,2.040638898338989e-05,0.002121983196267222,0.0028144512509106685,-0.015402984153691165,0.001331820281913011,6.201796069842709e-05,-1.0062932651811556e-05,3.726182786507625e-06,0.0001413207261105065,0.00010392114440991253,-2.6063051659375875e-06,0.0002473208197506245,1.2147253756271254e-05,4.511684111521785e-05,-1.6692952394842528e-05,-0.0005257196549306384,-5.385145499816675e-05,-0.00010397671026384132,2.4757635376504387e-05,0.00022187174902982244,-3.0866427978299046e-05,1.6121858896131687e-05,-8.011444939908844e-05,0.00018778368774194286,0.00011864388142687997,0.0001826957037631468,-2.9395280054266897e-06,7.027802230554243e-05,0.00010940672051644618
67,6.116055646929376e-05,-1.1466494376591834e-05,0.00011053733341254378,6.648305015548871e-05,-2.8019424999542355e-05,-9.268535819353128e-05,-7.336906992729045e-05,2.770651191178884e-05,9.51806587464135e-06,-0.00030105180863271346,6.091154665543557e-06,-2.3244693028010115e-05,1.4879922237749482e-06,2.0305011096639784e-05,0.000314427041212112,-1.29288558123054e-05,0.0001951148782922441,0.0002951572752974992,1.331366220145901e-05,-0.0001474946082045001,2.558074095110223e-06,0.0003114343141406849,0.0015240753121770084,0.00022695830954666733,0.002049650722963508,0.002229762131558666,0.00106998588932202,0.0002580762722891707,0.0007649205506435391,-7.069553725189911e-05,-9.916439776713671e-05,-0.0003536837493225517,0.00021024975838129743,-0.0005081377759677518,-9.211244865110963e-06,0.0013639646736937465,8.365482521201505e-05,-0.000281159763900146,1.620280417282621e-05,0.000211990087478789,0.00032075207011098,-8.147529031942844e-05,1.578558860536951e-05,-3.181350183721205e-05,-3.2958651556041716e-05,5.868278370376478e-07,-3.65538193566671e-05,-0.0004802035327387948,0.0014615633706417481,0.0028379090000409985,0.0035727830254914093,0.016417350797964102,0.00038701716112855497,0.0007059887514772338,0.00010265316178709515,0.009788217103508407,0.04369056143482315,0.009910222343462175,0.007951086447761309,0.0036272831809077873,0.017047595037846423,0.0039487598157453225,0.018375813192811494,0.016490105158275866
68,-2.8309263317210636e-05,-0.0002686440086075461,-1.3648782990208161e-05,-5.7683502118445675e-05,-0.00010852792481746439,-0.0002694478804998252,-0.00012932011717823908,-3.9927893013909225e-05,0.005782055077541949,0.0019018912152687297,0.015091612630038663,0.0030256686019029845,0.0014676210824244866,0.017010690227794865,0.012595557190415715,0.06684280074483251,0.0022878592623464078,0.02231503328290105,0.012904500852849467,0.010888644924120438,0.01679731861400821,0.01382389332508842,0.022710618510040213,0.03137922865409938,0.0008273525975526007,0.0006409871298043108,0.0010075547461983285,0.000421817145445202,7.607414471190568e-05,0.0009840937434406898,0.002058536921422348,0.0008659890603621483,2.5010136061317414e-05,-3.22994587546074e-05,-1.101636407590482e-05,-2.1154361750879663e-05,-5.7012119511921446e-05,-0.00017279288233726663,-9.267853461402771e-05,-1.0247513866492979e-05,7.20035293230617e-05,0.0008828137479468306,0.002850361174033211,0.00025618284195096655,-0.00022163148898803837,-3.431255027505157e-05,0.0018969344948167796,-0.00018283568881875923,0.0028426180833031303,-0.00014354099912838395,0.03762344883824045,0.016440684366985377,0.04649768587854254,0.005836313289616305,0.00039811062939334557,0.009111494255210524,-0.00042952489816754075,-3.5301878924077975e-05,0.0007403267433102889,-6.209043863598617e-05,-0.00011484762138268723,0.0016264681385899237,0.0034702042904290555,0.0007632747574951549
69,-6.763798617520941e-05,-0.00037411826862540084,1.0287783153132322e-05,-7.304877404283865e-05,-4.127582110085429e-05,-4.876058173052504e-05,-6.34237141027031e-05,2.4443473935214207e-05,6.289808383215967e-05,1.741806221703184e-07,9.060668574760016e-05,2.105635752543995e-05,-0.00016243436103340894,4.2836556749146075e-05,-0.00011438086143128924,1.0077274595813371e-05,-4.938145403250972e-05,8.795444851485665e-05,2.5527451506520815e-05,6.370454281002861e-05,0.00014785792992093772,0.0003953222255981523,9.875142999089347e-05,0.0005218820015167651,9.653738179472317e-06,0.0002715617440883828,4.2686189459162935e-05,3.575374901158463e-06,-7.900014982880741e-05,-4.304765841561541e-05,7.082405553070629e-05,-0.0001369824546860221,0.010075776842708746,0.0012380758228403225,0.002149428536803366,0.0013140634301035943,0.0016795348904185246,0.00848996160245466,0.0014922741780776332,0.024588389682263654,-0.000837655027677292,0.0010710264174119363,0.0003188404510923206,0.0007412381204716459,-0.00011912894303189499,0.003019223346956034,0.0001262674917317953,0.00015092955745468493,6.17680019099571e-05,0.000133897451128894,0.00030765610720914766,0.0003169372372775506,-0.00011917876420010465,0.00011128612523551637,0.0001933792262840109,4.710111317982373e-06,0.00011677422064375955,-0.00026181631688370585,0.00040284544794373477,0.0005307617605048862,0.0005094984248336992,-0.000420068230386755,0.0009111295241673301,-0.0009155834688211253
70,0.0005253289937069294,0.00018819195018562854,0.00018041153312000854,0.0001072687258586573,8.529181775041565e-05,0.0001601660179314604,0.00030746665120215643,0.00017695014814791564,0.17719965219678438,0.005602720201331797,0.0087980535375611,0.02269477352579043,0.03160889389119065,5.382294904290901e-05,0.0015303031163653058,0.0072761301383364825,8.657922046124838e-06,-9.817937904455902e-05,0.00018176745970743376,-9.066610963525959e-06,-6.405224033699538e-05,2.0437188294001275e-05,-1.7188319977341432e-05,5.393011539247827e-05,0.007205763578957188,0.0019643651526294217,0.000730540736142753,0.005783671045773313,-0.000627491309662675,0.0050619427592036755,0.0024168288915603787,-0.0004874794116247959,0.0013942588360766936,-0.002983391872403114,3.5526672938810156e-05,0.0002670932936794938,0.00043773976485777887,0.0003990622701926893,0.00013691566494760033,0.0008250093532385847,0.0005334959145835904,0.0007068948188995754,0.002600592135298514,0.0012466435725260552,-0.00010499889151086555,0.004857377810763806,0.0015962378286429658,0.0029518627776983926,0.00021658330545721807,7.037593615244601e-05,0.0003299741829950901,0.0001369030119524982,0.00011828530458359058,0.00029789276245960756,-0.00023993452088772897,0.014023707616139401,4.383099178546426e-06,2.7968202964021384e-05,9.386518220272415e-05,0.0003765495190392671,-0.00012061578292933043,-0.0008293895490066489,0.00027784621561902464,0.0016075884690331793
71,0.014026245626199417,0.10528147844223473,0.022124938299657722,0.007732499450151445,0.03639352782555292,0.03474281302358817,0.16511067122198397,0.05357351621233034,-0.0006168774351014419,0.005079721301861835,0.0014594355887585823,0.0008346147840903348,0.0005320634147811804,0.0032256246064990834,0.0017418533315072917,0.004926794310968151,-0.00023982902654108495,0.0014416522560379936,0.0004898220232890536,3.079604569305205e-05,0.00466240527866644,4.187418349861316e-06,0.0026914467858581313,0.0004471817461264002,-1.605561142892923e-05,5.4792394413917453e-05,7.04735675664263e-05,9.840317889539084e-05,0.0002412139420440659,-2.7110668815748467e-05,0.0021488668341994558,0.0014226816204843244,0.010117190095671566,0.0024539977876953875,-7.984261335614562e-05,0.004700527668360782,0.0031987082515366606,0.0024171482441188528,0.00014350737831283423,0.002028559626188126,0.0011873928500993223,-5.210113624807395e-05,-0.0018233388007093867,3.3841678100249315e-05,-0.0008022541616611898,0.0005817165015049297,0.00017490438478656237,0.0008332885694467626,0.002535005064061227,4.438570135013877e-05,-1.239203837353171e-05,0.00028173735053183213,0.00020648666725997584,0.00035316958582880617,0.00038464833968873474,0.00014507020396478275,8.103660420091726e-05,5.733859502880632e-05,-0.00015221625408320225,-5.77322274469065e-05,-0.0005102090712656494,0.0001424225647400703,-7.044622805915646e-05,-0.00019637608817347826
72,-0.0005727504762037853,-0.0005898642847265046,-0.0002360269822705594,0.000712086704303316,0.0029258055611032716,-0.00031574428578594446,0.00049979836765431,-0.0006094243803920861,0.0002199693373245576,0.0005556801397570886,-0.0016176035406012884,0.0014713904096648222,-0.0009431040042995774,0.00027499197106003564,0.0011635443945560038,0.001244362418266569,-3.18589763626884e-05,0.0019882833352135925,0.00015416779782032874,7.07275312537889e-06,0.0005856547236352186,-0.0036275121097405633,-0.003041493702874751,-0.0004492239847248317,-0.0004839535641615999,6.528656260365345e-05,0.0009965767365138203,0.0013442086486585038,0.0029822495328919105,-0.001117859580825911,0.00034538862649196125,-0.0005898594946640748,0.029037656704524507,0.028017878080516985,0.032069905767664934,0.046791060030505545,0.004843876341963645,0.041578064008225446,0.06362410799132051,0.028343963478441217,0.004796669463301537,-0.0006277271976427563,0.0068799005122325745,0.0025808728039490615,0.0028444500562365624,0.0026134499281622228,0.001949935722206469,0.0004038132890957248,0.0007549269439778249,0.00016582455031342289,0.008359383416049313,0.0015968834477179518,0.001573328541660961,-0.00019761614947720892,0.0051508987374699776,0.000926942875929363,0.00034274261408090873,0.00018677818133489314,0.002637700658571187,0.00018474294707303244,0.0003874557681658446,0.0038663916193779173,0.0009399843179790967,0.0002996106324908056
73,0.010746656989762059,0.0016525398157508744,0.013249422945336375,0.009974286536360618,-0.0001380589986227059,0.007022378659772547,0.04415125228673604,0.0012423824956690034,0.0004427239603848057,-6.725970681098456e-06,0.004723375723884357,0.011353887510263531,0.00039931948750736697,0.001315554314440538,0.0017602698562541091,0.0008384176417676842,0.0007101536881661536,0.0013158328610898167,0.00015910852127133147,0.004552075047670122,3.9062959122961296e-05,0.00040882947862465113,-9.439513934571436e-05,0.0017072827279161007,0.000285003111161817,2.6001724173752435e-05,-0.00012621272233872248,-2.7519710774306188e-05,-0.0001391287189798878,-0.0007698461808789585,1.6851530009999385e-05,3.158031674024343e-05,-0.000277638435363768,0.019759941317982706,0.007867158227476592,0.0015281127473456618,0.001954154230772861,0.021500907041883722,0.029591213039054032,0.007432464625999905,-0.0026590742786514483,-0.0005605880557993671,-0.0006962627782525152,-8.526500921705098e-05,-0.0027894350142981454,-0.0002916582250703563,-0.0006329724063829912,-0.0021774141602302877,0.0008408186379664753,0.00040215592749467277,0.002088523254510216,0.0030395462261717647,0.0030837055405854635,0.00040668628720102063,0.0006344710632740681,0.004848928502150066,0.0010257678288596427,0.09211906797511728,0.0011602200008505117,0.013528806861374214,-0.003386145563537738,0.0033107671527992694,0.0031306040476812755,0.0017474601447717809
74,0.10245684261481088,0.0030600415702296377,-0.0024065230270512994,0.033485476224145896,0.01970354176724472,0.0025551319122314444,0.001403592769805,0.007407872219533969,0.00824582097745466,0.007912096243360174,0.01950312275340649,0.0057925041016527335,0.016545306922270547,0.008619509473544708,0.005920321946798444,0.007416454384596263,-2.6439947102268304e-05,0.0025575826166252744,0.00024475205839357447,-8.829327764790257e-06,0.0005059770962973298,0.02194303884209784,0.006587673806168077,-0.001175465052375479,0.004367953814549189,0.04179416451154106,0.003007718520782679,0.0013720676969451518,0.020018527686731485,0.022139336910999754,0.003138044731828461,0.01959084886054906,5.4514005927085415e-05,-0.0008720258947029714,0.003285406573962948,0.0031213590464328066,0.00018134875854278245,0.004628330401347562,-0.00028071916853504916,0.0004453609349422154,0.008267395418642867,0.004267143425930622,0.0021645861922836014,0.0010494635446763915,0.0023753932247205256,0.0013743867650006741,-0.0005598589269567213,0.0039272216163502216,0.0012689876773304986,-3.9065557505888906e-05,-0.002769495882348096,0.000171474067436374,0.0002295178805362851,-4.905298453917601e-05,-0.00015245756477546914,0.0001915774171871158,0.0009244477052956133,8.648246458934601e-05,-1.940983005145025e-05,-0.00046634299001339734,0.0009045852143444566,0.003991450207806428,-0.001145300583192305,-7.465339411923267e-05
75,0.0010633186646896032,0.0004053753239354747,0.003465288195129234,-0.000660265007192569,0.00016854779118385894,0.002086108340016815,0.0016160171261513407,0.005471366205569739,0.004344455756591612,0.00044737077283533923,0.008265545189245077,-0.0004534818983331063,0.00013646336556204046,0.0003613699015746795,-0.001024745105341404,-0.0002891275356717862,0.011371420223302602,0.009819979374837116,0.005635369447617028,0.0068894864213204544,0.0014216258184217522,0.021767294343625895,0.006091667360388213,0.008444281307651387,0.011921556905149238,0.013850199082658722,0.0356145964326779,0.008228465587104064,0.040342456378025755,0.006227713990518775,0.012855390963724294,0.020526151389584024,0.004163373682515202,0.013829789078533876,0.006563887259922216,0.0032040718561596195,0.0007227712548800382,0.016865133245032877,0.008175134839570549,0.02059577395285143,0.017597846500434326,0.00335948118393488,0.014091265029849384,0.011105088052467653,0.01787663662948782,0.0010983436011834254,0.01301026000860878,0.01631280614897733,-4.1472044200765036e-05,-0.001149941792173581,7.891130772750387e-05,0.000502242203279372,-0.0013894087622977282,-2.6837765176338345e-05,-1.0023290366274347e-05,0.0011393906403166306,0.006548448075301002,-0.0037632133131048915,-0.0011597097236338302,-0.00028893186614041647,-0.0008589778550200793,-0.0002109164808445372,-0.0011668277564059614,0.0033575149084963157
76,0.0009593166484355587,-0.006723700372263552,-0.0003513048054866486,-0.002496157928883261,0.002262368538417628,9.614504856806741e-05,0.0014174420152133491,0.0019895880397654913,0.012787811678408492,0.007634120605676981,0.003341374747946552,0.0098104050342019,0.012875463675151185,0.005900603519234358,0.01649121536821737,0.019847410750081812,0.001193347439971994,0.002474430567211414,2.6286778077652772e-05,0.0007646111849133401,0.0004498734448876133,-3.0384360162303107e-05,-0.00048782447687688014,0.002989853214729546,-0.0012330185562665925,0.0012598485997267258,0.010256144022562,-0.00459460800032077,-0.0001512746904906746,0.013188753641401844,0.0008431572729751314,0.0025514808001167568,-0.0003547032192134783,0.0010464786127537288,-2.4768870558316137e-05,-0.00029377127525208156,-0.00018605605682881963,0.00011006243939287718,0.0008153177916416163,-0.0006801396992461445,0.0011461572813391263,0.0014243722413867768,0.00012821325124259112,0.0012071752656672018,-0.004594946377561163,0.005020575418537363,0.0010903917360341943,0.00047646769074619885,-0.0008224193755201166,0.0005746842153692347,0.0010344336844466681,-0.0002375014177138732,4.0912781817343243e-05,0.0017125301057412108,6.176216119704144e-05,0.0005697292121094801,0.004966126326994068,0.028372941729333745,-0.0007474704435867651,0.014036569385658707,0.0038104608621083954,0.04930433348510372,0.005534313410136443,-0.006626399562971622
77,0.002537242927001768,-1.0900013007569391e-05,0.0035484457124445447,0.0017789908662901592,0.005604247779354531,0.0004684971172399299,0.0008830772917590604,0.010392668574393202,7.676034374974429e-05,0.0014520307848903608,0.009580634234980076,0.0021277809793791903,0.006964887065178885,0.0008238245810045255,0.02821212866886535,-0.00045936156439907737,0.001078101701136337,-0.00482760133663753,-0.0005450436705617493,-0.011913597448202947,-0.0032075660711350634,-4.814166386440212e-05,0.002224009176200769,0.006416718466341541,0.0006172064129740469,-2.6576667233251273e-05,-0.00038716899706975837,-0.00036607283909633544,-5.3378648157820665e-05,0.00010453678605410094,0.002501644629072836,0.0011633792729699498,0.0009687060745852393,0.0036335065565478,0.015517080074191726,0.0022340066691435502,0.0005132785071198732,0.0011760492592349566,0.000896351910432783,0.0013531431092557989,0.024680547410561516,0.0079547055658741,0.05399181844611526,0.006165332465211582,0.008352267733119128,0.013158838707357758,0.010781368583870079,0.0066941194772901095,0.004091168462190781,0.03966965288533868,0.0446945129695311,0.027067879097673185,0.034423468599182085,0.03567400477527216,0.02903974191811701,0.021107243985457345,0.00026619375610640927,0.01325663406800103,0.0017800608803775827,0.0018638396823469482,0.012400609241280256,0.003110286591177731,0.00489828747452164,0.0001778194089112997
78,0.02643349714763604,0.0046947428997580615,0.03364997998252794,0.00277473349929127,0.009387478311464947,0.025375332951636093,3.348416320476897e-05,0.001125490692549352,0.0009228273988944993,0.0004938745968625602,0.004679494052334568,-9.617288515728659e-05,0.0014578065156394383,0.00041589238048955464,0.0005294875361143954,0.0012489706390820465,0.009713056505042734,1.0847661240341451e-05,-0.0001565941903878565,0.00047160984441310395,-0.0006914666604598063,-0.0009001355174818754,0.00016878661646636895,5.223879405637767e-06,0.0022897454624016943,0.0006158705956109803,0.0017696876160749643,0.0005969874238859435,-4.705495234236996e-05,4.8755797316754927e-05,0.0009415855545090204,0.0008952176823952278,0.008994722915382617,0.003999134010216609,0.0009333481835632102,-0.0017464979748729502,0.00044886454928544866,0.0007057634603805475,0.002175323139816816,0.002663189484550703,0.0013374542991169656,0.0005945935224022621,0.0005078037368971088,-0.0003263493032506055,0.0006693035838638354,0.0017987873809097222,0.00042848500272737875,-2.376133063419784e-05,-0.0011400756192442324,-0.0007829658907412393,0.012001874141389443,8.3668833885169e-06,-0.00016647184139133653,0.00012764124548552983,0.0034614632398997248,-0.00014602387828118374,0.0009292543973770899,0.003625280482919041,0.005396643400734532,0.00037680980922418433,-5.439152041558382e-05,0.002562275974022068,0.000993793710241542,0.0006030099332287424
79,0.0025978836713187897,0.0007077409427576307,0.0027140869707479192,0.000254277572024495,-0.00029774630404133306,0.0004473179013915277,-0.0005967181410366519,0.004689040917894712,0.0005169167402931163,0.0003639746109945836,0.00018882751464843793,0.0040371629485042825,0.002447715394871085,0.0031047738619696657,-4.815429817038568e-08,0.0012357638043106439,0.0018958351302996474,-0.0016349831523996504,-4.842946301634094e-05,-4.607771182258531e-05,0.0008709549994248167,-2.7402885218652587e-05,1.205611265094621e-05,0.003768243420928423,2.6269063884512113e-05,0.0008286627248166817,0.0030358916796726925,0.0026700892531573545,0.0005513097952494941,0.0013378597372313897,0.0010761813379942782,-0.0004954777313417519,-0.00038131644456471624,0.00028061848684546526,8.426058735243054e-05,0.0009607453523394374,8.618230617254097e-05,0.00017630805383585146,-0.0004813788604157904,0.0020727312320827813,-0.00019331058378559406,-9.539508747277184e-05,0.00045197872251520816,-0.002144850773554665,-0.0004987790785204556,-2.1028735585242947e-05,-0.0003730251176326546,-9.008860208483737e-05,0.001028337471407412,-6.921242546908641e-05,2.8329694515110037e-05,0.0004445496068206845,0.0004089410057386019,0.005204273770486341,0.0016502889383010926,0.0004471769108746977,-9.612950345980057e-05,0.0032439293329963367,-0.00016079471362550338,0.0007025837627118823,0.0025376026335767582,0.00030675234443948,-1.3169779571463219e-05,8.862539617467355e-05
