layer,0,1,2,3,4,5,6,7,8,9,10,11,12,13,14,15,16,17,18,19,20,21,22,23,24,25,26,27,28,29,30,31,32,33,34,35,36,37,38,39,40,41,42,43,44,45,46,47,48,49,50,51,52,53,54,55,56,57,58,59,60,61,62,63
0,0.003031444549560544,0.005965270996093753,0.006951484680175784,0.009427299499511722,0.006265106201171876,0.003666152954101562,0.01095794677734375,0.006374511718750004,0.007569351196289066,0.0022230148315429722,-0.0009107971191406259,0.00149593353271485,0.005197257995605467,0.004064102172851564,0.018998947143554688,0.005916748046875,0.003349304199218748,-0.0009350967407226467,0.0013527011871337807,0.002479362487792972,0.002531051635742188,3.725051879882486e-05,0.01728977203369141,0.009470367431640626,-0.007531852722167967,0.0006045055389404172,0.0779541015625,0.005774154663085938,0.0297784423828125,0.0708203125,0.03363861083984375,0.001723823547363278,0.00866302490234375,0.000286674499511714,0.066439208984375,0.006345653533935546,0.00174034118652343,4.491489380598068e-07,0.0020192527770996078,0.0016130828857421758,0.00282878875732422,0.005602111816406248,0.006667022705078126,0.0027029418945312476,0.015482330322265625,0.007084808349609374,0.0019017028808593738,0.003857345581054686,0.00171951293945312,0.002977485656738282,0.0056932067871093735,0.0010095787048339739,0.013442077636718747,0.008504486083984375,0.007630615234375,0.008599071502685551,0.003472061157226562,0.00016312599182127053,0.002322540283203128,0.0005863857269287062,0.0027605819702148436,0.00063117980957031,0.0036786651611328118,0.0122027587890625
1,0.00020435392856597124,0.014408111572265623,-0.001132564544677732,0.00039147377014159236,-0.00017629146575925565,0.0018265771865844688,-0.00026799917221069334,0.000881745815277088,-0.00014295101165770686,-0.0005933761596679717,0.000190391540527337,0.000925869941711424,-1.6490221023560317e-05,-0.00020521163940429704,0.009112253189086915,-0.002074403762817378,0.007965669631958005,0.0004897403717040997,9.151160717010124e-05,0.000565781593322757,0.0007238149642944217,0.0006542849540710396,0.0007805538177490111,0.0039599418640136755,-2.145767211911919e-05,0.0005250978469848499,0.00038466811180112913,0.00017080843448636902,0.001176910400390614,4.558742046355339e-05,0.00021286845207212486,-6.498694419857776e-06,7.349014282226206e-05,0.005117950439453122,0.00017471313476563795,0.0004556179046630713,0.000127162933349603,-4.974484443663507e-05,0.00015064477920532178,0.0007231378555297782,0.005634241104125975,-0.00020053744316100836,0.00855224609375,0.0001251828670501603,-0.0003572750091552541,0.002968406677246086,0.0005799138545989855,0.0018587875366210898,0.00012806415557859571,0.00047698020935057795,0.0008494377136230514,0.0013341498374938952,0.0015367507934570255,0.00039424657821653775,0.001415596008300776,0.00014951705932618063,0.00039039134979247593,-0.0007876396179199142,-0.1129296875,-0.02339599609375,0.0015782165527343723,0.0007505512237548752,-0.003090896606445308,-0.017371520996093744
2,-0.0021790122985839797,0.0020195770263671956,0.003733797073364254,0.00036533355712889,0.003397579193115234,0.001369915008544926,-0.0001779693365096894,0.0028538113832473734,-0.000736531317234045,0.005222787857055666,0.0007188063859939425,0.002035598754882812,0.003988208770751948,0.00078662872314453,0.001144943237304692,0.01634765625,0.01745868682861328,0.013711700439453125,-0.003765716552734374,-0.0007319831848144508,0.0063250732421875,0.011602516174316402,0.0020362091064453,0.0329248046875,0.004101505279541008,0.0009299218654632572,0.003374691009521474,3.760337829589225e-05,0.00693572998046875,0.002801513671875,0.01169403076171875,0.00846343994140625,0.0019555187225341695,0.018704605102539056,0.0021392297744751,0.005230979919433594,0.0005005264282226588,0.0013094711303711002,0.0011936187744140659,0.0016537892818450927,0.00024115562438964367,0.0017218399047851498,0.020623626708984374,0.00886810302734375,0.0029204750061035062,0.007049217224121088,0.0011547374725341712,0.0015773677825927767,-0.00019143223762511046,0.01711905241012572,0.00010471820831298101,0.00013450980186462526,0.0028085172176361153,9.151458740233798e-05,0.00043419480323789514,0.0034630775451660162,0.002328720092773438,-0.011945190429687497,-0.002712554931640624,0.0020660793781280486,0.00011367797851562037,0.004016189575195312,0.014306640624999999,-0.016036376953125
3,0.0010799419879913346,0.002833979129791261,0.00925983428955078,0.002604217529296876,-0.04038543701171875,0.0018599820137023934,0.002398738861083976,0.0010601806640625003,-0.0141339111328125,0.0012572240829467724,-0.001841163635253904,-0.002799987792968748,-0.0034065246582031263,-0.0011364650726318306,-0.002989578247070314,-0.00159879684448242,0.003513345718383788,0.003844928741455074,0.002093048095703124,0.008096771240234377,-0.0028738784790038985,-0.0007700538635253753,0.001279473304748537,0.002031707763671868,0.0008446121215820341,0.002977828979492182,0.0030130767822265604,0.00123203277587891,0.003954467773437504,0.00012958526611327374,0.001009893417358395,0.0007151412963867281,0.00736114501953125,0.00021710872650145322,0.007339181900024414,0.0025785255432128817,0.000541334152221674,7.267594337469127e-06,0.0001338350772857599,0.0007062530517578114,0.0066379928588867244,0.001125779151916512,0.0035235977172851565,0.0028575277328491285,0.00706869125366211,0.0009721946716308561,0.0011092662811279267,0.0006237363815307629,-0.001838226318359378,0.003407554626464842,-0.004257507324218748,0.001020774841308596,-0.0004978179931640691,-0.069169921875,-0.0234326171875,-0.02138336181640625,0.001714363098144535,-0.0006062388420104941,0.000627967119216917,0.0008423900604248093,0.001076288223266608,0.0013597869873046885,0.001634006500244128,0.00038967132568358597
4,0.001328582763671868,0.0021295356750488177,0.001557559967041012,0.00035455942153930255,-1.788079738616531e-05,0.0012847840785980141,0.0032638406753539985,0.001690355539321893,0.00585151672363281,-0.0002410936355590765,-0.0008202362060546759,0.0009020900726318383,-0.002818756103515624,-0.00017146825790402749,0.0006542158126830981,4.319190979003156e-05,0.000865926742553698,-0.004816436767578124,-0.0006677794456481831,0.00019549965858458633,0.011027069091796874,0.006320304870605462,-0.002039184570312498,0.00339614868164062,-0.002694702148437502,-0.00197174072265625,0.00023730039596557204,2.0752549171438437e-05,-0.00047110795974729657,0.0021391296386718754,0.0011961174011230562,-9.127616882322413e-05,-0.002437005043029776,-0.00032749176025388975,0.0003211927413940113,0.0004159593582153175,-4.429101943969795e-05,0.0005686974525451607,2.7063190937039608e-05,0.00011800825595854464,-0.0006003952026367197,0.0035818433761596663,-0.0033203125,-0.0066253662109375,0.00012748003005980606,0.0010934841632843052,0.0016900634765625,0.0008501434326171881,-0.005551751852035522,-0.00399169921875,-0.002410569190978993,-0.0009589385986327801,0.00036419868469236757,0.017289199829101563,-0.0498486328125,-0.1698992919921875,-0.0130364990234375,-0.001289844512939444,-0.010623779296875,0.002103004455566404,-0.0027820587158203097,-0.001939105987548824,0.00036529064178465623,0.0005865859985351523
5,-0.0022596764564514118,-0.011681594848632813,-0.0029117345809936486,0.005277481079101558,0.0007188415527343652,-0.008400726318359374,-0.000822601318359364,-0.0002889823913574152,-0.012314453125,-0.0881103515625,-0.002219276428222654,-0.0011016845703125,-0.001043987274169918,-0.00879913330078125,-0.00917694091796875,-0.004653873443603521,0.007257022857666006,0.0024428462982177654,0.0012089395523071315,0.00017063543200491481,0.003309593200683586,0.00418593406677246,8.038043975828941e-05,0.002707396745681759,-0.00839500427246094,-0.0011141848564148007,-0.010535583496093745,-0.00715057373046875,-0.014247589111328125,-0.001917495727539062,-0.00489822387695312,-0.00192548751831055,-0.0017842054367065397,0.00140165328979491,0.00498006820678711,-0.0004953575134277162,-8.833646774292317e-05,-5.249023437500012e-05,-0.0002178382873535179,-0.0030061912536621083,-0.13715560913085936,-0.002512660026550296,-0.006862118244171135,-0.021041054725646963,-0.11837890625,-0.00942051410675049,-0.2907192993164063,-0.03661846160888672,-0.0014038419723510723,0.003197793960571289,-0.002074928283691404,-0.004591445922851564,0.0014319610595703138,0.0011669874191284233,0.0009480190277099651,0.000308303833007804,-0.019941358566284182,-0.0008707404136657686,2.606093883514811e-05,-0.00013282775878906396,0.0004912948608398439,0.00146781921386718,4.565000534057054e-05,0.00016314268112182728
6,-0.0035382080078125,-0.0015110635757446245,0.000838260650634747,-0.00550140380859375,-0.000929298400878894,-0.0035076904296875,-0.001523742675781248,-0.0048736572265625,0.001650924682617184,-0.0038811111450195303,-0.00029969692230223785,0.0007975250482559138,0.0004737725853919914,0.0028224563598632916,0.0004073119163513173,-0.0003159141540527199,-0.00038537502288816817,-0.0004428601264953328,0.00016695976257322782,-0.00041072845458984403,-0.000959930419921868,-0.00159698486328125,0.00027723312377927713,-0.0025401306152343737,-0.0548974609375,-0.0008969569206237671,-0.0031378173828125,0.00011631011962890462,-0.0007466614246368348,-0.0008867025375366091,-0.000983715057373038,-0.018476715087890627,-0.00144805908203125,-0.025361557006835928,-0.00156181335449219,0.0010052490234375,-0.0005927205085754004,-0.03950927734375,-0.003912506103515622,-0.0005828571319579958,-0.00030773162841795,0.0012307536602020345,-0.0019420433044433651,-0.005821990966796869,0.0005580686032772004,0.004773664474487297,0.0008160305023193413,0.016040267944335936,-0.00322113037109375,0.0005701017379760604,0.00024431228637697053,-0.0181439208984375,0.0013767570257186945,6.807565689087137e-05,1.7118453979509846e-05,-0.000422801971435524,0.0021153676509857123,0.00022624492645261489,0.0023114252090454066,0.00151512145996093,0.002150454521179199,0.002336406707763664,0.00045642614364622573,-0.00166656494140625
7,-0.05268698215484619,-0.073955078125,-0.007809543609619139,-0.010436553955078125,-0.2173195266723633,-0.001903076171875002,0.0131689453125,-0.00525106430053711,-0.0003103446960449001,0.0008072853088378759,-0.000189762115478492,3.1280517578116282e-06,-0.003048553466796874,0.0020567274093627966,0.0050274658203125,0.00329010009765625,-0.037630615234375,-0.0020139980316162083,-0.008528633117675783,-0.0087664794921875,-0.001868057250976562,-0.007889895439147953,-0.02583953857421875,-0.001911163330078122,-0.012416011095046997,-0.02355712890625,-0.020127906799316402,-0.032599778175354,-0.001668014526367192,-0.002458305358886726,-0.002050704956054698,-0.05042980194091797,-0.010796744823455799,-0.07119171142578125,-0.001836547851562484,0.00465667724609375,-0.043900718688964856,-0.000935783386230462,-0.006383669376373286,-0.0021282958984375,-0.0009133720397949224,-0.002128601074218746,-0.00020061850547789328,-0.0005571079254150338,-7.106065750131378e-06,-0.00012306809425352504,-0.00985870361328125,-0.0006852388381957874,0.00040263652801512256,-0.001712265014648436,-0.0085516357421875,-0.012534561157226565,-0.0010662460327148346,-0.0001646721363067574,0.0007058417797088503,0.0009112167358398301,9.2449635267236e-05,0.0013797330856323178,-0.003477783203125,0.002104682922363284,0.003893456459045409,0.0008513045310974104,0.017187042236328123,9.433269500733172e-05
8,0.003548583984375,0.003534088134765626,-0.0016605377197265638,0.0027849817276000893,0.0010974693298339772,0.008592224121093752,0.0017998433113098212,0.0025465679168701176,-0.00029785633087155497,9.8342895507813e-05,-0.002275848388671874,0.0004520428180694425,0.001879959106445312,-4.509568214416473e-05,-0.003538970947265624,-0.0006790494918823265,0.0006973266601562541,-0.0035948181152343738,0.0030303907394409134,-0.003891220092773436,-0.003354110717773438,0.001090469360351568,0.000936107635498044,0.0008530700206756586,0.00022440850734708293,0.0006994533538818312,0.00031309366226194555,0.00011475920677184321,0.00373940467834472,-0.003527679443359374,4.708468914030163e-05,0.00743988037109375,0.0007640075683593714,0.000304260253906252,-0.000518379211425768,0.0007743215560913119,0.0004790878295898403,0.0015125274658203118,0.0022437477111816382,-0.0033429718017578105,0.0003194165229797217,-2.429604530336378e-05,0.003149631023406981,0.00118804931640625,0.002977461814880368,-0.0006877994537353299,0.00043048858642577396,-0.000393524169921858,0.0007150101661682047,0.00024045705795286323,5.0354003906233504e-05,0.0062896728515625,0.004424285888671876,-0.002841033935546874,-0.01035312652587891,-0.0001226520538330022,-0.004004859924316406,-0.00023002624511717423,0.0008804225921630961,-0.0032370567321777337,-0.0012472963333129946,0.00222175598144531,0.0002130508422851407,4.215002059935786e-05
9,0.00018152236938477324,0.00056079864501953,-0.0002412438392638884,-0.000796813964843732,0.0007769012451171789,-0.001553993225097646,0.00577876091003418,0.00485382080078125,-0.0023841476440429558,0.003653564453125,-0.001517467498779298,0.00018448352813720448,-0.0007563734054565321,0.01421314239501953,0.00390344619750976,-0.00034155845642090297,0.00036730006337164586,-0.0009892272949218678,0.0037103748321533196,0.0012433719635009761,0.0018015611171722414,2.5164037942892228e-05,0.0009248352050781319,0.00025541305541991097,-0.06785400390625,0.027528228759765624,0.00041233897209167294,-0.0004307496547698813,-0.00367584228515625,0.009473628997802727,0.00034292697906491786,-0.015469207763671874,8.976466953752494e-05,0.002508339881896966,-0.004053535461425778,-0.0008575630187988251,-0.0024082803726196223,-0.0007562661170959392,-0.0011460113525390537,-0.005667681694030757,0.0009971475601196313,-0.012791748046875,-3.612637519835964e-05,0.00025653839111328,0.000246491432189931,0.0010223007202148353,0.0009726619720459048,0.0020252037048339878,-0.001076860427856446,-0.003570952415466307,6.979942321775919e-05,0.007896728515625,-0.0017860412597656239,0.00038490295410156003,-8.280754089356652e-05,0.00260388374328614,-0.0023565959930419915,0.00036743164062500404,0.001706931591033936,-0.0014802932739257778,0.0005743217468261615,0.0075008392333984365,0.0012653732299804698,0.000812530517578126
10,-0.0426312255859375,-0.002015962600708,-0.0011058425903320262,-0.0008820831775665213,-0.0197607421875,-0.001364021301269528,0.014205627441406252,-0.017713165283203124,-0.007530589103698729,-0.000771331787109374,-0.0026817321777343737,-0.102333984375,-0.02031091690063477,-0.00326202392578125,0.00327916145324707,-0.00044439315795898006,-0.02885650634765625,-0.002978897094726564,-0.028104248046875,-0.0237506103515625,-0.010719261169433593,-0.000375785827636696,-0.00397148132324219,-0.03167388916015625,-0.054683990478515625,-0.0028073501586914017,-0.002493209838867184,-0.0013853621482849104,-0.004045372009277346,-0.008420171737670899,-0.005325946807861332,0.00024069786071777798,0.00023277282714843805,-0.0080316162109375,-0.008044586181640629,-0.0032375717163085982,-0.07769950866699218,-0.00284881591796875,-0.028600616455078123,-0.0010326385498046701,0.0005627489089965774,-0.002650833129882812,-0.015591278076171874,-0.00470657348632813,-0.0035494995117187522,-0.0025554084777832022,-0.00173482894897461,-0.000618596076965315,0.00048496246337892927,-0.009814529418945313,-0.006617202758789064,-0.05257568359375,-0.00033088207244870546,0.015572109222412107,-0.096240234375,-0.014933471679687496,0.000314292907714828,-0.002253816127777096,-0.004676589965820319,-0.029128265380859376,0.00023476600646971845,-0.0011750030517578079,-0.003242015838623048,-0.0033210468292236336
11,-0.026735858917236333,-0.0018099117279052781,-0.242802734375,-0.01039253234863281,-0.0388525390625,-0.00329748630523682,0.004011650085449222,-0.0035626220703125,-0.0024679994583129915,-0.0003129673004150333,-0.0027447175979614267,-0.0003572368621826029,-0.0009285116195678608,-0.001007261276245114,0.05305137634277344,-0.0003208780288696327,-0.0128216552734375,0.002826080322265626,0.0006074523925781241,-0.007439861297607423,-0.005732803344726564,-0.017934646606445313,-0.003083686828613278,0.011941604614257811,-0.00023569107055662343,-0.0018701934814453142,0.0010604000091552592,-0.002843284606933592,1.9044876098641743e-05,0.0003933382034301799,-0.004482631683349603,-0.002833242416381837,-0.00020953893661496817,-0.0030386257171630842,-0.0017425739765167252,-0.00214225769042969,-0.000366992950439442,0.0007425570487976093,-0.002618732452392582,-0.004331178665161134,-0.000789470672607398,-0.0182916259765625,0.00015628814697265343,-0.0004215222597122007,-0.016011962890625,-0.00045230865478513877,-0.00050497055053711,-0.0005413627624511704,-0.0260516357421875,-0.001064825057983387,-0.0032208633422851603,-0.0049327087402343765,-0.0133441162109375,-0.0336456298828125,-0.001297454833984372,-0.003699493408203124,-0.048492355346679686,-0.01042084217071533,-0.024170961380004883,-0.003808860778808594,-0.0029119873046875,-0.00472851276397705,-0.0013270092010498017,-0.004055023193359376
12,-0.01380523681640625,-0.001083431243896482,-0.0057401275634765625,0.003605346679687498,-0.0297088623046875,-0.0006883406639099151,-0.0014712619781494071,-0.0001267337799072253,-0.005727348327636717,-0.005324478149414062,9.047508239744132e-05,0.0015048503875732466,-0.00012881129980085073,-0.0023735094070434573,-0.000869178771972656,-0.00258636474609375,0.0038725495338439997,4.466772079473843e-06,0.001464023590087882,0.001684913635253908,0.0021667623519897507,0.009675812721252439,0.0002857708930969085,0.0045352840423584,-0.001858482360839852,0.0028014564514160178,-0.0020901107788085897,-0.0006712150573730471,0.0003176164627075183,-0.001071414947509764,-0.00034228324890135046,0.006623554229736328,0.00017725944519043368,0.0002727115154266319,0.0017698812484741166,0.001387443542480468,-0.0001566934585571142,-5.154609680177094e-05,-0.001300277709960936,0.00037246227264404373,0.00020713567733764322,-0.0031533813476562478,0.001966476440429684,-0.003930702209472658,0.028511962890625,-0.000149908065795886,-0.001294565200805667,0.00034298419952390836,0.000972251892089842,0.00028403520584106145,-7.18140602112025e-05,-4.885196685788691e-05,-0.00722381591796875,-0.001723217964172363,-4.6291351318343816e-05,0.00047469615936276304,-0.5784375,-0.000640869140624982,0.007441444396972649,-0.000635986328124998,-0.00010190486907959059,-0.0007489395141601607,0.1974951171875,0.0002604675292968761
13,0.00028496086597441426,-0.022353668212890625,9.080886840820399e-05,-0.004049320220947266,0.0009717369079589721,0.0008767318725585817,-0.012798614501953125,0.00039445519447326333,0.00041299819946288797,-0.009945602416992187,-0.005310211181640626,-7.94744491577206e-05,-0.001188325881958006,-0.01068086624145508,-0.001668272018432618,-0.005440206527709958,-0.046684646606445314,-0.0228759765625,-0.01387542724609375,-0.03193572998046875,-0.04193634033203125,-0.02099781036376953,-0.005950889587402346,-0.00450958251953125,-0.009988784790039064,-0.005422592163085937,-0.0004359674453735247,0.00043029785156249804,0.00273880004882812,0.000139331817626946,0.0003895723819732518,-0.0005888462066650322,0.06041900634765625,-0.002393856048583986,-0.076214599609375,0.0002007675170898452,0.001697998046875004,-0.008958740234375,-0.002523651123046876,0.0013389205932617199,-0.00046505451202391053,-0.010377292633056645,-0.003001728057861318,-0.00400035858154297,-0.003027381896972654,-0.002828788757324218,0.0013649368286132754,-1.1835098266602391e-05,0.003968200683593753,0.0013159608840942316,0.00020258665084837854,0.008439807891845712,0.0003834207355976063,-0.0004681825637817437,0.0006802272796630888,0.00028162956237791776,-0.01309497833251953,0.0006291961669921781,0.00022981166839598785,0.0015659332275390618,-0.0024800109863281263,-0.02680309295654297,0.0008397686481475726,-0.0001739311218261473
14,0.009751853942871098,-0.069725341796875,-0.087188720703125,-0.004073982238769532,-0.0424945068359375,-0.004649581909179688,-0.04584228515625,-0.001035308837890626,-0.16620361328125,0.03525405883789062,0.07228889465332031,-0.025546875,-0.09017425537109375,-0.04569095611572266,-0.012155456542968752,-0.4154248046875,-0.029857177734375,-0.03325439453125,-0.84171875,-0.35,-0.073828125,-1.299140625,-0.008354225158691407,-0.120703125,0.021931076049804692,-8.13007354736393e-05,-0.0024934959411621123,-0.0002745753526687318,-0.0030488204956054684,-0.009655981063842772,-0.006518707275390624,-0.099368896484375,0.0031488227844238244,-0.16965087890625,-0.14045654296875,-0.0306036376953125,-0.284837646484375,-0.0402685546875,-0.0466845703125,-0.010550403594970701,-0.00624298095703125,0.0614892578125,-0.02824432373046875,-0.09725357055664062,-0.014705085754394533,-0.039534912109375,-0.03954856872558594,-0.01374725341796875,-0.000209960937500002,-0.002318303585052494,-0.0132049560546875,-0.00011301517486572402,-0.0022037696838378877,-0.0054026508331298795,-0.0004986953735351412,0.0004947137832641611,0.0066253662109375,0.0034088134765625,0.00391845703125,0.002392196655273436,0.03296630859375,0.0021819972991943305,6.256103515624802e-05,0.003797760009765624
15,0.0002683877944946334,0.00015021681785582758,-0.001724090576171876,-6.0868263244595155e-06,-0.0015268802642822263,0.00043891906738281197,-0.002639598846435544,2.6273727417003325e-05,0.004847068786621094,-0.002310886383056655,-0.003622512817382806,-0.000915279388427733,-0.01631698608398437,-0.10339599609375,-0.0003737068176269322,0.00021942138671874806,-0.027325439453125,-0.053466796875,-0.0607586669921875,-1.17953125,-0.0492724609375,0.122227783203125,-0.0490740966796875,0.11681640625,-0.008324508666992187,0.01094873428344726,-0.003341827392578124,-0.002190551757812498,-0.02394783020019531,-0.00018094062805174512,-0.00256103515625,-0.00039587020874023597,-0.0032037353515625,-0.0009499359130859368,-0.012118625640869143,8.136749267577997e-05,-0.00249603271484375,-0.013571109771728516,0.0054445648193359375,0.0019339370727539079,-0.009506072998046873,-0.271728515625,-0.001111907958984374,0.01642627716064453,0.01277748107910156,0.12409912109375,-0.005695991516113283,-0.00506969451904297,-0.001005668640136716,0.002200546264648438,-0.08654541015625,0.0210906982421875,0.023231658935546875,-0.013991661071777343,-0.03199123382568359,-8.6665153503413e-05,0.013829040527343748,0.04688385009765625,0.0504351806640625,-0.0007925534248352025,-0.2322119140625,-0.17341869354248046,-0.0014994239807128863,-0.004168472290039062
16,0.00130805969238281,-0.006156845092773437,0.004150238037109376,-0.025164947509765626,-0.010207176208496094,-0.0030140686035156237,0.007869491577148438,0.002308082580566404,-0.0007600402832031281,-0.00022162914276122817,-0.00104469299316405,0.0013060760498046857,-0.004915695190429686,-0.016254653930664064,0.000975875854492186,-0.015161228179931643,0.0007949686050415,0.05779373168945313,-0.1842364501953125,0.00462921142578125,-0.0011990928649902343,0.009243125915527346,0.007297668457031248,-0.0059048843383789065,0.0007132434844970625,0.0002197265625,0.03368545532226563,0.1650665283203125,0.2416259765625,0.01762725830078125,0.008826904296875,0.0744378662109375,-0.010352783203124999,0.0240484619140625,0.008324985504150393,-0.013301544189453125,0.1803607177734375,-0.0202069091796875,-0.0747064208984375,0.005999889373779296,-0.0018474769592285178,0.0016553306579589861,-0.006906280517578126,0.038763599395751955,0.013423070907592774,0.005470428466796874,-0.3108984375,-0.653515625,0.003174962997436526,0.0019215106964111373,-0.007367095947265624,0.0010592794418334914,0.007722616195678708,0.0462738037109375,0.019842910766601562,0.002379608154296876,-0.0008342361450195341,-0.02581188201904297,0.001731891632080082,0.022257308959960937,0.00968292236328125,0.047093772888183595,0.031683349609375,0.019561500549316404
17,-0.001029796600341796,0.00023002624511718556,0.007585830688476564,-0.00036243438720703555,0.0013050651550292967,-0.007339735031127932,-0.002902565002441398,-0.028347129821777343,0.0184368896484375,0.058265380859375,-0.294072265625,-0.00796630859375,0.2814227294921875,-0.0021791458129882778,0.012564544677734374,-0.013680038452148435,-0.08725051879882813,-0.0070721435546875,-0.283634033203125,-0.051512985229492186,-0.0018341064453125,0.02750732421875,-0.021875762939453126,-0.06965087890625,-0.129658203125,-0.169688720703125,-0.166505126953125,-0.125556640625,-0.05837173461914062,-0.184306640625,-0.013809814453125,-0.038314208984375,0.0008795952796935985,0.023803071975708003,-0.0004090738296508724,0.0034298610687255896,-0.0035691452026367183,-0.004489784240722654,-0.010116901397705073,-0.0031416940689086943,-0.004447364807128909,0.005334091186523437,-0.028670806884765625,-0.03809661865234375,-6.343841552734403e-05,-0.02539642333984375,-0.019317626953125,-0.005573368072509766,-0.09658706665039063,-0.004599723815917969,0.005331497192382812,-0.011627120971679686,-0.05265045166015625,-0.06656158447265625,-0.01072998046875,-0.048074951171875,-0.7419921875,-0.09197021484375,-0.07634033203125,0.08874435424804687,-0.125966796875,-1.73546875,0.358916015625,-0.07672164916992187
18,-0.034354248046875,-0.005004615783691408,-0.11674560546875,-0.018538131713867187,-0.7516366577148438,-0.0770263671875,-0.191212158203125,-0.13970703125,-0.0708758544921875,-0.23949539184570312,-0.580811767578125,-0.061005859375,-0.3159515380859375,-0.3133740234375,-0.079659423828125,-0.03775245666503906,-0.06157501220703125,0.01161224365234375,0.0867852783203125,0.012537384033203126,0.01085693359375,0.012319297790527343,-0.006718845367431638,-0.014689483642578126,-0.010785808563232422,-0.005930480957031248,-0.011797370910644528,-0.032132110595703124,-0.006726913452148436,-0.0272900390625,-0.0054034423828125,0.032088623046875,-6.149291992187389e-05,-0.04563766479492187,-0.006902160644531252,-0.038284912109375,0.0028662872314453142,-0.00431915283203125,-0.006472854614257812,-0.02197826385498047,-0.40484375,-0.366748046875,-0.058055419921875,-1.33166015625,-0.5569921875,-0.475380859375,-0.04672805786132812,0.1304931640625,-0.77028564453125,-0.2974566650390625,-0.26543701171875,0.12622314453125,0.008765029907226565,0.02503692626953125,-0.10836929321289063,-0.04557968139648438,-0.0638397216796875,-0.01246826171875,-0.11860595703125,-0.2938232421875,0.0736187744140625,-0.0032684516906738297,-0.034396705627441404,0.00226043701171875
19,-0.78123046875,-0.0157318115234375,-0.007376480102539063,-0.031990432739257814,-0.8716796875,-0.02380706787109375,-0.0727117919921875,-0.07393013000488281,-0.00743743896484375,-0.0388177490234375,-0.012568359375,-0.009264984130859374,0.002837467193603514,-0.07176559448242187,-0.00051776885986328,-0.00199938774108887,-0.0010464143753051716,-0.014944076538085936,-0.39191162109375,0.001424713134765624,-0.000967864990234374,-0.004865283966064454,-0.006193580627441406,-0.011173210144042971,-0.003089599609375,-0.0010881233215331984,-0.005146827697753902,-0.015660400390625,-0.003191795349121094,0.003781967163085936,0.002779350280761716,-0.007520599365234374,-0.010359802246093747,0.06038566589355469,-0.43899078369140626,-0.019763031005859376,-0.049027099609375,-0.0021568298339843723,-0.101968994140625,-0.1611236572265625,-0.002606735229492184,0.010141258239746091,-0.008181648254394533,-0.01211944580078125,0.00712554931640625,-0.004702243804931651,-0.007262649536132812,-0.0011143493652343778,-0.0068527889251708985,-8.734941482543582e-05,-0.02294921875,-0.0037344837188720693,-0.040989227294921875,0.002670974731445312,-0.007667160034179686,-0.0033537483215332047,-0.0293878173828125,-0.001426744461059572,-0.007250480651855467,-0.003616390228271484,0.0107281494140625,-0.004037551879882812,-0.00047710418701172404,-0.002022743225097654
20,-0.010382394790649412,-0.04617706298828125,-0.003388481140136722,-0.0010995078086852917,-0.0429296875,-0.00811737060546875,-0.06934814453125,-0.00950912475585938,-0.02486312866210938,-0.0445513916015625,-0.03676918029785156,-0.01119537353515625,-0.02132110595703125,-0.2323394775390625,-0.20627487182617188,-0.0051622772216796875,-0.004179611206054688,-0.00865966796875,-0.002341017723083498,-0.00529247283935547,-0.0038422012329101564,-0.20275634765625,-0.020580596923828128,-0.003646316528320308,-0.0008463406562804996,-0.011034088134765625,-0.002390365600585935,-0.001721796989440915,-0.0007984519004821627,-0.00391023635864258,-0.009098548889160157,-0.0025046539306640653,-0.005298500061035158,-0.005445899963378905,-0.0016983461380004857,-0.001692087650299069,-0.01172309875488281,-0.02385223388671875,-0.2907568359375,-0.063531494140625,0.002157878875732418,-0.0017620849609374981,-0.003063735961914064,-0.015632171630859375,-0.0009643268585204966,-0.0031316757202148413,-0.0007791396975517094,-0.0025690460205078118,-0.0443212890625,-0.00946437835693359,-0.01864410400390625,-0.08686145782470703,0.05283401489257813,-0.06289985656738281,-0.035018310546875,0.007161827087402344,-0.044998779296875,-0.04747406005859375,-0.1616436767578125,0.01313690185546875,-0.2200390625,-0.446630859375,0.15598388671875,0.104576416015625
21,-0.0010429477691650275,-0.001653003692626952,-0.00362276554107666,-0.0031175231933593737,-0.0016589498519897353,-0.001649932861328122,-0.003314790725708006,-0.001162853240966788,-0.011553897857666019,-0.00347840309143066,-0.003987464904785156,-0.0013994359970092604,-0.005674819946289062,-0.005438232421875,-0.003971366882324216,-0.018395538330078124,-0.02330095291137695,-0.283662109375,-0.0169134521484375,0.24874267578125,-0.258564453125,-0.038436279296875,-0.007214336395263676,-0.04550621032714844,0.18073745727539062,-0.12819580078125,-0.687755126953125,-0.18385345458984376,-0.03349212646484375,-0.3502001953125,0.31345947265625,-0.416396484375,-0.061510009765625,-0.91343505859375,-0.02526462554931641,-0.05102264404296875,0.1921200942993164,-0.01043212890625,-0.0497900390625,-0.10941741943359375,-0.019658126831054685,-0.025918502807617188,0.052083740234375,-0.004853191375732416,-0.011846828460693357,-0.00326629638671875,0.0004946136474609361,-0.0460174560546875,-0.115733642578125,-0.032137451171875,-0.7824609375,-0.30212715148925784,-0.08665252685546875,-0.03926025390625,0.005896854400634762,-0.0872332763671875,-0.0841766357421875,0.022919921875,-0.0044580078125,-0.14298782348632813,-0.151943359375,0.41406219482421874,-0.00438247680664063,-0.523251953125
22,-0.002149403095245356,-0.007922286987304687,-0.005632324218749996,-0.0014673566818237257,-0.002424926757812476,-0.001788597106933588,-0.003877296447753906,-0.01024707794189453,0.003440704345703124,-0.4726220703125,-0.057640380859375,-0.037838287353515625,-0.0504742431640625,-0.3762744140625,-0.188975830078125,-0.01386749267578125,-0.001642436981201162,-0.002651405334472646,-0.0004412457346915921,-0.001461477279663074,-0.0006408953666686775,-0.0006105422973632825,-0.0005403947830200022,-0.0019348907470702963,-0.073179931640625,-0.011160392761230471,-0.03174591064453125,-0.03423187255859375,-0.010394973754882814,-0.01389533996582031,-0.01274658203125,-0.021627197265625,-0.000635995864868166,0.01859283447265625,-0.004242782592773436,-0.00017731964588162789,-0.0025842666625976504,0.002483081817626958,0.006814708709716798,-0.00023902893066406,-0.001956768035888668,-0.0017926263809204012,-0.0004367280006408535,-0.0035262584686279247,-0.004570236206054688,-0.0027108168601989668,-0.001469821929931625,-0.005255188941955564,0.0020098876953125,0.003851318359375,0.0370794677734375,-0.013012313842773435,0.047444305419921874,-0.041492919921875,-0.189090576171875,-0.00391204833984375,-0.0019655799865722578,-0.0006471562385558856,-0.001814601421356188,-0.0018191576004028315,-0.001846351623535165,-0.008736248016357423,-0.007544250488281248,-0.00580635070800781
23,-0.00194070816040039,0.000532054901123046,-0.001140079498291022,-0.02954326629638672,-0.0014243173599243126,0.00022209167480468603,-0.0003624349832534583,-0.00013760328292845842,-0.068223876953125,-0.137900390625,-0.05234367370605469,-0.084202880859375,-0.08362136840820313,0.20995849609375,0.083212890625,-0.129647216796875,0.031755199432373045,-0.005873680114746094,-0.0008779668807983329,0.041981658935546874,-0.009376983642578126,0.005105609893798826,-0.1722802734375,-0.078876953125,-0.0004335403442382885,9.202241897582297e-05,-0.0009521365165710426,0.0005445981025695754,-0.001041011810302733,0.001679687500000002,-0.00269035339355469,0.000702552795410162,-0.00477077484130859,-0.012550048828125,-0.004922180175781246,-0.0621820068359375,-0.04487762451171875,-0.0184619140625,-0.111236572265625,0.0009075927734375019,-0.04422218322753906,-0.33216064453125,-0.1240667724609375,-0.044635162353515626,-0.023987274169921875,-0.001412353515625,-0.04962028503417969,-0.0376678466796875,-0.28088623046875,-0.005533256530761716,0.00337982177734375,-0.015010337829589847,-0.02860198974609375,-0.05357513427734375,-0.073402099609375,-0.011145830154418944,-0.002058682441711429,-0.0016686725616454968,-0.010261878967285153,-0.002187595367431636,-0.0017757892608642439,-0.0016041469573974507,-0.002220802307128903,-0.0017903733253478876
24,0.022169189453125,0.06021270751953125,0.14023284912109374,-0.1941455078125,-0.0004314541816711437,-0.00635650634765625,-0.02460868835449219,-0.0474639892578125,-0.0014816474914550654,-0.00027946472167969175,-0.000910854339599604,-0.0036180686950683582,-0.002361640930175776,-0.0009499454498290893,-0.008137359619140626,-0.0011807012557983384,-0.002199859619140616,0.0002491521835327182,-0.009670505523681643,-0.00367645263671875,-0.003483276367187496,-0.00743682861328125,-0.014534530639648437,-0.00043396472930906904,-0.0022839212417602455,-0.003797416687011718,0.002348098754882812,-0.00185577392578125,-0.0006660079956054719,-0.014583892822265625,-0.02489845275878906,-0.003911590576171874,0.004220867156982424,-0.002839622497558586,-0.0008931827545166061,-0.004491462707519531,-0.033420047760009765,0.033731689453125,0.005797882080078126,-0.0181524658203125,0.0028274917602539064,-0.033809814453125,-0.022624397277832033,0.0010831069946289039,-0.018649444580078126,0.00447296142578125,-0.05614158630371094,-0.031600570678710936,-0.019932212829589843,0.014643783569335935,0.019251708984375,-0.014140625,-0.001561279296875,-0.0011816930770873915,-0.0009149169921874965,-0.1055316162109375,-0.00027931690216063785,-0.001681308746337884,-0.00042272567749023404,-4.796981811533995e-06,0.00013141393661498748,-0.000571744441986069,0.00020192861557006222,-0.003097343444824216
25,0.00036468505859374835,0.0003910207748413077,-0.0011689758300781198,-0.00013735353946684822,-0.00119930267333984,-0.00023465156555174844,-0.00041508674621583,-0.0002894568443298245,-0.013916625976562503,0.00035369873046875195,0.00011873006820680034,0.1517333984375,-0.003396406173706058,0.001871347427368168,-0.006843719482421874,0.044990234375,-0.00024414062500000374,0.00012517452239989377,-0.0001137399673461979,0.000628542900085443,0.00016903400421141814,0.00023086786270140464,0.00017346262931823122,-0.000582962036132808,-0.0011065101623535004,4.598617553710699e-05,-0.00021014928817749375,0.00020235896110533814,0.003532562255859376,-0.0002609634399414085,-6.281852722169007e-05,0.0022540283203125,-0.07272544860839844,0.00753509521484375,-0.02938453674316406,-0.09637451171875,0.00488525390625,0.13689208984375,-0.0639630126953125,0.06784027099609374,-0.001383914947509751,-0.00017687916755675586,-0.0006854677200317351,-0.0018873262405395476,-0.0006712365150451683,-0.003202743530273436,-0.00112775802612304,-0.000649863481521583,9.377717971802096e-05,-0.003471231460571291,0.0014434623718261761,0.000314502716064452,-0.0007391595840454115,0.0002447557449340799,0.0004194533824920643,-0.003387956619262696,0.002205810546875,-0.305582275390625,-0.124625244140625,0.020344390869140624,0.06376480102539063,0.0038972473144531262,-0.00833953857421875,-0.016417160034179687
26,-0.0008553171157836928,0.0011393260955810539,8.555412292479799e-05,0.001287927627563468,0.00060443878173828,-0.01572998046875,0.00426129341125489,0.0033502197265625,-0.00015488624572753667,-0.000827636718749978,-0.0033034515380859306,-0.00137205123901367,-0.0005862522125244011,-0.00019743442535400397,-0.0016776323318481315,-0.001900844573974608,6.818532943726893e-05,7.519423961639773e-05,0.0009000921249389635,-0.0005199670791625778,0.005493316650390624,-0.0001992893218994122,1.8644332885745193e-05,0.0022791576385498068,1.15193359375,-0.012824401855468747,-0.020444564819335938,-0.934375,-0.40921875,-0.155692138671875,0.09901939392089844,-0.187177734375,-0.09420623779296874,-0.009192657470703124,0.030256729125976562,0.02853759765625,-0.00689208984375,-0.06246368408203125,0.00842071533203125,-0.4416143798828125,-0.1015887451171875,-0.00015255212783813214,-0.0009879112243652152,-0.0007679128646850559,-0.002058601379394528,0.0100286865234375,-0.0009194421768188398,0.00023813247680662996,0.005833206176757813,-0.0017661762237548828,-0.005311241149902346,0.00194755554199219,0.0015319728851318323,-0.013774108886718745,-0.006938896179199215,-0.009064788818359374,-0.0016950416564941349,-0.0070655632019043,-8.142173290251535e-05,0.002112493515014652,-0.0012146377563476347,-0.00040330886840820327,0.00023368835449218107,-0.0009615898132324121
27,0.0007732963562011731,0.007839412689208984,4.765033721925458e-05,-1.889228820801333e-05,-0.002752904891967769,-0.004773559570312502,-0.000754737854003908,-0.02493896484375,0.002303924560546876,-0.24485137939453125,-0.025740890502929686,-0.005957822799682614,-0.002359714508056639,-0.0005026245117187519,-0.0483026123046875,-0.153477783203125,-0.1500872802734375,-0.097762451171875,-0.0979180908203125,-0.05828369140625,-0.089637451171875,-0.6488330078125,-0.1603221130371094,0.0192388916015625,-0.01693328857421875,-0.0004575252532959034,0.003113937377929686,0.00125274658203125,-0.0094140625,-0.03094390869140625,0.00036148071289062394,0.018458251953125,-0.06714736938476562,-0.0123724365234375,-0.3119775390625,0.05599151611328125,-0.222747802734375,-0.01428955078125,-2.2270703125,-0.075665283203125,-0.54087890625,-0.00038473367691040566,-0.03138076782226563,-0.025555381774902342,0.3896337890625,-0.03762033462524414,0.015618782043457029,-0.005556669235229492,-0.014587936401367187,0.005157928466796874,-0.280587158203125,0.032711334228515625,0.0088812255859375,-0.09619140625,-0.141500244140625,-0.03796417236328125,0.00589691162109375,0.00643363952636719,7.415771484375196e-05,-0.005568084716796876,0.0017999267578125019,0.0019043827056884728,-0.006486721038818358,0.0037805747985839838
28,0.084923095703125,-0.78193359375,-0.008468475341796873,0.02391387939453125,-0.00800323486328125,0.2709912109375,-0.007738418579101562,0.007441635131835937,-0.234959716796875,0.13450714111328124,-0.006228713989257812,-0.27222412109375,0.01646339416503906,0.007987289428710935,0.065758056640625,-0.0005719566345214879,0.0624615478515625,0.0979156494140625,-0.07646804809570312,-0.0018622970581054698,-0.005204620361328126,-0.01347625732421875,-0.0013684463500976563,-0.009060173034667968,0.008135261535644532,-0.001768455505371088,0.0009812116622924776,0.00456207275390625,0.0033244419097900367,0.00480743408203125,0.00036563873291015807,1.89208984375e-05,0.00028416633605956367,0.00216209411621094,0.0012809467315673837,8.271217346191198e-05,-0.00014102935791016188,-0.0003206324577331433,0.00037431716918945193,0.000527420043945308,-0.08499832153320312,0.006070556640625,-0.039164276123046876,-0.19274276733398438,-0.01658050537109375,-0.0873675537109375,0.011591644287109374,-0.218446044921875,-0.000443344116210942,8.890151977539156e-05,0.00023917198181151378,-0.00010527610778809243,0.00023056149482726093,6.585121154784919e-05,0.000572056770324703,-9.230852127074912e-05,-7.696628570556815e-05,-0.011668319702148438,-7.704138755797289e-05,-0.0016853141784667941,-0.0004976749420166001,-0.0023107719421386662,-0.0026940488815307595,0.0007768249511718741
29,-0.0005339336395263567,-0.001726827621459963,-0.00035012245178223203,9.991645812987381e-05,-0.0022541475296020486,-0.0030269384384155255,0.005297851562499998,-4.880666732787992e-05,-0.029014434814453125,-0.12663330078125,0.002855072021484376,0.003334197998046874,0.1059112548828125,-0.353564453125,0.0153485107421875,0.0376416015625,-6.934165954589644e-05,-0.0001932144165039034,0.007686386108398438,0.001420059204101566,9.729862213131874e-06,-0.000398368835449226,-0.00071722030639649,-0.0003345584869384811,0.067432861328125,-0.025288429260253906,0.11695121765136719,0.41133056640625,-0.01408599853515625,-0.06223724365234375,0.03753631591796875,-0.0976715087890625,-0.00129646301269531,-0.00020805358886719037,-0.00017405509948731132,0.057210693359375,-8.309841156005585e-05,-0.00011007547378539902,0.005076599121093754,0.01493133544921875,-0.0005665397644042961,0.000421180725097654,0.002479400634765624,0.00290348052978516,-0.0006533527374267581,0.000208930969238274,-0.009766998291015625,-0.001820774078369134,0.0092742919921875,-0.00104736328125,-0.0010011005401611307,-0.0132879638671875,-0.00739288330078125,-0.0028960418701171903,-0.003980693817138672,-0.05351715087890625,-0.10630905151367187,0.1280609130859375,0.14433311462402343,0.2025408935546875,-0.040716934204101565,-0.1357733154296875,-0.083026123046875,-0.08280113220214844
30,-0.0036151123046875,-0.00022216796875,0.006976242065429686,-0.03443603515625,-0.0018890714645385795,0.043210296630859374,0.03092041015625,0.00986846923828125,0.0017291259765625,-0.003783454895019528,-0.00042478561401366495,-0.0003936076164245594,0.002142333984375,-0.002369976043701168,-0.00030630588531494266,-0.00042891025543213655,0.0008924198150634786,0.00042076110839843093,0.0005014801025390588,0.0009319877624511766,0.0008452796936035159,0.0005178856849670357,0.00058013916015625,0.0025320434570312526,-0.6716281127929687,-0.030399169921875,-0.171641845703125,-0.0330218505859375,-0.09156982421875,0.0014348602294921874,0.5688912963867188,0.06994049072265625,-0.05754730224609375,-3.387265625,-0.008462753295898434,-0.303662109375,-0.004513931274414056,-0.012028732299804688,-0.009211964607238771,-0.1369720458984375,0.04058677673339844,-0.010594177246093748,0.078338623046875,0.008279247283935545,-0.011037673950195313,0.00058311462402344,-0.01030914306640625,-1.0565625,-0.351591796875,-0.0639429473876953,0.01112049102783203,0.05733367919921875,-0.538505859375,0.093023681640625,0.2156103515625,-0.065997314453125,0.0003240871429443387,0.13015487670898437,0.0290582275390625,-0.010117340087890624,0.014080352783203125,-0.015542373657226563,-0.0363134765625,0.029220695495605475
31,-0.0511224365234375,0.00968505859375,-0.011733570098876954,-0.12617431640625,-0.008639812469482422,0.002115669250488286,-0.015388946533203125,-0.00264129638671875,0.004219932556152344,-0.0026745986938476562,-0.00149169921875,0.001338901519775392,-0.00249212265014648,-0.031729393005371094,-0.0004628300666809079,-0.0006097412109375,-0.0321368408203125,-0.0044356536865234365,0.0005976581573486329,-0.00258136749267578,0.0013368606567382801,-0.0389190673828125,-0.00890228271484375,0.0119915771484375,-0.0039139556884765616,-0.02742156982421875,-0.0434991455078125,-0.190126953125,-0.004550018310546874,-0.0232110595703125,-0.02640907287597656,-0.31713714599609377,-0.16329345703125,-0.17480701446533203,0.0328369140625,0.749375,0.81705322265625,0.2701171875,-1.7167822265625,-0.4477264404296875,0.026925201416015624,0.10259284973144531,0.495322265625,0.067952880859375,0.019569091796875,0.183194580078125,0.0818365478515625,0.0308013916015625,0.000636062622070312,0.00090087890625,0.04097705841064453,0.0831829833984375,0.0310498046875,0.045533447265625,-0.02373085021972656,-0.05026290893554688,0.001852855682373048,-0.004037780761718752,0.004005584716796874,0.010975494384765624,0.0010017395019531253,0.0020635986328125,0.0009563398361206064,-0.000716323852539062
32,-0.029119949340820312,-0.02369548797607422,0.00080078125,-0.0008146953582763662,0.019704818725585934,-0.012380447387695314,-0.001902618408203126,-0.009082870483398437,0.004173851013183596,0.00013660907745361578,0.0004994297027587894,0.0003919982910156225,0.004027366638183596,0.0011180543899536165,0.001019096374511724,-0.00172233581542969,0.0493017578125,0.02218780517578125,-0.08152450561523437,0.011646575927734375,0.0612066650390625,0.020157928466796874,-0.5470138549804687,0.0176983642578125,-0.001008281707763674,2.5796890258695953e-06,-0.004391460418701171,4.17709350585843e-05,-0.00041092872619629745,-0.0015852260589599577,-0.00044988632202148514,-0.00118389129638671,0.0015376663208007825,-0.000700225830078124,0.00024430274963378805,0.00350341796875,0.0030207824707031263,0.001839637756347656,0.004503078460693358,-0.004725208282470703,0.009365081787109373,0.0014070510864257852,9.668827056883397e-05,-0.027840728759765624,0.001174545288085936,0.014096832275390625,0.002983093261718746,0.002475795745849608,0.06361907958984375,0.00311790943145752,0.0175592041015625,0.0061481475830078135,0.048541107177734376,0.043402099609375,-0.0020747375488281263,0.002822933197021482,-0.001238241195678714,0.00694591522216797,0.024066009521484376,0.02072357177734375,0.005954513549804688,-0.0003071403503417974,0.0067895126342773435,0.0002779579162597659
33,-0.002992105484008792,-0.002444534301757812,-2.994060516357545e-05,0.00011096954345702927,-0.002965545654296876,0.0013327789306640642,-0.0012648391723632775,-0.0017218303680419911,0.0284405517578125,-0.00845541000366211,0.048644332885742186,-0.01750244140625,0.058865509033203124,0.019763240814208983,-0.07830863952636719,-0.0004656982421875,-2.32171875,-0.016105499267578125,-0.3843701171875,-0.1368701171875,-0.025287666320800782,-0.114327392578125,-0.01149906158447266,-0.0381988525390625,0.004193153381347656,0.01866973876953125,0.000738353729248038,0.000979909896850585,0.04356216430664062,0.01874622344970703,0.043599853515625,0.00910369873046875,-0.02016569137573242,0.00043918609619140596,-0.00016998291015625,0.003468704223632812,-0.0029147911071777336,0.00582077026367187,0.01902881622314453,0.0100079345703125,-0.12938308715820312,0.05449722290039063,0.257447509765625,0.3475,0.615728759765625,-0.0642291259765625,0.07097564697265625,-0.11213523864746094,0.003588409423828124,-0.01408294677734375,0.011459808349609375,0.027149658203125,0.0073300552368164105,0.0118560791015625,0.009049072265625,0.00899993896484375,0.010171279907226563,0.005895938873291016,0.023893814086914062,0.0010850620269775393,-0.00062980651855469,0.006646041870117189,0.002729530334472658,0.00396511077880859
34,-0.17621658325195313,-0.3240283203125,-0.0747540283203125,0.07092926025390625,-0.46474609375,-0.023496551513671873,-0.2017926025390625,-0.065047607421875,-0.00022120952606201623,-0.00011920928955078399,0.006043796539306642,0.00016157150268554995,0.022327747344970703,-2.2850036621088936e-05,-0.0005807685852050721,0.001699166297912596,-0.015659255981445314,0.00455169677734375,0.000431594848632812,-0.000744190216064452,0.01336515426635742,0.002511444091796876,-0.003637714385986328,0.018530120849609377,0.015788726806640625,0.038730010986328126,0.0241058349609375,0.00591583251953125,-0.010863265991210935,0.027095069885253908,-0.00143882751464844,-0.028732757568359375,0.013946380615234375,0.026387481689453124,0.0521905517578125,0.011033096313476565,0.02113059997558594,0.014872970581054685,0.029799652099609376,0.0751495361328125,-0.00337615966796875,0.0138043212890625,-0.02534149169921875,0.028453369140625,0.061975860595703126,-0.015762557983398436,0.013943786621093752,-0.001188583374023438,0.018404541015625,0.01391815185546875,0.018799819946289063,-0.009466056823730468,-0.002313613891601562,-0.010738830566406253,0.007736406326293945,0.0590966796875,-0.00020378112792968805,0.0005903053283691441,-0.00040710449218750195,0.01044975280761719,0.001492681503295897,0.0096734619140625,0.005961208343505858,0.003909969329833982
35,-0.02192718505859375,-0.0504718017578125,-0.029573822021484376,-0.040633316040039065,-0.01635984420776367,-0.0662603759765625,0.01783340454101563,-0.1375372314453125,-1.6713142395007217e-05,-0.00025494933128355243,-8.686780929565304e-05,-0.0001426792144775379,0.000824880599975587,-0.00148635864257812,-0.0012506532669067344,-0.00161231994628906,0.012027435302734375,-0.1381640625,-0.011369781494140625,-0.682213134765625,-0.17802734375,-0.25008544921875,0.01070587158203125,-0.02234119415283203,-0.05054470062255859,-0.370404052734375,-0.03805084228515625,-0.14973587036132813,-0.043853111267089843,-0.06203590393066406,-0.021133575439453125,-0.016190872192382813,-0.00130289077758789,-0.116737060546875,0.033685226440429684,0.016680755615234376,-0.03406600952148438,-0.11704132080078125,-0.00511932373046875,-0.13875,-0.3288941955566406,-0.006477508544921876,-0.0764984130859375,-2.04771484375,-0.0452313232421875,0.048726806640625,-0.2283868408203125,-0.01760009765625,0.007198486328125,-0.016823883056640624,-0.13763595581054688,-0.007423858642578124,0.00355224609375,-0.045241355895996094,0.0095526123046875,-0.003080520629882812,-3.129959106445602e-05,0.014193267822265624,0.0090118408203125,-0.0017880249023437525,-0.000884590148925776,0.000576896667480466,0.001378459930419922,-0.00016378402709961044
36,0.01482841491699219,0.0028011679649353077,0.00995903015136719,0.000276679992675784,-0.00997314453125,-0.0708935546875,0.016401977539062494,-0.03707778930664062,0.001497726440429688,-0.014788055419921875,-0.027483367919921876,-0.0381787109375,-0.0014579963684082085,0.015679779052734374,-0.04301605224609375,-0.006344947814941409,-0.018758697509765623,-0.07365097045898437,-0.0037704849243164057,-0.011062774658203125,0.011855792999267579,-0.005605392456054688,0.00656707763671875,-0.0027274513244628902,-0.0013601303100585953,0.00024036407470703,4.489898681640001e-05,-0.002664871215820308,-2.4871826171881995e-05,2.7465820312520124e-06,0.00023915290832519524,-8.787155151368062e-05,0.00348236083984375,0.013985500335693356,0.004248809814453124,-0.00035205841064453404,0.0004986572265624979,0.003232574462890624,0.0033563232421875,0.0016612052917480441,-0.03640167236328125,-0.071451416015625,-0.0025672245025634755,-0.01670583724975586,-0.02534820556640625,-0.01240906715393066,-0.287158203125,-0.03191360473632812,-0.01128265380859375,-0.02913909912109375,-0.017044372558593753,-0.089320068359375,-0.0808154296875,-0.021425895690917972,-0.0705078125,-0.011550102233886719,0.008325538635253909,0.00025474309921264297,4.205703735350486e-05,0.000135269165039056,-2.419471740723546e-05,0.0011259365081787093,0.000663166046142576,0.003389663696289064
37,0.005718345642089844,0.05993438720703125,0.0154473876953125,0.026682662963867187,0.013055038452148438,-0.001365966796875,0.03982791900634766,0.004036865234375003,-0.00441019058227539,-0.0489398193359375,0.004454956054687498,-0.004444351196289062,-0.007304153442382816,-0.03419891357421875,-0.002120208740234374,-0.018737106323242186,-0.0121380615234375,0.007534198760986326,0.0003078937530517603,-0.006694297790527349,-0.0031712341308593735,-0.0011499977111816399,-0.009158592224121093,-0.02116455078125,0.007735404968261717,0.0352691650390625,0.004384803771972658,-0.018327941894531248,-0.079439697265625,-0.121712646484375,-0.01577362060546875,0.004020080566406248,-0.01262298583984375,-0.0027679443359375,0.001741867065429688,-0.13113525390625,-0.0751971435546875,0.00711761474609375,-0.04082443237304687,-0.013848266601562503,0.001119041442871094,-0.004116973876953124,-0.0017325592041015619,0.00398294448852539,-0.013053741455078125,-0.001770496368408204,0.004706993103027346,0.00566375732421875,0.000852661132812496,0.002313098907470702,0.001225128173828124,0.00025171875953674074,-0.0001677942276001004,0.0005187797546386734,0.00011566162109374148,0.0013128805160522478,0.00041648864746093595,0.00334136962890625,-0.003322067260742186,-0.000704345703125,-0.005233573913574219,-0.006052246093749998,-0.002051010131835942,0.00494598388671875
38,-0.000578594207763678,-0.00015310049057005992,-0.0011894369125366152,-0.0004546928405761753,-0.0007314872741699104,-0.001406483650207509,-0.0008418655395507821,0.0002423095703125,0.0009851360321044902,-0.0002473664283752338,-0.00274587631225586,-0.0055755805969238325,0.00022279739379881875,-8.563518524169971e-05,0.001517715454101566,-0.0011746406555175801,-0.03963470458984375,0.002362709045410156,-0.0613275146484375,0.024794921875,-0.02762451171875,-0.010511856079101562,-0.01829444885253906,-0.03181549072265625,-0.027470855712890624,0.003874664306640626,0.002555694580078124,0.000378265380859374,-0.0553009033203125,0.001740341186523436,-0.02194183349609375,-0.00036750793457031197,-0.0002912235260009753,0.000166015625,0.00018680572509765,0.0007465076446533213,0.000328407287597658,-0.0009302520751953132,-0.0016845989227294957,0.004389495849609379,0.00027563571929931714,0.00041359901428222835,0.00041961669921874523,0.00039688110351561993,0.0003791999816894519,0.001091589927673334,0.000781364440917976,0.0007332992553710911,-0.608193359375,0.025938339233398437,-0.0030889892578125,0.0023171615600585953,-0.050401611328125,0.01611053466796875,-0.11312271118164062,-0.340439453125,0.00080366134643555,0.008542919158935547,0.012019424438476563,0.014358596801757814,0.001706409454345702,-0.010906448364257814,0.020255279541015626,0.0139031982421875
39,0.00915557861328125,-0.00010160446166992402,-0.0020614576339721686,3.565788269042417e-05,-0.0009033107757568319,-9.838104248046862e-05,0.004301652908325195,0.002168426513671874,-0.01426910400390625,-0.019834747314453123,-0.022044601440429683,-0.051193771362304685,-0.0075452041625976565,-0.14189399719238283,-0.022390289306640623,-0.007772750854492187,-0.0002237296104431144,-0.0036882209777831998,-3.993988037109403e-05,-0.0004361796379089272,0.000396623611450196,0.000545616149902344,-0.0003423690795898465,4.634141921996696e-05,-0.0002458190917968708,0.0004972314834594707,-0.00015079021453857095,-0.0011620116233825625,-0.0007630634307861366,0.00261642456054688,0.00018739700317382,0.0008193111419677737,-0.008826828002929684,-0.0276727294921875,-0.01070486068725586,-0.022316951751708985,0.003402786254882806,-0.067156982421875,-0.022107505798339845,-0.01227504730224609,-0.100897216796875,-0.14209487915039062,-0.0409033203125,-0.03833534240722656,-0.079403076171875,-0.051120758056640625,-0.007967071533203127,0.00048004150390625,0.0001791691780090346,0.00014899253845215,-0.0011377906799316358,-0.001954956054687494,-0.0002096557617187437,0.003316974639892582,0.001675109863281248,-2.821564674376166e-05,0.00025817394256591307,0.0018437385559082007,0.001807861328125,-0.00032334566116332336,0.0005263686180114776,0.005241107940673832,-0.0007541275024413917,2.840995788574269e-05
40,0.001195430755615234,-0.0009697341918945124,-0.0005047130584716865,0.0026480102539062538,-0.00277511596679688,0.001866149902343752,-0.0013805294036865264,0.000613250732421874,-0.00043977737426757665,0.00412311553955078,-0.0068083953857421865,0.00414468765258789,0.003717422485351562,-0.005769863128662108,-0.0047879409790039015,-0.005052242279052735,-0.0007699346542358354,-0.0011875104904174702,-0.020880126953125,-0.000841512680053693,-0.002507987022399901,0.0007741737365722635,-0.000416889190673834,-0.001314201354980457,-0.0002084362506866275,-5.015790462493091e-05,-0.0005307078361511158,-0.0009554147720336878,-0.000645427703857406,-0.0006326186656951732,-0.0003071117401122918,-0.007472305297851558,-0.004094734191894534,-0.02038421630859375,-0.022847900390625,-0.02673736572265625,0.001148757934570314,-0.0013175964355468762,-0.005054435729980474,-0.2033148193359375,8.319973945617351e-05,-0.0014976024627685503,-0.0038701629638671856,-6.438016891479967e-05,-0.0009156894683837914,-0.0007718992233276333,0.00027760505676268954,-0.004972648620605467,-0.0007915043830871636,0.009635009765625,0.01146800994873047,0.0033519172668457077,0.012344460487365726,0.0027513885498046896,0.0012693452835083026,0.011397686004638672,-0.0018188858032226521,-0.00121442794799805,-3.354549407957853e-05,-0.0014453124999999937,-0.0001897704601287638,-0.001417388916015618,-0.00043626785278318473,-0.0004224920272826989
41,-0.0002934408187866033,-8.275270462035438e-05,2.1924972534178934e-05,-0.00047760009765623635,-0.0008234119415283076,-0.0003123664855956961,-0.00018267512321471294,-0.00042642354965207705,0.000599193572998048,0.00016849398612975522,0.0007461929321289064,-0.00010525941848754177,0.00011752486228942097,-0.000765552520751954,-0.0003069972991943347,-9.538173675537099e-05,-0.019221343994140626,-0.004122142791748044,-0.004626626968383782,-0.000805454254150388,-0.0005448961257934458,0.0016450881958007821,0.010521888732910158,-9.5996856689445e-05,0.00162780761718751,0.0008041763305664059,0.003346319198608396,0.003336181640625,0.003417148590087884,0.0007468271255493157,0.00590991973876953,0.003163757324218748,-0.003918142318725588,-0.0030175065994262683,-0.007987741231918333,-0.0177716064453125,-0.0005135250091552544,-0.0004415035247802601,-0.00146956443786619,-0.0034007787704467773,-0.0066765213012695305,-0.001130285263061515,-0.000433626174926762,-0.0003757858276367125,-0.00034362792968750054,-0.00018592834472656286,-0.00038739681243896374,-0.004629421234130862,-0.0015244483947753898,-0.0007728171348571613,-0.0013459336757659893,-0.0013561725616455015,-0.00455413818359375,-0.002414927482604976,-5.670070648193471e-05,-0.0009239768981933451,-0.013595528602600094,-0.05850418090820313,-0.08149076461791992,-0.021994781494140626,-0.0028648376464843763,-0.0472503662109375,-0.102603759765625,-0.04926490783691406
42,0.00011035561561583104,0.00021063327789305546,0.0007870292663574239,-0.0009043121337890609,5.257129669227579e-07,-0.0016091918945312514,1.5094280242922533e-05,-0.00024537563323975283,0.0010336041450500525,-0.0017944908142089805,0.003460617065429688,0.001795482635498048,-0.0007650172710418628,0.000812263488769534,0.0003784418106078985,0.000458679199218744,-0.0005707645416259792,-2.3397803306566648e-05,0.0006964921951293934,-0.0011355352401733266,-0.0014950752258300797,-0.001154842376708974,0.005340805053710936,0.002611262798309321,-0.0035210609436035125,-0.024748497009277344,-0.015507965087890626,-0.0076287841796875,-0.007865219116210938,-0.00022190213203430434,-0.017381515502929688,-0.123319091796875,-0.002280464172363274,-0.000522603988647462,-0.00010202884674071156,-0.001761026382446285,-5.4614543914799535e-05,-0.000262031555175786,-0.00027865290641784015,-0.0006569027900695767,0.00018771171569823274,-3.5243034362801275e-05,-0.00024598717689514266,8.474230766295537e-05,5.2046775817824266e-06,7.90923833846957e-05,4.3435096740719656e-05,0.00014519691467284424,-9.424090385435857e-05,4.4977664947503784e-05,-0.00019319057464598895,-0.00013669013977050368,-0.00012869358062744373,-6.212711334229286e-05,-3.662109375000674e-05,0.001306991577148435,-2.4932622909547525e-05,-0.00148385047912597,-0.00038261413574216846,4.9529671669001965e-05,-0.00028249502182006573,-7.462978363036953e-05,-0.0020288944244384755,9.504318237304037e-05
43,0.0005344390869140626,0.0020224380493164005,-0.001801834106445304,0.0006988048553466672,0.0031417894363403335,-0.000393886566162112,0.001265258789062502,0.0012044119834899916,0.002684497833251954,-0.004662513732910156,0.0014595031738281262,0.00017551898956298727,0.00032466888427734396,-0.000453433990478518,0.00577728271484375,2.4452209472654028e-05,-0.002830789089202872,-0.002816390991210932,-0.005776081085205071,-0.007315759658813476,-0.000891619920730565,-0.000276694297790525,-0.007620344161987298,-0.001779689788818354,-9.395569562911612e-05,-9.14335250854343e-06,-0.00042320251464842773,-7.575631141662335e-05,-0.0006744074821471996,-0.0009139704704284633,-0.00046866416931151943,-0.0011770582199096657,-0.000203990936279298,-0.00012673974037169636,-0.00022961378097532777,-0.0007505297660827471,0.00020461559295653696,-0.00046001434326171735,-0.000198198556900034,-1.2003183364861667e-05,-9.808659553527083e-05,-0.0001775622367858793,-0.002423248291015622,-0.0007248830795287964,-0.00035544395446777017,-0.0004463410377502356,-0.00032489061355589835,-8.058547973630562e-06,-2.050280570982999e-05,9.313702583312225e-05,0.0001068282127380198,-0.0003926849365234394,-4.59706783294699e-05,-2.7208328247067688e-05,0.00015106201171873786,5.071192979811516e-05,-0.0004333591461181649,-0.0029013442993164,0.00377044677734375,-0.001291418075561522,-0.00016352653503417852,0.0011222076416015662,0.00014539718627929396,0.002291030883789064
44,-0.034509201049804684,-0.01634124755859375,-0.014591751098632812,-0.0356781005859375,-0.009664764404296878,-0.0177154541015625,-0.027074127197265624,-0.013454437255859375,-0.001395711898803698,-0.001544647216796872,-0.004552249908447261,0.0010344409942626932,-0.000950741767883284,-0.002792418003082273,-0.013401975631713867,-0.010352134704589842,-0.000977096557617174,-0.0012050318717956557,8.177757263102929e-07,-0.0010434436798095596,-0.0004690635204314954,-8.342176675794166e-05,-0.000440303087234482,-0.0007206439971923603,-0.0013661766052246072,-0.0064774608612060535,-0.00238380432128906,-0.00036695480346677094,-0.00011772036552428199,-0.0008977794647216812,0.00015571594238281402,0.00033428192138672,-0.00020423889160156401,0.0018973731994628902,0.01903167724609375,-0.001318130493164062,-0.0023012161254882778,-6.7329406738240004e-06,0.0002270460128784107,-0.00017545700073242604,-0.47779067993164065,-0.16277587890625,-0.01180978775024414,-0.0347894287109375,-0.518040771484375,-0.0984747314453125,-0.03305908203125,-0.022099151611328124,-0.001411819458007812,-0.0002816915512084985,-0.010297698974609375,-0.010064544677734375,-0.008081359863281245,-0.011731414794921876,-0.001882591247558592,-0.000948638916015624,0.0006134033203124959,0.00046885013580321225,-2.0589828491227956e-05,-0.002156944274902344,0.00025524616241453515,0.0026784515380859396,9.649276733398403e-05,-0.0016710233688354522
45,-0.00178199768066406,-0.03456756591796875,-0.0007577514648437481,-0.0010533571243286194,-0.0004984664916992174,0.009002227783203125,0.0012394618988037073,-0.00116065979003906,-0.0006582498550414956,-0.0004349648952483964,7.674455642700546e-05,-7.262825965880766e-05,0.00013698816299437152,-5.405426025390606e-05,2.4968981742861822e-05,-0.00011533975601195458,-0.000637397766113266,0.00023618698120117556,7.648050785063729e-05,0.0004510736465454014,-1.5182495117199609e-05,2.7778148651124668e-05,0.00035405158996582123,0.0005632400512695288,0.00017745971679687198,3.2463073730469996e-05,5.5930614471436544e-05,0.0008970284461975181,-2.9830932617189998e-05,0.012542457580566409,0.001600456237792972,-0.00011305809020997649,-5.243480205535095e-05,3.292083740233537e-05,-6.643295288084875e-05,-0.00012017369270325813,0.001223602294921878,-0.00020507335662841872,-6.300091743468813e-05,0.0002150648832321005,0.0002180194854736357,-0.00022692203521727683,0.016444091796875,-0.00027970314025878567,-0.00018573045730591552,0.004279422760009766,0.0007957458496093719,-0.001533660888671872,0.028971424102783205,-0.00111576080322266,0.003224945068359374,0.005400009155273437,0.0029361391067504873,-0.00109474182128906,0.000731811523437502,0.0009942626953125,-0.0014196205139160132,-0.003376665115356443,-0.0008048534393310453,-0.00021125793457031202,-0.000779438018798814,-0.000923023223876938,-0.002330932617187496,-0.002932558059692384
46,-0.0011921930313110378,-0.0005682134628295889,-8.006632328031772e-05,-0.0010567903518676673,-0.00031685113906858574,-0.0005145597457885596,1.906245946883924e-05,-0.0009017872810363651,-0.00011899113655089463,-0.0022410964965820317,-0.00012511253356933005,0.0003329229354858325,0.0002672815322876008,-0.0009215259552001921,-0.00010350227355957283,-0.0015405225753784154,-5.29995560645954e-05,0.0020393610000610327,-0.004268188476562502,-5.853384733198461e-05,0.00090850830078125,-0.00045007705688475673,-5.1927566528326055e-05,0.000753607749938957,0.00016121983528136373,0.0002493190765380832,0.00010554313659667926,0.0009746837615966765,0.002428569793701176,-0.001978149414062503,-6.896495819090859e-05,8.27759504317687e-06,-0.001969509124755858,-0.00018223643302916516,-0.0012910890579223666,-0.001991224288940427,-0.0002298605442046978,-0.0020199561119079628,-0.0012338542938232348,-0.005763187408447266,-0.0009647369384765617,-0.00025074005126953,-0.0026081180572509743,-4.551410675049829e-05,-0.004794120788574224,-0.001945495605468754,-0.0006122303009033178,-0.001022586822509762,8.43143463134778e-05,0.004483425617218013,-4.861116409300888e-05,0.0020633125305175803,-0.00023770689964293718,0.0004022598266601551,0.001025424003601071,-4.086017608643103e-05,-0.0005261063575744606,5.94377517700179e-05,-3.692448139189674e-05,4.166305065153729e-05,-8.368790149688409e-05,-7.036864757537253e-05,-4.8871040344224164e-05,-0.0005072784423828121
47,-0.000570104122161857,-0.0008307266235351399,-0.000974216461181623,0.000184364318847656,-0.001917095184326166,-0.009870204925537106,-0.00038774013519285444,-0.0002535545825958172,-0.0020316600799560563,0.011688270568847659,-0.00025473117828369977,0.0005286026000976582,-0.0007429218292236378,0.00015305042266845675,-8.993148803710798e-05,-0.0004270935058593791,-0.879765625,-0.30472900390625,-0.09922691345214844,-0.002363961935043338,-0.225,-0.0029919385910034102,-0.11152847290039063,-0.005396184921264643,4.85885143280008e-05,5.259513854982531e-06,-0.0004640829563140814,-0.00024050951004028445,-9.54210758209114e-05,-0.0003397309780120737,-0.0002732670307159263,-0.0007844877243041819,-0.0004192781448364156,-0.003252716064453124,-0.01716842651367188,-0.0007361698150634639,-0.0013456153869628859,-0.00025727748870847574,-0.0009151840209960852,-0.0006337833404540948,-0.009571685791015626,0.007233257293701171,-0.0004632353782653722,-0.01300735473632812,-0.0013879489898681585,-0.00039239525794981724,-6.560266017912869e-05,0.0005629682540893502,-0.001595458984375004,-0.000704927444458002,-0.0002963089942931916,0.00023131847381591085,-0.0002939462661743018,-4.070281982421394e-05,-0.0002202129364013568,0.00198799133300781,-0.0004411172866821319,-0.002175712585449222,-0.0022486114501953118,-0.003729934692382814,-0.002927284240722654,-0.001753654479980466,0.00199102401733398,0.002606449127197266
48,-0.000661849975585936,-0.001097621917724614,-0.000525174140930164,-0.00157402038574218,-0.0008541226387023783,-0.0016674923896789504,-0.0006285429000854381,-0.000573058128356915,-0.0005601775646209644,-0.0021304893493652344,-0.00015897750854490747,-0.002730073928833004,-0.00014580249786374722,-0.000282859802246079,-0.0012483739852905216,-4.761219024656758e-05,-0.0039718341827392565,-0.00024768054485319513,-0.0002516365051269363,-4.1022300720214716e-05,-0.0040501785278320305,-0.0004171180725097569,-0.0033634901046752934,-0.002317695617675778,-7.606744766227229e-06,0.0001908516883849979,-0.0008453655242919883,-6.434917449951366e-05,0.00014721691608427642,-0.000304702520370465,-4.190385341644424e-05,-3.825843334197298e-05,-0.036661834716796876,-0.02459519386291504,-0.0017226743698120091,-0.001744232177734372,-0.0006252574920654256,-0.00021504402160642288,-0.001900596618652346,-0.005316333770751954,0.00022670269012450923,-0.00014816284179685268,-0.0014679718017578038,-0.0003272801637649376,-0.002597122192382812,-0.00044542789459227903,-0.003770065307617188,8.940696716312095e-06,0.001735649108886718,-0.000905219316482526,-0.005090560913085927,0.00016607284545899,-0.04526710510253906,-0.006563758850097658,-0.003829402923583986,-0.0008829879760741878,-0.0261651611328125,-0.021446685791015625,-0.013489761352539063,-0.0032224273681640643,-0.020604629516601563,-0.015605373382568361,-0.016072616577148438,0.004859619140625
49,-0.020596866607666017,-0.038541107177734374,-0.07454627990722656,-0.03946065902709961,-0.06425628662109376,-0.07576416015625,-0.010427474975585938,0.013221817016601562,-2.6512145996133745e-06,0.0002551412582397326,-0.00070556640625,9.747147560119665e-05,-0.000581864118576035,-0.00022517204284666037,0.00023812294006346097,-0.001159820556640626,-0.001932716369628908,-0.000689449310302738,-0.002346162796020505,0.0009570837020873983,-0.0009729003906249925,-0.0023027753829956087,-0.0007139217853545976,0.0028788280487060582,-0.0002854585647582959,2.9091835021972408e-05,-0.0002797555923461886,0.0002529954910278347,8.464097976684008e-05,2.882719039917511e-05,9.871721267699496e-05,-0.00016999363899230713,-0.00039304018020628955,-0.000758476257324216,-0.02178680419921875,-3.489851951598121e-05,0.0007079410552978462,-0.0008052349090576224,0.0007378578186035149,0.0001491785049438509,-0.0009301590919494532,-0.000179481506347662,-0.00013160109519957244,0.0004170131683349462,0.000820560455322262,-0.0003331375122070258,4.95660305023112e-05,-0.000952968597412098,9.931802749633969e-05,-0.00026379942893981216,-0.00035922527313230347,-0.00011564254760742138,-0.00021511316299436528,-7.25710391998226e-05,-0.0010775375366210939,-0.0007317733764648312,0.020550689697265624,-0.00018047332763671803,-0.001265211105346681,0.0054132080078125,4.844665527337985e-06,0.003798904418945316,-0.0032357406616210973,-0.0013667488098144539
50,9.276390075683813e-05,0.0005185317993163961,-0.0016909980773925739,0.0001351976394653169,2.961039543151824e-05,-0.00017058372497557713,-0.0005259907245635933,0.00045257568359375,7.0848464965826e-05,-0.0008955383300781165,0.0007226800918579116,-0.0019790935516357396,-0.0002580618858337377,-0.0001871204376220523,-0.000571863651275634,-0.0003121519088745038,-7.691860198974172e-05,-0.00013787508010863877,-0.00023093581199644625,4.903793334961593e-05,-0.0005514168739318908,-2.322673797608547e-05,2.092123031614707e-06,0.00015385150909423242,-0.0001576399803161571,-0.00046600341796875015,-0.00026124238967893546,-0.004111099243164064,-0.0001466846466064312,-0.0017059230804443348,-0.00118247985839843,-0.00045445442199706546,-0.1912451171875,-0.020394363403320313,-0.02836669921875,-0.007489089965820313,-0.018122978210449215,-0.024697189331054692,-0.011211204528808597,-0.01921630859375,0.00014027237892150403,-0.00493072509765625,-3.950715065001272e-05,-2.9933452606205674e-05,-0.00016881704330444305,1.576900482177634e-05,-0.0006535243988036985,-0.0002750205993652162,-0.005944614410400386,0.0014844417572021595,0.0023302173614501874,-0.0028946304321289017,-0.0017884445190429678,-0.00315095901489258,-0.00030761718749999507,-0.00013663887977599166,3.9784908294674917e-05,0.00022668361663816947,-0.0014527153968811068,-0.00013039588928221726,-0.003072376251220704,-0.0012492513656616124,-7.686614990233025e-05,-5.420029163359333e-05
51,-0.009032444953918459,0.00436767578125,0.01763336181640625,-2.8457641601561944e-05,-0.01973419189453125,-0.012145729064941406,-0.002250595092773436,0.0014123821258544946,-0.00190123558044433,-0.0006209111213683956,0.0004982745647430357,-0.0004252815246582058,-0.00019214034080503235,2.3365020752074346e-06,-0.0003996086120605358,-0.0009868687391281084,0.0004579973220825039,-0.00012021899223326448,-6.615638732910089e-05,-0.0007996845245361281,-0.000783233642578128,-0.006439056396484374,0.0004764461517333805,-0.0013573455810546781,-0.05395751953125,-0.032805557250976565,-0.009527130126953123,-0.00875263214111328,-0.03987823486328125,-0.035851364135742185,-0.02918693542480469,-0.03490478515625,-0.00010204076766965842,0.0005654811859130835,6.423473358154949e-05,-0.0002558588981628272,-9.860992431638887e-05,-3.5834014415730467e-05,-0.0003695726394653158,-0.000492286682128894,0.001868820190429688,0.00029363632202147964,6.711483001717723e-06,4.6224594116211695e-05,-0.00014573574066160654,0.0001935553550720254,0.00023154258728026893,0.0015089130401611363,-0.00017976284027097146,6.188988685607185e-05,-0.0005106401443481401,-3.818988800049141e-05,-0.0002365136146545425,-0.0018465805053710879,0.0003083705902099493,-9.301424026488408e-05,-0.004998135566711422,0.003316650390625,0.000341615676879882,0.0026029968261718738,-0.012790842056274414,-0.00012495040893554398,0.0055573081970214855,-0.006953887939453126
52,0.02157989501953125,0.015433006286621097,-0.0042041015625,-0.01191776275634766,-0.005211620330810548,0.0010060882568359406,0.01851470947265625,0.003483123779296874,-0.0015612411499023422,0.00024133205413818235,-0.00011264801025389913,-2.1703243255606734e-05,-0.00020361900329589008,-0.00034181118011473907,-0.00011783123016354658,0.00043794631958008005,-0.1983251953125,-0.5625,-0.0050678300857543955,-0.78153564453125,-0.110419921875,-1.1858203125,-0.35310546875,-0.04643142700195312,-0.0364788818359375,-0.01585285186767578,-0.026107177734375,-0.046308975219726566,-0.09445953369140625,-0.042240447998046875,-0.00832305908203125,-0.0219482421875,-0.00041028976440427224,-0.0003776741027831742,-0.00203826904296875,-0.001534614562988266,-0.07385498046875,-0.03903656005859375,0.00594164848327637,-0.00020516514778134244,0.000482244491577126,-9.619712829587294e-05,-0.000461113452911354,0.00010317444801329592,4.3126046657551066e-05,-5.448222160338455e-05,0.000821495056152336,1.3953745365141075e-05,-0.0017859172821044862,-0.01489105224609375,-0.010735778808593752,-0.0015636539459228465,0.0005562973022460921,-0.009740490913391108,-0.061180419921875,-0.016044921875,-0.014739799499511718,-0.001884279251098612,-0.5001513671875,-0.0010242033004760653,-0.00025636792182919975,-0.20625015258789062,-0.004906883239746096,-0.0006338500976562334
53,-0.2519287109375,-1.299140625,-0.3204345703125,-0.17456878662109376,-0.16070068359375,-0.11510498046875,-0.2319775390625,-0.119957275390625,-0.0001932573318481411,-0.00013966917991637548,-0.0014390754699707049,-8.67617130279431e-05,-0.00023354530334470855,6.758689880370868e-05,-7.054567337034606e-05,-0.00019746899604794783,-0.01910736083984375,-0.0008956050872802694,-0.00037406563758847917,-0.00032388448715206996,-0.0004533672332763624,-0.030098419189453125,-0.0013322365283965948,-0.021311492919921876,-0.00017200827598569951,-0.00041366815567015706,-0.001463832855224602,-0.003170337677001955,-9.687185287474693e-05,-0.00012192249298094608,-0.0022920584678649846,-0.00037811279296872465,0.0032539367675781276,-0.0032870101928710936,0.0009255599975585879,0.000868535041809084,0.000307769775390624,0.0005790901184082,0.0016632080078125,-0.007615394592285159,-1.2491196393961926e-05,9.651094675064267e-05,-0.0003016448020934943,-0.00012579441070554665,1.353621482848436e-06,0.0005636715888976954,0.00011873304843902237,-4.1122734546655506e-05,-0.00012690544128417323,-4.615783691406332e-05,-0.0007727432250976492,-0.00017230391502379253,7.028102874755523e-05,-0.0038789749145507818,-3.671199083328641e-05,-0.001075220108032228,0.00010193824768066195,-0.0002654027938842599,-0.000489416122436508,-0.00046112298965453086,-0.001247844696044916,-0.00242412567138672,-0.00029840469360350595,-0.001027412414550778
54,-8.119940757749395e-05,-0.00015021502971647286,6.945252418518048e-05,-2.7402639389031334e-05,-0.00015521168708799283,-3.726482391356647e-05,0.0001234558224677839,-0.0001663351058959937,-0.522001953125,-0.02344482421875,0.003424682617187504,-0.26005859375,-3.9095878601072224e-05,-0.38753173828125,-0.003532423973083492,-0.1689251708984375,-0.0006646871566772392,-6.110906600952029e-05,3.385901451110903e-05,-0.0002132773399353006,-4.2520761489862546e-05,-0.00010502099990843934,-0.008263988494873045,-0.0002388572692871004,-0.05340576171875,-0.003068561553955078,-0.02243408203125,-0.0006680583953857219,-0.0008025348186492781,1.562118530273401e-05,-0.0006431484222411808,-0.019586029052734374,-0.000871677398681638,0.00013335287570953307,-0.00010983109474180553,-4.286646842956817e-05,-0.00045338988304136703,-0.00029050588607787436,6.351113319396535e-05,0.00023839771747587288,0.0009553158283233508,5.945533514021502e-05,0.0015408563613891599,-8.826613426207795e-05,3.0307173728939054e-05,0.00016220033168791906,3.838837146757808e-05,-6.8359374999992e-05,-7.451981306074562e-05,-2.5827884674058577e-05,-0.00018961787223816006,3.837168216706122e-05,-7.561445236205654e-05,-4.662871360776245e-06,-2.9168725013723535e-05,4.138946533202712e-05,-0.001532173156738278,-0.00043831825256345364,-1.4372318983076376e-05,-0.0007520592212677025,-0.0001447820663451981,-0.0004103660583496099,0.00010436534881591716,-0.0004844713211059479
55,-0.022141075134277342,-0.0013775157928466782,0.0017087745666503921,-0.015144424438476562,-0.0024173545837402398,-0.0149908447265625,-0.00018791079521180817,-0.00900321960449219,0.00032899379730224254,-0.0008296513557433966,0.002637100219726564,-0.00034612655639648605,-0.00030139446258545396,0.000468254089355466,0.001583862304687502,0.0020523452758789123,0.0016680526733398441,0.0021763801574707043,0.014339733123779296,0.011006927490234375,0.009161968231201172,0.009399948120117187,-0.004244928359985355,-0.00027431786060331826,-4.11033630371066e-06,-0.00023807853460311852,-8.230328559874756e-05,0.001274611949920656,-3.8425773382178515e-05,-0.00039549827575682106,-0.00020745694637297338,-5.4193139076228284e-05,0.00023410081863402447,0.0003669452667236224,6.532907485961289e-05,-0.0015414619445800806,7.511377334590973e-06,-0.001420478820800784,8.344471454618905e-05,-7.270097732543889e-05,0.0004891777038574244,-0.0001425266265868827,-1.8078312277792572e-05,0.00011752367019654208,-0.000641288757324208,0.00033818244934080645,-0.0004926347732543833,-4.394292831419855e-05,-0.00046557068824766763,-0.0006655240058898935,3.206998109817186e-05,-0.0008037662506103504,-2.0120143890374737e-05,7.185697555541561e-05,-0.001181221008300776,-0.00033468246459959994,0.000731964111328122,0.005508384704589841,-0.010645751953125,-0.0016279888153076195,-0.0017149543762206999,-0.00211669921875,0.00011606216430663803,0.001353454589843748
56,-0.06128410339355469,-0.074228515625,-0.006554260253906252,-0.3182861328125,-0.0311474609375,-0.021602325439453125,-0.020315704345703126,-0.010373525619506834,-0.010181884765625,0.009717063903808594,0.0030902385711669895,0.00883544921875,0.00694488525390625,0.0113323974609375,0.009309043884277342,-0.004771270751953126,-0.2781852722167969,-0.1766864013671875,-0.029166107177734376,-0.06429351806640625,-0.071502685546875,-0.1585223388671875,-0.84710205078125,-0.090291748046875,-0.001664509773254378,-0.0044962501525878905,-0.01664487838745117,-0.05664764404296875,-0.008650207519531248,-0.18560302734375,-0.043383026123046876,-0.029812164306640625,0.0003966021537780923,-0.013428802490234372,-0.04176734924316406,-3.080844879149829e-05,-0.0005404472351074113,0.0002790164947509758,0.0007400941848754863,-0.001414852142333978,-0.0297564697265625,-0.10892333984375,-0.47630867004394534,-0.229461669921875,-0.404173583984375,-0.36840850830078126,-0.11430728912353516,-0.044028921127319334,-0.00025860786437986944,7.973194122314127e-05,7.467985153199229e-05,-0.00025951385498046886,-0.0027165794372558585,0.00736968994140625,0.00023401975631713004,-0.00041772603988647226,-0.00010398507118224741,-0.005147533416748046,4.9490332603454905e-05,0.000279183387756334,-0.000766773223876954,0.0001782989501953104,3.260493278503074e-05,-0.00037005782127379314
57,-0.008550424575805661,-0.04300567626953125,-0.026826324462890624,-0.00014397621154784598,-0.25063529968261716,-0.011529998779296875,-0.030476226806640624,5.3482055664066e-05,-0.030401351451873785,-0.002088356018066408,-0.0014214229583740263,-0.05329734802246094,-0.0015069818496704092,-0.005935821533203124,-0.001252398490905754,-0.028543949127197266,-0.0005188226699829007,-0.003470230102539058,-9.654521942137822e-05,-0.00013574838638305065,-0.0001824569702148436,-3.6661028861987073e-05,0.00012850284576416417,2.0766258239763587e-06,0.006075792312622071,-0.0085980224609375,-0.0018337392807006756,-0.002276477813720706,0.001215028762817385,-0.0003267669677734401,-0.04776275634765625,6.126701831817259e-05,-0.07293853759765626,-0.001612815856933596,0.0005068588256835959,0.00161055564880371,-0.030941505432128907,0.006603298187255861,0.0048006153106689405,0.005800189971923825,-0.0004811763763427829,-1.4340877532947608e-05,-0.00013625979423521987,-0.00024298906326294093,-0.00016909241676329003,-0.0005101728439330891,-0.0003846359252929691,-0.00143241882324218,-0.0002034103870391781,-0.0001228541135787796,-0.00020830243825911075,-0.1106610107421875,-0.0005742168426513655,-0.0003797698020934992,0.0010353279113769589,0.00046219348907471563,-0.00039744347333906026,-0.0004044365882873353,-1.8619298934942707e-05,-0.00020095586776732065,-0.0002994000911712467,-8.278727531432543e-05,1.8413364887230485e-05,2.323091030121168e-05
58,-0.005644798278808594,-0.010433692932128908,0.004701576232910158,-0.013435516357421875,-0.018257713317871096,-0.000259933471679695,-0.055551376342773434,-0.022206687927246095,9.77659225463822e-05,0.00212566375732422,-0.00033525824546812825,0.0003319740295410169,-7.651209831237494e-05,-0.0003146433830261149,-0.0006736087799072292,0.00020380616188048578,6.790727376936597e-05,-2.267360687255247e-05,-0.000162335634231554,0.00027040004730223376,-0.00014388561248778595,-6.31089508533389e-05,-4.552304744719453e-05,6.738543510436437e-05,0.01453216552734375,0.0074591064453125,0.011712150573730469,0.015804138183593754,0.0094268798828125,0.00916107177734375,0.009691162109375,0.019111328125,-3.0554533004747244e-05,-0.00026439338922500366,-0.0004948806762695211,-0.0037007522583007817,3.1057596206662224e-05,-0.00018100738525389488,8.39972496032666e-05,-0.00046975970268247144,5.073070526123178e-05,9.006261825561826e-05,-0.00031906127929686774,6.71613216400144e-05,-0.0004403650760650574,-4.3787360191335274e-05,8.686304092407776e-05,4.570186138153057e-05,-2.2840499877905945e-06,0.0017385673522949294,0.0005274629592895483,0.0004922485351562462,-0.00098097801208496,5.0474405288696035e-05,0.00010414838790893592,-9.007453918455844e-05,0.0006188654899597053,-0.0004108816385268888,-0.0005411529541015577,0.0003241539001464834,5.437612533571098e-05,-0.00026575684547421844,0.00041113138198852167,-0.0034992599487304694
59,0.0007045662403106675,-0.00044920921325683006,3.30680608749359e-05,0.00015807867050169648,0.0009304141998290939,0.0002785956859588504,5.517005920409393e-05,0.00018869400024412784,7.789611816406598e-05,0.00037617683410642297,0.00034505963325499737,-0.00042569160461425603,0.0007280540466308599,8.425951004027451e-05,0.00016872406005859,-0.004137687683105468,-0.001899337768554686,-0.0002155184745788384,-0.00013402700424194937,-0.000653095245361312,-0.000251909494399996,-0.00019639015197753275,0.0007084393501281705,-0.001578292846679686,1.67465209960945e-05,-0.000296403169631935,-7.319539785384294e-05,-0.00019801139831542806,-0.0005702638626098438,-0.0031176853179931668,-0.0004241752624511493,-0.00034493446350096556,-0.0001647967100143279,0.00012405514717102713,-0.045710487365722655,-0.0273028564453125,0.0002072739601135108,3.1199604272839344e-05,-0.00028461456298828607,0.000785257816314699,-3.615349531173794e-05,-0.00014485478401183064,-0.0011509180068969619,0.00019350290298461462,-4.345774650575669e-06,6.991922855377136e-06,-0.0002977609634399205,-1.4146268367764897e-05,-0.0005427265167236154,-0.00012196063995358427,-0.003234596252441408,-0.005599212646484377,-3.5795569419853214e-05,-9.66405868530119e-05,-0.002075499892234803,-0.0009680652618408138,-0.01040985107421875,-0.01316741943359375,-0.0015580463409423783,-0.0031131744384765613,-0.011747055053710936,-0.00012271165847777302,0.0007809257507324199,-0.01386016845703125
60,-0.0003708744049072181,-9.556889533995588e-05,-8.187770843504354e-05,0.00019184350967406454,-0.00028265953063965417,1.5759468078673258e-06,0.00013185441493988173,-0.00017089366912841146,-0.01449256896972656,-0.009807662963867184,0.00745153427124024,-0.00863739013671875,0.008716583251953127,0.0049692535400390645,-0.01974170684814453,-0.004814987182617186,-0.016295394897460937,-0.04691539764404297,-0.10888740539550781,-0.03744237899780273,-0.07189186096191406,-0.06172840118408203,-0.035999603271484375,-0.15892127990722657,-0.0146527099609375,-0.526324462890625,-0.6846429443359375,-0.09884033203125,-0.22220703125,-0.0006400191783904989,-0.07798583984375,-0.21438720703125,-8.831948041915843e-05,0.000997009277343758,-0.0002108252048492279,-0.00030703544616698356,-0.000995121002197268,0.0001562923192977784,-0.0001614379882812414,5.8966875076297886e-05,-0.00011460602283476153,2.0670890808114206e-06,-0.0006659209728240906,-0.0016828823089599565,-2.843648195266505e-05,-0.00013541460037229231,0.00014740705490111654,-0.00026660203933714824,-0.04729866027832031,0.0031372833251953097,0.002174396514892578,0.002577819824218754,0.005709075927734376,0.00014625549316406015,0.009156742095947266,-0.0515618896484375,-0.02526129961013794,-0.00685211181640625,-0.029443397521972656,-0.010784912109374998,-0.031828575134277344,0.002134008407592775,-0.0545745849609375,-0.0036937522888183623
61,-0.014416885375976565,-0.020381431579589843,-0.06659974098205566,-0.011007058620452885,-0.0036426687240600636,-0.030644912719726563,-0.041375732421875,-0.006346893310546876,-0.00011334180831908479,-0.0003273928165435557,0.00015297800302504285,-8.635640144347381e-05,-0.00023306608200070948,-2.903640270232104e-05,-0.00022922515869139388,0.0002152824401855521,-4.674673080444429e-05,-0.0008204150199890062,-0.0002632999420165982,-1.2946128845224211e-06,-0.000107954740524284,-7.36129283904988e-05,-9.912967681884651e-05,-0.0006607747077941764,-0.000444569587707497,-0.00045259475708006196,-0.0004694557189941279,-0.0009711265563964709,1.2879371643059658e-05,-0.0008690261840820171,-0.0005449485778808429,0.00018943965435028857,-0.0001505315303802418,-0.0003255486488342238,0.00031764984130858707,-3.241837024688752e-05,-0.0119207763671875,-1.7069578170766745e-05,5.0671696662891766e-05,3.133773803710907e-05,-0.0003137478232383588,-0.0007358217239379908,-0.00047173500061033045,-0.0003037166595458967,-8.760452270508612e-05,-2.0501613616937422e-05,-0.0007815569639205794,0.0006289482116699199,0.00014523237943649966,0.0011490082740783648,0.0002530890703201225,-0.00021677911281585207,0.00015135526657103466,-0.020139503479003906,0.00021828532218933682,0.0010743618011474527,-0.0001717185974120934,0.0002476310729980345,-0.00014090478420255724,-1.7524957656852663e-05,-3.614336252211899e-05,-0.00043204545974731226,-7.474660873412709e-05,-0.001219509840011593
62,-0.00010065972805022745,-7.696151733397761e-05,5.297660827640459e-06,0.0005326080322265611,6.815433502197728e-05,0.00013901144266128404,8.140206336972912e-06,-0.0017158174514770614,0.0003802585601806666,-0.00012786388397215053,-0.0014510631561279288,8.154153823852383e-05,0.00017987489700317313,-0.0015641117095947226,3.369927406310929e-05,-0.00025027036666869126,-0.0016590452194213934,0.0037409305572509797,-0.000746212005615234,-0.00096954345703124,0.023879566192626957,0.012279052734375,0.02357088088989258,-0.0009262943267822364,-0.0002109289169311518,-0.0002880501747131349,0.0001664113998413142,-0.000760841369628906,0.0005108094215393055,0.005664033889770509,0.006766557693481446,-0.002210159301757806,0.0002408134937286318,0.00029253482818602855,0.0016614913940429608,-2.293884754180658e-06,0.0169024658203125,0.0002535974979400605,0.0001749229431152308,-7.7209472656255e-05,-7.972627878187394e-05,-6.744489073752919e-06,-0.00024269580841064978,2.2732317447655102e-05,-4.952430725096413e-05,-0.00041582107543943397,-0.00018979787826536323,-0.00019911646842954748,0.00014179706573487033,-9.356737136839339e-05,-6.497442722318388e-05,-4.775047302245462e-05,0.0003010982275009097,-0.0006222915649414041,0.001086292266845704,0.00012946128845214852,0.0003946733474731326,-0.00010870695114133773,0.00013063460588454807,-0.00014192819595334745,-3.205463290213707e-05,0.00015955686569212962,-0.0003292512893676544,0.00026111096143722746
63,0.0022397339344024676,-0.00021762371063231627,-0.00024878501892087405,0.002677841186523444,-0.005467491149902346,0.00010829210281370007,-0.00010309219360351601,-0.00065566062927246,4.5720338821408195e-05,2.110600471501332e-06,-0.0008678483963012604,-0.0005965757369994984,-0.0020290327072143583,-5.884706974028441e-05,-0.0025207519531250024,-0.0003505611419677622,0.0003717339038848837,-0.00013679742813109725,-0.005243186950683591,0.0006694126129150321,0.000578136444091798,0.00019350826740264127,0.00309228897094727,0.00018119096755980782,0.001851043701171875,0.00019056916236877855,0.0008165729045867823,0.0001016879081725951,-2.3874491453171838e-05,0.00024278640747070718,-4.5443475246418816e-05,0.00018131256103515316,-0.0005213928222656261,0.000170497894287112,0.00168228149414063,0.00166444778442383,-6.567001342772798e-05,-0.012108230590820314,-0.00223968505859375,-0.001597499847412108,-0.002015295028686522,-0.0001643908023834223,-0.0013741207122802662,9.078264236450344e-05,0.020543212890625,0.00032361984252928563,-0.0003406572341918977,0.003232917785644534,-6.502568721770159e-05,-0.0008971309661865082,-4.2198896408070864e-05,8.012771606446093e-05,-0.0008025026321410985,-0.001265125274658196,-0.000193674564361563,-9.294748306273607e-05,0.06804168701171875,0.00013142824172972456,-0.00143965244293213,-0.0316815185546875,-0.13257568359375,0.001253261566162108,0.008578033447265624,-0.003909912109375002
64,-0.0004989898204803324,-4.947006702423252e-05,-0.00014211773872375118,-0.00018528312444686376,-6.844043731690509e-05,-0.00041323482990263816,3.484040498732677e-05,-2.0304620265961444e-05,-0.001061367988586418,-0.002461090087890624,-0.0001677083969116026,-7.771253585814305e-05,-0.0002458500862121482,8.566856384277162e-05,-0.0002656221389770292,0.00023254632949829942,-9.923458099364747e-05,0.0007067918777465687,0.00019970178604125088,-0.0005598199367523063,-3.1288415193549554e-05,-8.391052484511285e-05,-0.00020649909973142957,1.3451576232905905e-05,-0.022578859329223634,-0.136103515625,-0.03506546020507813,-0.13072509765625,-0.050228271484375,-0.026645889282226564,-0.0693011474609375,-0.1832373046875,-0.0025429153442382817,-5.87075948715291e-06,-2.336949110031021e-05,0.00012303531169889908,-4.327297210693028e-05,0.0002973508834838755,0.0001303315162658592,-2.0571351051328753e-05,-0.003655548095703126,-0.011628570556640625,-0.0006879472732543942,-0.007170104980468752,0.0117547607421875,-0.011021194458007815,0.009036102294921876,-0.04285594940185547,-0.027627353668212885,-0.03469511985778809,-0.019385833740234375,-0.001600971221923826,-0.012970428466796875,-0.028146896362304687,-0.04751457214355469,-0.015292072296142578,-0.007440948486328124,0.0036969757080078103,0.000967884063720704,0.004163017272949224,-0.000874881744384768,0.000814476013183596,0.0005545806884765619,0.00029016494750975797
65,-0.00077781677246093,0.005691385269165038,-0.0077740478515625,-0.008454780578613283,-0.00549224853515625,-0.001070346832275392,-0.0024809265136718738,-0.004794616699218748,-6.154298782348539e-05,-5.632996559141686e-05,-0.00013198614120482093,3.26472520828207e-05,-0.001065800189971914,-0.00014351367950437747,4.829764366149384e-05,-0.0010961413383483874,-0.007557640075683594,5.514144897461888e-05,-0.0021767902374267615,-0.00041207790374753997,0.000721673965454086,-0.0002413892745971622,0.0002129149436950781,0.0007896029949188131,0.0008520108461379923,3.227233886718694e-05,-0.00023487329483030538,-0.0002702856063842706,-0.0012758588790893566,-3.8942098617552276e-05,8.367061614989872e-05,-5.735397338866757e-05,9.037017822265601e-05,0.005455837249755862,0.0006584715843200583,0.0005116987228393531,0.003646240234375,0.003035387992858881,0.013792166709899906,0.00052398681640625,-0.00046338081359862814,0.00048317015171050424,0.0017479383945465088,-0.000260190963745109,9.428024291992305e-05,-0.0009395861625671336,-0.000112133026123048,0.0001319956779479883,-0.00012902617454526682,-7.990717887876425e-05,-9.035885334013661e-05,-2.5221109390250474e-05,-8.625149726866763e-05,-0.00020544111728665833,-9.805798530577271e-05,-0.0003229975700378241,-0.00024022102355954918,0.0001630795001983581,-0.0004415273666381684,6.434589624404619e-05,0.0006910586357116674,-2.149730920791151e-05,-0.00047204971313476467,-1.0068863630291426e-05
66,0.030069580078125,-0.118836669921875,0.004930992126464842,-0.0058666419982910155,-3.362417221068636e-05,0.004762773513793945,-0.0026568984985351567,0.002058715820312508,0.00020129323005677757,6.909966468812148e-05,0.00011759638786315455,0.0002136886119842665,0.0009786176681518637,0.0005424857139587379,-0.0002182358503341511,0.00048435747623443116,-0.0001919484138488771,0.00024037361145018673,-5.036234855651499e-05,-9.363889694216506e-06,0.001942234039306642,-7.353305816650628e-05,0.0008054471015930226,-0.000178470611572257,2.4240016937242802e-05,-0.07950454711914062,-0.00018238991498944647,2.726793289184064e-05,-0.0025265121459960922,-0.0005373573303222608,-0.0005970776081085016,-0.00012219190597533252,0.011976699829101562,0.0055875396728515625,0.002398834228515628,-0.002477970123291018,-0.00760467529296875,-0.00103759765625,0.009832839965820316,-0.009066925048828126,0.0002000474929809505,-0.0001431608200073096,-8.83233547210642e-05,0.000123026371002193,-0.0004839348793029648,-6.9314241409305505e-06,-5.30135631561238e-05,-8.823096752165273e-05,-2.4781227111818852e-05,6.626427173614621e-05,-0.0005699348449706987,-3.001570701598546e-05,-0.0003046703338622909,-0.00026203989982602726,-0.0004430651664733851,-0.00012085258960723152,-9.583950042722679e-05,0.003210805058479304,5.249977111815782e-05,0.0005834960937499902,0.00010231852531433244,-4.595577716826705e-05,0.0003333473205566203,0.00022231012582777748
67,0.00014222621917724923,-4.443526268005352e-05,-0.0005495166778564282,5.358934402465176e-05,-0.0003300547599792314,-0.00033352375030518106,-0.00025318145751952644,-0.0007385301589965685,-0.00015899181365967193,0.0009832668304443322,-5.0336718559253827e-05,6.117880344390506e-05,0.00019044280052185345,-0.000237983465194686,0.0008687484264373747,0.0006327295303344677,-0.0005852174758911004,-0.0010834503173828129,0.0004201507568359341,0.0002797210216522229,-0.000790023803710918,-0.0011939430236816361,-0.0038711357116699235,-0.002662887573242182,0.0031402397155761703,0.009289550781249998,0.012817153930664063,-0.0006877899169921841,0.0077386474609375,0.00018241882324218804,0.0009625411033630308,-0.002509689331054688,-0.00213747024536133,0.015640811920166017,0.0002204418182373004,-0.011692199707031248,0.0018937873840332003,0.002183399200439454,-0.000213413238525396,-0.000358467102050782,-0.0008168315887451023,-0.00021997213363647992,-0.0002321010828018126,-0.0003181302547454617,-0.00014097094535825525,-0.0001612424850463626,3.148108720779031e-05,-0.000765323638916008,-0.01136299133300781,-0.0702029037475586,-0.0028465843200683595,-0.0030207824707031263,-0.0068472814559936545,-0.0003165817260742172,-0.0025003814697265557,-0.007283754348754884,-0.1055108642578125,-0.021437110900878905,-0.015001182556152343,-0.015644521713256837,-0.0576904296875,-0.06910301685333252,-0.03292886734008789,-0.056837158203125
68,-0.0002369546890258658,-0.0009152412414550873,-2.258062362669986e-05,-0.00010089516639707585,-2.9992461204522998e-05,-6.011724472045085e-05,-0.0005634784698486191,0.00017848968505859,-0.003324899673461918,-0.003461837768554688,-0.0076136398315429675,-0.008079566955566409,-0.011958999633789063,-0.024868049621582032,-0.014812469482421875,-0.11458480834960938,-0.02898590087890625,-0.0604754638671875,-0.07125732421875,-0.06444351196289062,-0.10172073364257812,-0.020840797424316406,-0.13880325317382813,-0.0781365966796875,-0.0030861759185791017,-0.0019783973693847682,-0.0075563621520996094,-0.0029760360717773398,-0.0036403846740722624,0.001092185974121092,-0.006031913757324216,-0.001164379119873048,0.00013918817043303883,9.274363517760369e-05,0.00012827038764952705,-7.414340972899497e-05,-0.0003268527984619028,-0.00018183708190916658,-0.0002233552932739094,3.8695335388264825e-06,0.0006711196899414058,0.017625637054443356,-0.0045924758911132825,0.0034217071533203143,-0.01042585372924805,0.0008886194229125964,0.0062790679931640555,-0.002345905303955076,-0.0072486305236816395,-0.0014052963256835922,-0.05554351806640625,-0.09231605529785156,-0.06830108642578125,-0.07021957397460937,-0.004310698509216307,-0.129244384765625,-0.002833099365234376,-0.00037128448486326173,-0.0056416320800781235,-0.00031223773956297535,-0.0004808449745178012,-0.04113967895507813,-0.01434844970703125,-0.004982337951660156
69,0.0014805507659912114,0.0012628090381622357,-0.00011340618133543296,6.909608840942302e-05,0.0006165742874145479,-8.628726005552713e-05,1.015305519103523e-05,2.2833347320548393e-05,0.0002534842491149788,8.461475372320205e-06,4.0898323059088345e-05,1.993179321288376e-05,1.5017986297603675e-05,-0.00027418613433837733,-0.0009016036987304681,-0.00011397600173949458,-0.0018655776977539054,0.00015077590942382161,-0.00023443222045898385,-0.00043884754180906075,-0.00014121651649474397,-0.001310415267944335,0.005346078872680659,0.000234489440917968,0.0004258990287780624,0.003918290138244626,-0.0013507080078125,-6.868958473204634e-05,-3.7604570388800835e-05,1.9140243530263555e-05,5.125045776367288e-05,0.00129856586456299,-0.05942474365234375,-0.0009527587890624978,-0.15453098297119142,-0.010831108093261719,-0.0483880615234375,-0.037880859375,-0.0391217041015625,-0.00923370361328125,0.000868072509765626,0.000983877182006834,0.000737686157226564,-0.00024537086486815145,-0.0003823852539062563,-0.009432525634765628,0.00023009300231934476,-8.411407470705626e-06,5.4168701171865985e-05,5.836665630339514e-05,-3.194332122804118e-05,8.320808410632911e-06,0.0016122055053710879,-0.00012417972087858806,0.0002775859832763614,0.0001532804965972741,-0.000936317443847653,-0.0021103286743164042,0.002375946044921876,-0.005624999999999998,-0.008632354736328124,0.002506961822509764,-0.00184295654296875,-0.0025563812255859396
70,0.0018162298202514557,0.00021121025085447533,0.0009959316253662,0.00039917230606077334,-0.0003594970703124965,0.0004108607769012338,0.000698852539062476,0.000963621139526361,-0.4770501708984375,-0.007077960968017576,0.019092559814453125,-0.003995475769042972,0.10196533203125,0.03518363952636719,0.011190052032470704,0.01402557373046875,-0.0010048460960388134,-0.0019495773315429679,-0.004298095703125,-0.0001712405681609977,-5.2549839019756016e-05,-0.0002508544921874695,-0.00024299621582031164,-0.00045921564102171175,-0.019349517822265624,-0.011382369995117185,-0.00624202728271484,-0.0197900390625,-0.006500396728515624,-0.005584564208984374,-0.01438812255859375,-0.0029071044921875,-0.005310134887695308,-0.0005578994750976541,-0.00010244369506836794,0.0028644275665283183,0.002794113159179688,0.0037295341491699265,0.00264605522155762,0.0104736328125,0.0034030151367187523,0.001384315490722654,-0.007849578857421876,0.00025512695312500193,0.0050775909423828106,-0.000106201171875,0.001768398284912106,-0.016721267700195313,-2.4757385253901982e-05,-0.0007875823974609241,-0.00016741871833800913,0.00015711009502411246,0.003342835903167728,-0.00023674488067626737,-0.0005228590965270915,-0.09781021118164063,-0.0002058339118957337,-0.000615777969360334,7.046580314635674e-05,0.012070865631103515,2.965450286865833e-05,-0.010289230346679685,0.00020215034484863292,-0.008787612915039064
71,-0.01407073974609375,-0.192236328125,-0.089920654296875,-0.04442626953125,-0.13718170166015625,-0.107415771484375,-0.44866485595703126,-0.03913284301757813,0.017886295318603515,-0.02841796875,-0.010825271606445315,-0.006650381088256838,0.010073280334472658,0.00205230712890625,0.0512469482421875,-0.0540045166015625,-9.736061096189344e-05,0.001507968902587892,0.001716156005859374,-0.00042864680290221,-0.01120697021484375,0.0002446103096008226,0.009325532913208005,-0.003222627639770505,-0.0009017372131347536,-0.0004915714263915962,-0.0008584785461425699,-0.000142586231231679,0.0019682216644287096,-0.001524505615234372,0.002233619689941406,0.011270980834960937,-0.00742854118347168,-0.025709228515625,-0.002793350219726562,-0.043819580078125,-0.011608657836914065,-0.009366931915283207,-0.003134307861328124,-0.0040479850769043,0.010171546936035156,0.0005783879756927401,0.005804252624511714,0.0011870908737182549,0.007699623107910158,0.0011509227752685462,0.0025935506820678705,0.002533082962036132,-0.03723564147949219,-0.0011973965167999228,-0.000343398451805105,-0.0076308298110961915,-0.0021435022354126,-0.0017685687541961672,-0.004025001525878912,-0.0016231727600097643,0.0005754470825195263,-0.0005871200561523227,-0.00018862724304199,-0.0005941176414489671,0.00023600578308105469,-0.000292408466339108,-0.0004721546173095638,-0.0007772326469421304
72,0.0004876708984375,-0.001794519424438468,0.014481201171875,0.016134796142578126,-0.025009307861328125,0.00022323608398437805,0.00480072021484375,0.019408931732177736,0.0019116544723510758,0.008275985717773436,0.0089947509765625,-0.000729446411132814,0.00589996337890625,-0.005670394897460938,0.013372154235839848,-0.000853843688964846,0.002334976196289064,0.00562347412109375,8.073806762695205e-05,0.0016517257690429618,-0.002817268371582032,0.024434776306152345,0.01224365234375,0.0042794227600097675,0.006638336181640621,0.012111511230468752,0.009165382385253907,0.030615005493164062,0.007865161895751954,0.03640284538269043,0.011087837219238283,0.038686904907226566,-0.1386383056640625,-0.07658615112304687,-0.177384033203125,-0.24931640625,-0.024997100830078126,-0.23180908203125,-0.1529541015625,-0.3372607421875,0.01929351806640625,0.014092493057250976,-0.007457923889160159,-0.021106433868408204,-0.024575881958007813,0.0061761474609375,0.011893768310546875,0.005497589111328124,0.0014814758300781181,0.0028975629806518564,-0.018838462829589845,-0.005341572761535641,-0.015532455444335935,0.001930732727050784,-0.0431048583984375,-0.0010700225830078118,-0.00837890625,-0.004522476196289062,-0.003735771179199222,0.004206085205078124,-0.005363597869873053,-0.012259063720703125,0.005096893310546876,0.00241943359375
73,-0.37866943359375,-0.003654689788818356,-0.0784515380859375,-0.09805473327636718,-0.011824836730957031,-0.14954376220703125,-0.2128106689453125,-0.0004832077026367133,0.005004043579101563,-0.006334228515625,0.04688827514648437,0.034967041015625,0.0070378112792968735,-0.012208480834960934,-0.012096176147460936,0.0439276123046875,-0.002982940673828126,0.008231201171875,0.00048171997070311514,0.00988739013671875,-0.0016825866699218739,0.000176830291748052,0.00045368671417235864,-0.017867279052734376,0.002099008560180664,-0.004557647705078126,0.0008558964729309049,0.00026103019714355353,-0.003570833206176758,0.010845165252685546,0.001785688400268562,0.0019652009010314967,-0.011146850585937498,-0.129521484375,-0.026626739501953125,-0.02311622619628906,-0.012066097259521484,-0.021855926513671874,-0.10356178283691406,-0.02815547466278076,4.112243652343805e-05,0.0004000282287597601,-0.001305732727050782,-0.0007914876937866247,-0.0040930271148681635,-0.0029965782165527377,-0.0040703964233398384,-0.012288055419921874,-0.011204376220703124,0.0007252311706542967,-0.005992698669433591,-0.001351165771484376,0.007545518875122072,0.0029421091079711876,-0.010823516845703126,0.008999290466308594,-0.000821247100830078,-0.05243896484375,-0.0016061496734619117,-0.040122604370117186,-0.02238525390625,-0.0063231658935546855,-0.017413406372070315,-0.002534027099609372
74,-0.20672119140625,-0.04939697265625,0.016923828125,-0.0291119384765625,-0.26852294921875,-0.0063465118408203135,-0.032247314453125,-0.297919921875,-0.001447906494140622,-0.054790802001953125,-0.06173828125,-0.007273788452148438,-0.08498779296875,-0.0374993896484375,-0.016585540771484376,-0.0271612548828125,-8.81004333496088e-05,-0.003394012451171874,-0.0010751676559448066,-0.00042350769042968125,-0.002681961059570314,-0.1528338623046875,-0.021385459899902343,-0.003142395019531246,-0.032183837890625,-0.08573516845703125,-0.023338623046875,-0.0544482421875,-0.08399343490600586,-0.148624267578125,-0.02285552978515625,-0.035735397338867186,0.0028547286987304636,0.014244232177734375,0.012066574096679685,-0.016871528625488283,0.009812660217285149,0.009393081665039058,0.0286614990234375,0.004572753906250006,-0.05781692504882813,0.016548728942871092,0.016797256469726563,-0.034665374755859374,-0.0173736572265625,-0.0190765380859375,-0.0039253997802734366,-0.02367919921875,0.001794271469116212,0.0007541942596435463,0.022127304077148437,0.0010997486114501895,0.00039569854736326397,0.0008388113975524824,0.008245010375976558,0.00046034812927244953,0.007715868949890139,-0.00041981339454649454,0.0006903967261314435,0.0023528194427490205,0.010087509155273438,0.009723968505859376,0.009923663139343255,0.000287456512451164
75,-0.005791969299316404,0.0022205686569213845,-0.026668014526367183,0.008566455841064455,-0.002832870483398434,-0.050472869873046874,-0.08167411804199219,-0.17852325439453126,-0.237745361328125,0.002483239173889157,-0.0582684326171875,0.010763320922851562,0.003492927551269528,-0.03100799560546875,0.01232147216796875,0.013281173706054687,-0.06190399169921875,-0.029202880859375,-0.00635894775390625,-0.01715324401855469,-0.007974891662597657,-0.27482025146484373,-0.018563613891601563,-0.014990692138671873,-0.02542755126953125,-0.04604312896728516,-0.13849411010742188,-0.059548568725585935,-0.3615679931640625,-0.026469650268554686,-0.023570556640625,-0.049722900390625,-0.020609893798828126,-0.05843551635742188,-0.042035369873046874,-0.04367996215820313,-0.003199834823608402,-0.12725215911865234,-0.02898284912109375,-0.07410186767578125,-0.0189324951171875,-0.004292221069335936,-0.0049005126953125,-0.0513238525390625,-0.01918243408203125,-0.00750091552734375,-0.02226287841796875,-0.082935791015625,-0.014315185546875,0.0228548812866211,0.005336217880249022,-0.000953922271728514,-0.00781501770019531,0.0009658622741699199,-8.791923522950449e-05,0.000855102539062498,-0.0388720703125,0.024788818359375,0.013849067687988277,-0.013393554687499998,-0.004699249267578128,0.009355621337890621,-0.016708984375,-0.026093902587890624
76,0.014093933105468753,0.000647697448730472,0.012057266235351562,0.022299346923828126,0.017784576416015625,0.005360527038574223,0.023244361877441406,0.00021942138671875,-0.046405029296875,0.00130241394042969,-0.0010175323486328119,-0.011567840576171875,-0.026489105224609375,-0.0812567138671875,-0.07808258056640625,-0.061064453125,0.014104766845703125,0.0117926025390625,0.008744316101074222,0.008985328674316406,0.000793857574462888,0.00811531066894531,0.01253135681152344,0.004625244140625,-0.016744308471679684,0.0011177253723144538,0.0480877685546875,-0.01587364196777344,-0.004160213470458982,-0.06807510375976562,-0.000519142150878904,-0.000545215606689452,-0.017550315856933594,-0.005267820358276366,-0.001913967132568354,0.010084686279296873,-0.002938146591186524,0.0020844078063964773,0.012839736938476565,0.0009149169921875,-0.038428115844726565,-0.001410293579101562,-0.011495819091796875,-0.05112667083740234,-0.33020751953125,-0.13125732421875,-0.0771868896484375,-0.01780517578125,-0.010885801315307619,-0.002648086547851556,0.0034200286865234395,-0.006269283294677734,-0.001750469207763674,-0.0012684059143066402,-0.003421201705932616,-0.003628005981445312,-0.16933341979980468,-0.5056494140625,-0.16494354248046875,-0.20451171875,-0.020550994873046874,-0.4513694763183594,-0.0051714611053466815,-0.22373046875
77,-0.016942672729492184,-0.004069671630859374,-0.024862899780273437,-0.0145208740234375,-0.03588736057281494,-0.00669158935546875,-0.0051100158691406265,-0.02402536392211914,0.00027152061462402195,-0.007253570556640626,-0.03447769165039063,-0.002334609031677249,-0.0045479583740234315,0.0009176921844482372,-0.0890252685546875,0.0009975814819335959,0.004450435638427733,-0.011153335571289065,-0.020437908172607423,0.022637939453125,0.006953125,0.010730667114257814,0.007499923706054687,-0.01795562744140625,0.0018547439575195305,0.00225418090820312,0.002357521057128904,0.008260178565979007,0.007588739395141604,0.0018384170532226478,0.004871749877929688,-0.009748458862304686,-0.00909538269042969,-0.016097412109375,-0.022445840835571287,-0.006280517578125,-0.018289718627929687,-0.002895050048828126,0.005042686462402346,-0.003231792449951167,-0.05860008239746094,0.004014930725097658,-0.07030731201171875,-0.033154296875,-0.01373321533203125,-0.028270721435546875,-0.0324005126953125,0.00042633056640625,-0.023267993927001948,-0.2964935302734375,-0.406591796875,-0.3398284912109375,-0.4092938232421875,-0.57886962890625,-0.06786075592041016,-0.2952880859375,-0.025425186157226564,0.01595703125,0.001672439575195312,0.023199996948242183,-0.013229980468749998,0.0259942626953125,-0.0414453125,-0.004650878906250004
78,-0.1171435546875,-0.043338470458984375,-0.024320755004882812,0.012214279174804688,-0.025666351318359374,-0.10177116394042969,-0.010525093078613278,-0.013320846557617186,-0.001415777206420904,-0.04545654296875,0.0083966064453125,-0.03687553405761719,-0.004119548797607418,-0.013318939208984375,-0.0025346851348876957,-0.0228564453125,-0.00944549560546875,-0.001023216247558582,-0.013232803344726563,-0.00566070556640625,-0.009764862060546876,-0.022559700012207032,-0.03156562805175781,-0.0006360721588134749,-0.071558837890625,-0.0018913269042968696,-0.04098724365234375,0.005743331909179687,0.0027329587936401312,-0.007372932434082032,0.003714523315429688,-0.0228948974609375,0.04056091547012329,0.03794891357421875,-0.000746784210205078,0.035313720703125,0.018399658203125,0.038354253768920904,0.03276447296142579,0.02145660400390625,0.005772800445556642,0.006932830810546876,-0.001035499572753906,-0.031312141418457035,-0.001004562377929688,0.016863651275634762,-0.00025537490844726994,0.00199821472167969,0.009658050537109374,-0.003397674560546876,-0.017298583984374998,0.001612873077392574,0.001470794677734372,-0.005125541687011717,-0.029802398681640627,0.006105270385742187,-0.01543121337890625,-0.016763687133789066,0.0053173828125,-0.01791217803955078,-0.0011299419403076212,0.012369918823242187,-0.0095855712890625,-0.00228073120117187
79,-0.011208343505859374,0.028615102767944333,-0.037674789428710935,-0.002647552490234376,0.012173957824707033,-0.00368682861328125,0.0073394775390625,0.0003443908691406261,0.020166282653808598,-0.022427978515625,0.02427459716796875,0.0034523010253906237,0.00719703674316406,0.00184661865234375,4.030729178339243e-07,0.004476089477539062,0.00360252380371094,0.0039878320693969745,-0.00167581558227539,-0.0004848957061767493,0.0006483745574951074,-0.0007413959503173707,-0.00021370768547058168,0.0065806579589843765,-0.018045654296875,0.012774658203125,-0.011228485107421875,-0.004432792663574218,-0.010000953674316408,0.0063739013671875,0.012182159423828125,0.0022553062438964845,0.0021155595779418974,0.000367126464843744,0.0006420707702636787,-0.0007114791870117221,0.0021907031536102274,0.0009959793090820361,0.002522726058959959,0.0016816616058349617,-3.833770751955419e-06,0.002129564285278325,0.000777339935302734,0.005758438110351563,-0.004473514556884768,0.001258049011230464,0.0017752456665039021,0.003809509277343752,-0.0002984619140624979,-0.0007824897766113159,-0.0046374893188476565,-0.003306636810302736,-0.008665847778320312,0.00769256591796875,0.015542526245117188,-0.001056385040283204,-0.008780593872070315,0.000143508911132812,0.003490352630615236,0.002122993469238282,0.002830772399902346,0.001030235290527344,-0.00214256286621094,2.7658939361575957e-05
