layer,0,1,2,3,4,5,6,7,8,9,10,11,12,13,14,15,16,17,18,19,20,21,22,23,24,25,26,27,28,29,30,31,32,33,34,35,36,37,38,39,40,41,42,43,44,45,46,47,48,49,50,51,52,53,54,55,56,57,58,59,60,61,62,63
0,0.0005371787331321182,0.000532627105712891,0.00011894919655540912,0.00025111978704279287,0.00026156685569069606,0.00044623288241300916,0.0001491199840198727,0.000676935369318191,0.0005087418989701728,0.0005690834738991455,-0.0011066089976917637,0.000429803674871252,0.0005911046808416182,0.0003488714044744363,0.00015718286687675854,0.00045529278841884913,0.00041263753717594683,0.0005085685036398997,0.00034518675370648723,0.00025311383334072386,0.0006814436479048182,0.00039941614324394257,0.0003540732643821091,2.5879253040667058e-05,0.0010864951393820819,0.0006409124894575593,0.00020187551325016848,0.0008023001930930363,-0.00037470730868250003,0.00014964017001066365,0.002864750948819231,-0.0002856281670656707,-0.001267498189752752,0.0001633384011008546,-0.0012307600541548273,-0.0012291994961825274,-0.00036031549627130454,-2.2339041937481274e-07,-0.0002422332763671909,-0.0007379705255681819,0.00025671178644353634,5.2625482732603984e-05,0.00017309188842774007,2.158771861684376e-05,0.00040010972456499264,-4.352222789418181e-05,0.00036157261241566966,0.00016676295887340994,0.0003364953127774189,0.0004024072126908747,0.00011114640669389997,0.0005341443148526239,0.000545241615989,0.0002749616449529458,-0.00017564946954899091,0.0004085193980824,0.0005718577991832363,0.00016825849359686945,0.0005556453358043363,0.00016476891257547076,0.0002801418304443365,0.00027036666870117496,0.00040851939808238177,0.0006456375122070181
1,-0.0003489608114415591,-0.0001316774975169516,-0.0004133744673295398,-0.00021128220991652728,-0.0020040598782625906,-2.9043717817951684e-06,-5.173683166504077e-05,-0.00033097917383364525,-1.0230324485085227e-05,-5.7282772931182794e-05,-1.2115321376106955e-05,0.0001548257741060999,-6.003813310102983e-06,-2.1563334898516603e-05,5.677613345059485e-05,0.0009405829689719364,-0.00012177770788019212,-0.00012020631269973325,-0.0011916323141618137,-0.0008847821842540283,-0.00013074007901275455,-0.00036399269645864997,-0.00019674951379944965,0.0002237883481112277,-2.211467786267959e-05,-0.0003636391325430198,-9.142268787729091e-05,-0.0001433451067317343,-4.850531166250113e-05,-0.0014851960268887528,-0.00026667659932916017,-0.0005325133150273944,-0.0009915720332752448,-0.00040821595625444056,-0.0010597163980657321,-0.0003553303805264542,-0.0012024532664905961,-0.000504146922718367,-0.000687490810047476,-0.00013603947379371768,-9.660287336866547e-05,-0.000223888592286536,4.023313522349663e-06,-0.0005378181284124235,-0.0002613501115278696,-9.097836234352635e-05,-0.00025268034501507074,-0.00035086545077235744,0.00040199539878151865,-0.0005396089770576949,0.0001302198930219966,-9.558417580339345e-06,-0.00015430016951127203,7.168813185259142e-05,-0.00012992457910017334,-0.00012509389357131243,-0.00044207139448683295,-9.042566472832898e-05,0.001152038574218709,6.0352412137110844e-05,-0.0003603805195201402,-0.0003066062927245855,0.0006945566697553933,0.03963955965909091
2,-0.001509623094038526,-0.000530400059439911,-0.0005522966384887604,-0.0002138668840581499,-0.00021035156466743394,-0.0003215020353143499,-0.0002504634586247349,-0.00153598731214348,-0.00016676295887338777,-0.0005096955732865545,-0.0004986416209827656,7.213245738636368e-05,-0.0009477355263449834,-0.0014108744534578957,-0.0010926994410427999,4.863739013672389e-05,1.3248486952240236e-06,-0.0004080615260384163,8.217651735652577e-06,-0.0005529577081853364,-9.18114727193659e-06,-0.0001727342605590667,-0.0005210204557938896,-5.169686946001749e-05,-0.00013138353824613204,-4.7837468710799586e-05,-4.4009902260526774e-05,-1.0497868061065674e-05,-0.00010410222140224048,-0.00021483139558269997,-0.0002677088434045937,-0.00024162639271128013,-0.00011477687142111924,-0.0002633441578258071,-0.00015984882007944674,-0.0004992972720752983,-0.00012513182379980756,-0.0006013729355551838,-0.0004149783741343855,-0.00011505322022870345,-3.190474076704489e-05,-1.761520450764868e-05,-0.00016182390126316196,-0.00011873787099663044,-0.00022506840865719492,-5.408308722755614e-05,-0.000361312519420252,-8.682771162552188e-05,-0.0008221106095747418,-0.00015412677418099785,-0.0019572864879261274,-0.0002605224197560704,-0.0003305836157365154,-0.0003024448047984582,-8.521296761251557e-05,-0.0008347034454345544,-0.0005577260797673728,-8.015199141067755e-05,-0.0003282807090065565,-8.355893871999079e-05,-7.849931716917696e-05,-6.22380863536346e-05,-0.0009229833429509854,-0.002636996182528409
3,-0.00018268281763249327,-0.0003635233098810244,-0.0007955702868374837,-0.0007092735984108467,-0.000830444422635188,-0.00025273994965987145,-0.0008343078873374012,-0.0001472776586359095,-0.0004729791121049258,-8.800896731287791e-05,-0.00011392073197797557,-0.0005787069147283364,-0.0004598444158380545,-0.0001425959847190021,-0.00023723732341417406,-9.025226939808067e-05,-0.0001162994991649065,-8.82744789123288e-05,-6.23464584350299e-05,-0.00022669271989300243,-0.0010041323575106455,-0.0002039996060457915,-6.253340027548709e-05,-0.00013821775263005184,-0.0001623440872538952,-6.429715590042762e-05,-0.00012055310336025002,-0.0001343461600216816,-0.0001697594469243736,-0.00014887343753466258,-4.868073896927585e-05,-9.403716434132452e-05,-0.0001363754272460693,-0.0003192675384607801,-0.0005872899835759909,-0.00015488537875087358,-0.00021665746515444432,-0.0005869648673317502,-0.0011219978332519247,-0.00011505863883278814,-0.00023135271939364287,-0.00014668703079223066,-0.00023950229991564858,-0.0005717765201221778,-0.0004250136288729632,-0.0002695430408824335,-0.00011153654618695936,-9.00124961679632e-05,-0.00035847317088732994,-0.0002844089811498247,-0.00023720481178973637,-0.0002976520494981149,-0.0005435076626864284,-0.0014449032870205909,-0.0006833076477050636,-0.00021084872159088012,-0.00021780620921739785,-8.44597816467126e-05,-9.214878082274084e-05,-7.750364867123009e-05,-0.0001998381181196636,-6.154992363666645e-05,-0.0001431297172199502,-0.00017511844635010332
4,-0.00012325156818736768,-3.4134496342044724e-05,0.0001317804509943273,-4.9761750481338614e-05,-0.00039769573645154953,-5.465745925903491e-05,-1.7962672493669426e-05,-4.5448541641224835e-05,-6.0856342315659056e-05,-0.00021549788388336625,-0.0006408691406249818,-0.0003110360015522095,-0.00013328682292590248,-0.00021660869771781728,-0.00023958357897669146,-0.0005778616124933294,-8.86703756722537e-07,4.6227465976368303e-07,-2.0807439630681817e-06,1.2289394031883662e-05,-2.6849183169278237e-06,-1.9344585863026705e-05,-2.9693950306277556e-05,-1.6318464821035208e-06,-9.245764125477325e-05,0.00010596622120248424,-0.00015516714616254076,-0.0002271309494972033,-0.0001923170956698189,-5.120580846612252e-05,-9.731000119987523e-05,-0.00045573169534855707,0.00029781731692228586,-0.0009405829689719244,-0.0004917274821888061,-0.0005167397585781893,-8.241222663358356e-05,-7.668408480556846e-05,-0.00044168938289986627,-0.0005732341246171079,-0.0002419298345392267,-4.276904192837944e-05,-7.198073647236946e-05,-0.00018091635270550525,-4.860826513982224e-05,-6.573579528114218e-05,-0.00022407011552290026,-0.00012135776606471775,0.003748807040127818,-0.0009937069632790238,0.012113224376331664,0.00015291571617125101,-4.63790175589506e-05,-1.64563005620783e-05,0.00012736022472378467,0.0001066598025234993,-0.0015910755504261363,-3.825534473764929e-05,-0.0003810955042188892,0.00014197826385498416,-9.89653847434071e-05,-5.998394706032493e-06,-7.763098586689569e-05,-6.0947103933841755e-05
5,-9.991838173430568e-05,-0.0004506544633344909,-9.359012950547926e-05,4.0531158447424655e-06,-4.6925111250432605e-06,-0.0008253617720170273,-0.0004217624664306732,-1.6289678486910734e-05,6.606362082742728e-05,-0.00018995458429508182,-0.00017271800474686545,-0.00038389726118607615,-2.144683491097521e-05,-0.0002356388352133988,-0.0005339492451060886,0.0041251182556152205,-0.00014567917043513143,-0.0001033815470608798,-6.790052760730295e-05,-0.0001130496913736369,-3.108111294833039e-05,-0.00019520521163939917,-0.0005570284344933204,-0.0001278790560635679,-0.00011275031349876393,-2.2861767898904088e-05,-0.0009284452958540363,-0.0007387508045543274,-0.0002395185557278686,-0.0006099180741743455,-0.00018848072398792613,-5.567073822020263e-05,-0.00011442737145856639,-0.00011917339129879494,-0.0001170120456001873,-5.929036573928544e-05,-0.00021412697705353427,-7.58807767521149e-05,-5.8006156574581e-05,-0.0002680691805752818,0.00261103023182259,0.00011241436004639523,0.016141024502840908,0.0055131045254793905,0.0017449192025444588,0.0006158135154030338,0.020890669389204544,0.006780797784978673,-0.00034395131197842004,-0.00018606267192144497,-0.00017403472553599965,-0.00017946416681462838,-0.00017455491152675815,-0.0007114139470186881,-6.288391622629691e-05,-4.280968145890385e-05,-0.0018443627790971121,-8.848580447108502e-05,-4.751997237854061e-05,-0.00030896880409934474,-3.539567643945469e-05,-0.0001441849903626955,-0.0004929629239168904,-6.610849364236898e-05
6,-0.0003107786178588776,-6.244941191237858e-05,-0.0002223578366366206,-0.0005750656127929727,-6.0444528406306353e-05,-0.00018978118896483697,-0.000286254015835845,-0.0011080828579989271,0.0007346760142933273,-0.0002611204981803726,-7.377835837275084e-05,-1.5938823873343092e-05,-4.8717483878126296e-05,-6.959621201861874e-05,-6.449493494898802e-05,-5.3308226845468684e-05,-7.36875967545778e-05,-5.8331272818810696e-05,3.341653130271218e-05,-8.163668892599183e-05,-1.610070466994898e-05,-0.0003191991285844087,-1.564621925354004e-05,-3.488226370376554e-05,4.697320136155387e-05,-3.51670790802184e-05,-0.00027408383109351443,-0.00019589337435634629,-4.685466939751673e-05,-6.224892356178069e-05,-0.00044194134798915453,0.004236394708806818,-1.4792789112471958e-06,0.003211281516335209,-2.1904706954959175e-05,-0.002485448663884945,-2.9124996878870424e-05,0.0010811632329767132,-0.00010283257473598598,9.07074321400081e-05,-0.0001329183578491137,-0.00010250373320144818,-0.00012287091125139218,-0.00012747807936234226,-6.57109035686854e-05,-0.0004157478159124116,-5.96791505813485e-05,-0.00022958083586258808,-0.0002454844388094588,-1.9346956502307545e-05,-0.0003659508445045966,-0.0009490793401544726,-4.65999950062054e-05,-6.90221786498836e-05,-0.0005073547363281245,-0.0001226555217395987,-7.772987539117418e-05,7.153912024064497e-06,-0.00016627663915806188,-1.1932274157350713e-05,-0.00010395591909232901,-3.557990897785051e-05,-0.00016857412728395137,-6.434050473300006e-05
7,0.005494334480979197,0.00870930064808238,2.9585578224888216e-05,-0.00013019821860572826,0.00022291730750690467,-0.0003236423839222091,-0.00011282617395572833,2.9347159645776988e-05,-0.00027257745916192726,-3.3368441191580045e-05,-8.072907274417736e-05,-0.00010150129144840667,-0.0005843422629616273,-9.49339433149733e-05,-0.00024606964804910013,-0.00018739700317380937,-9.096752513537685e-05,-0.0004435886036266003,-0.00014621561223808949,-0.002232464877041891,-0.0014636299826882,-8.867545561358683e-06,-0.004223216663707382,-8.340315385294574e-05,0.016700051047585228,-5.722045898418182e-06,0.005375255237926127,0.0009895671497691454,-0.0001229372891512574,2.147934653542286e-05,-0.00012035803361371151,0.002825021743774389,0.0037479400634765456,0.003922202370383519,0.0004560947418212669,-0.009534662420099446,0.0001908649097789196,-0.0028940114107999,0.011815851384943182,-0.0025854977694424637,-0.00017556277188387332,-9.280985051931989e-05,-9.463050148702359e-05,-9.031458334489303e-06,-0.00011301040649412415,-9.293989701703353e-05,-0.0003745339133522704,-0.00017502091147681662,-0.0001760721206665073,-0.00019884109497070085,-0.0013810938054864908,-0.0004919225519353636,-5.6022947484783916e-05,-4.4595111500108736e-05,-1.6901303421361617e-05,-0.00012614510276099547,-0.00017456778071142559,-0.00015659765763713962,-0.000609311190518458,-1.6775998202243998e-05,-0.0001988410949706895,-0.00048120421442116517,-0.0001928156072443182,-2.0872462879510074e-05
8,-0.0008467327464710548,-6.118958646599931e-05,-6.081096150656927e-05,-7.862529971383119e-05,-6.987831809302216e-05,-0.00018020245161922928,-6.162849339571441e-05,-9.422681548377265e-05,-3.636425191704627e-05,-4.5375390486276355e-05,-0.00041122870011761316,2.492557872402658e-07,-4.922666332936778e-05,-0.0001271529631181103,-4.1395425796495135e-05,-0.0007436925714666091,-0.00010965629057449877,-0.00010789524425159915,-0.00010477378964421831,-0.0009471936659379427,-0.0004382566972212216,-2.8981403871012092e-05,-6.523728370666504e-05,-6.046078421850674e-05,2.5941566987489343e-05,-4.488771611992372e-05,-0.0017667792060158292,-0.0003272565928372174,-0.000326625325463013,-0.0001155950806357428,-0.00027739094697273674,3.430518237028136e-05,-9.74454663016352e-05,-9.716640819201804e-05,-0.00026863271539860254,-0.00025608322837133735,-0.0004234151406721345,-0.00038860738277433655,-0.00029092485254458215,-0.0008247548883611392,-0.00012185356833716676,-2.07837332378703e-05,-7.346543398769112e-05,-0.00037406114014711735,-0.0002205100926485747,-9.258226914838629e-05,-0.0001707862723957181,-0.00010068850083783715,-7.80387358231853e-05,-3.555687991056285e-05,-0.0002510561184449433,-0.00020850788463242355,-5.956129594282046e-05,-9.370933879503515e-05,-0.00026451457630502614,-0.00012738054448907345,-0.0004553794860839736,-8.60149210149458e-05,-0.0001640103080055851,-0.00027010657570576306,-3.408234227787364e-05,-0.00021648406982420173,-1.48618763143366e-05,-1.143325458873402e-05
9,-2.0531090823078872e-05,-0.000116359103809687,-0.0009753920815207877,-0.0008259686556729273,-0.00017296184193002842,-0.00011507760394701383,-0.0005454123020172181,-0.00014591217041016931,0.0002211657437411318,-0.0010462674227627892,-1.0058961131347739e-05,-0.00015993551774457087,-0.00041957335038617473,-0.0009367465972900303,-0.0005744695663452092,-0.0005110028115185716,-0.00022671981291335003,-0.00029405680569735264,-0.00019452246752652878,-0.0002970587123523931,-0.00010969422080298821,-0.0005442242730747258,-0.0005972873080860417,-0.0009280443191528059,2.5619160045277846e-05,-0.0001947012814608544,-2.3630532351407137e-05,-8.648904887112022e-05,-0.0015759901566938727,-0.0005056587132540526,-7.445161992851207e-05,0.0006113702600652566,-5.4255942814052105e-06,-0.0003282048485495614,-0.0006874474612149326,-1.576678319410844e-05,-2.5132840329944822e-05,-0.00012136318466879139,-0.0003822066567160804,-0.00040128014304420935,-0.0001050342213023787,-0.001812154596502133,-1.5363097190856934e-05,-3.3350153402835605e-05,-3.651055422694979e-05,-0.0002482547001405065,-0.00016622109846632286,-0.0014546134255149239,-0.00019680911844425315,-2.0526349544525146e-05,6.009231914174782e-05,-8.557059548117444e-05,-0.00032047791914505597,-6.260655143042848e-05,-0.00010633333162826391,-7.416443391277696e-05,-0.00010417808185922764,-3.147667104548243e-05,-6.852095777336837e-05,-0.0004339434883811194,-0.00013666261326181155,-0.0026571967385032,-0.00031567703593858587,-0.00019849972291425177
10,0.00017322193492546364,-0.0004671486941250757,-6.788427179507443e-05,-0.00012085654518821364,-0.0007546164772727273,-0.0007401379671963728,-0.000665426254272446,-0.001645521684126409,-0.0006335865367542489,-0.0006809397177262819,-0.0020946155894886183,0.00036645680665968824,0.01061664928089488,-0.000330291011116718,-0.00029405680569735183,-0.0004505677656693926,1.9506974653821373e-07,-0.00011164491826836805,-1.6039068048627307e-05,0.0005467154762961818,0.0002510330893776818,-0.00016428123820911528,-5.379590121180995e-05,0.001447070728648809,-0.0028880726207386274,7.373636419125369e-05,-0.0003470643000169211,-3.174082799389381e-05,-0.000828049399636012,-0.000175107609141939,-0.0002581097862937103,-1.664595170453631e-05,-0.004374677484685718,-0.0022522319446910454,0.01658387617631392,3.5051595080976866e-05,0.0007304278287020546,-0.00022762471979312644,0.005376642400568191,-8.158250288528465e-05,-5.029548298229154e-05,-4.7216107222156125e-05,-0.0003559806130149222,-0.0003256391395222074,-0.0003451650792902098,-8.701194416392933e-05,-0.00017344409769231054,-7.780785249037892e-05,-0.022947311401367188,0.0010356469587846273,0.0021488883278586637,0.011217984286221581,-0.00017300519076259658,-0.0017769228328357986,0.0005205111070112681,0.060807661576704544,-0.0005116245963356822,-5.6245110251666325e-05,-0.0003700689835981895,-0.00026858936656603633,-0.000185007398778746,-0.00019212202592329774,-0.001357056877829797,-0.0005476691506125643
11,-0.0025301196358420604,3.616376356645973e-05,0.003777807409113125,-0.0002290389754555374,-0.0065924254330721665,-0.000533951954408126,-0.001498135653409091,-0.00029686364260585294,-0.0001076812093908091,-4.849650643087805e-05,-8.086724714798395e-05,-2.9198148033834818e-05,-6.340207024053127e-05,-0.00010076436129482655,-0.007320880889892573,-0.00043145093050869516,-2.7938322587471444e-05,1.1162324385219196e-05,-3.964386203077408e-06,8.717450228603381e-05,-1.4053149656822783e-05,5.8119947260081454e-05,1.7995184118073336e-05,-0.0001630349592729094,-2.0272352478720923e-06,-0.00014479051936755455,-0.00019787116484208312,-0.00014064122330058107,-8.924982764503946e-05,-0.0001701008189808,-8.216229352083164e-05,-2.543492750687749e-05,-1.3193623586134477e-05,-3.760409626093662e-05,-9.46779142726469e-05,-9.522383863274337e-05,-0.00012181834741070858,-0.00016497481953013345,-6.498531861737589e-05,-0.00022534416480497882,1.2289394031876562e-05,0.00032260878519579835,-2.310357310554601e-05,-3.327022899280895e-06,-0.0059954903342507,-8.440830490805887e-06,1.0353597727682341e-05,6.880780512636361e-07,-0.0035161972045898455,-3.158775242891383e-05,-4.4107437133776276e-05,-0.00017419931563465217,-0.0006326328624378443,-0.004888144406405345,-5.7727098464957865e-05,-0.0001513741233132,-0.0002712499011646623,-0.00017511573704804734,-0.0006876804611899545,-0.00011276656931096118,-2.007050947707814e-05,-0.0007308274507522537,-1.1954795230513858e-05,-0.0006318850950761195
12,-0.0021709095348011274,-0.0001677504994652278,-0.0008379329334605727,-0.0004227784546938528,-0.0028329329057173182,-0.00044175711545075565,-9.775161743164205e-05,-0.00011079419742929002,-0.00041473453695123845,-0.0011185407638549666,-0.00017162412405013583,-0.00037204406478186323,-0.0001269548454067867,-0.0006932778791947804,-0.00032888217405838604,-0.0007334459911693198,-0.0004623356190594572,-0.0009807564995505558,-0.0001768523996526272,-0.00012141466140744712,-0.0004956939003684091,-0.0002200278368863039,-0.00035400824113323426,-0.0002259232781150056,-0.0010755712335759908,-0.0002188249067826727,-0.0022874311967329636,9.814175692473637e-05,-3.254955465142183e-05,-0.0005328871987082818,-0.00015109235590153735,-0.0004056150263005821,-5.3692947734470065e-05,-0.0001423575661399139,-8.14524563875963e-05,0.00022233616222034575,-0.00047727064652874543,-9.953975677490291e-05,-3.309276970948676e-05,-0.0001126419414173223,-2.4188648570656534e-05,-0.0017251101407137635,-0.00048211487856777237,-0.0007175965742631363,-0.000143701379949394,-0.00021884658119893026,0.0011320981112393454,-0.00020156936212018407,0.005892580205743963,6.391785361549246e-05,-1.2194568460637873e-05,-6.779486482791078e-05,-0.00037041306495665674,0.00010793859308413806,-5.010041323573629e-05,-7.348981770603048e-05,0.2874422940340909,-7.966702634636528e-05,-0.00019337914206763606,0.0011568394574252043,-0.0011298222975297363,0.0008035627278414548,-0.04122647372159091,-0.022474982521750717
13,-7.64565034345863e-05,0.00032685019753195455,-0.0010028860785744247,-0.0005916465412486616,-0.00041885538534682117,-0.00025893341411243215,-0.0009310895746404452,-0.00010551105846056705,-0.00042435255917636343,-0.0008373910730535373,-0.0017514120448719416,-0.0007706121964888104,-0.0003521063111044996,-0.0010538101196289136,-0.000279081138697521,-0.0018152106891978984,-0.0013643611561168262,-0.0026390769264914727,-0.0014321153814142492,-0.0028145530007102275,-0.0024993202903053906,-0.0011919195001775546,-0.0004548159512606545,-0.0011682510375976636,-0.0009415799921209003,-0.0007103573192249667,-0.00012269887057217286,-0.0003990693525834537,-0.00012358752163973378,-0.00011740489439530125,-5.0437721339126856e-05,-6.274743513626349e-05,-0.00105610760775481,-0.0006062767722389784,-0.00017508593472568098,-0.0006706877188248784,-0.00019097395918582486,-0.001547737555070356,-0.0008385614915327504,-0.0006796663457697183,-0.00017558986490421666,-0.00019549781625918347,-0.00022983551025389088,-0.00023763830011541362,-0.001666600053960629,-0.00023302571340038736,-0.0001918836073441666,-0.0002077899195931129,-3.678148443049503e-05,-0.00012831254438920171,-0.0004756179722872369,-0.0002698681571267084,-0.0005810314958745624,-0.0007292709567330243,-6.710941141302276e-05,-0.000237676230343894,-0.0006583387201482472,-0.000459551811218266,-0.00021799856966189912,-0.0004247995940121681,-0.000969626686789767,-0.0007444403388283424,-0.00021462819793005092,-8.036331696942696e-05
14,-0.0009740482677112909,-0.009723316539417609,-0.0008701844648881348,-0.0005583979866721373,-0.0016940723765980182,-0.0007703304290771445,-0.001724936745383527,-0.0010643005371093897,0.002062821930105021,-0.0026545524597167865,-0.026567459106445316,-0.001696153120561091,0.00025471774014559147,0.00016446547074750001,-0.0007071928544478107,0.025419061834161927,0.005536512895063918,0.37340198863636365,0.017750133167613636,0.12460049715909091,0.04137073863636364,1.80078125,0.0005737651478160364,0.000605496493252846,-0.0025774782354181527,0.00010858882557264007,-0.000199773094870824,-1.3008036396706556e-05,-0.0006004680286754272,-0.0026276545091108816,-0.0003045472231778004,0.008762706409801136,-0.0004032741893421474,0.011122616854580974,-0.0010362971912730927,-0.0006067969582297471,0.0009314797141335072,-0.0009176080877130546,-0.005305897105823864,-0.0017396428368308197,0.0015234513716264365,0.0011897954073819246,0.0009725744074041182,-0.003791939128528937,-0.0019999634135853274,0.030101429332386364,0.004468397660688918,0.0089111328125,-1.1964277787649428e-05,-0.00045633316040038266,-0.0013283166018399138,-6.396120244805185e-05,-0.00036916949532248987,-0.0003602179613980414,-0.00015653263438830824,-0.00048574534329499014,8.947199041193695e-05,0.00011969967321916854,-0.0003083402460271628,-4.679506475276179e-05,-0.0005297877571799464,-6.797096946025227e-05,-0.0009121894836425817,-0.00017011572014200748
15,-0.0002302256497469554,-6.686286492780467e-05,0.0002673755992542818,-1.5824694525111806e-05,-0.00026735392483798,-0.00025192174044521464,-0.0004601912064985909,-0.0003065737811001614,4.7813762317998024e-05,0.0006017251448197657,-2.8783624822454537e-05,-3.159994428809345e-05,0.0021958784623579545,0.01163343949751421,4.833394830876677e-05,-0.00030378861860794545,0.037786310369318184,0.0003594701940362757,0.056929154829545456,0.2243985262784091,0.34184126420454547,-0.04737437855113636,0.009343927556818182,-0.013847004283558246,-0.002543297680941488,-0.000782533125443909,-0.0007781982421875091,-0.0002115206284956558,-0.003033377907492892,-0.00021492486650291477,-0.000751148570667591,-0.00042843818664548906,-0.00021960518576878178,-5.589019168506003e-05,-0.00032130154696376586,-0.0008015307513150279,-0.00039057298140089404,-0.003258791836825291,-0.0003334392200816818,-0.0004926703192970907,-0.004412564364346591,0.006134033203125,-0.0020046234130859275,-0.003041267395019537,-0.00046777725219724893,-0.005037394436922935,-0.0014937682585282844,-0.0031965429132635,0.0011549862948331,-0.0005840713327581303,0.002145116979425604,-0.0013111287897283274,-0.0014390078457919091,-0.003456722606312136,0.004652543501420455,-0.0013813972473144395,-0.0007137385281649496,-0.00024981932206586446,-0.0013265934857455074,-0.0009270581332119801,2.7851624922329706e-05,0.0016896507956764908,-0.00029458782889627634,-0.0004960244352167365
16,-0.0012911883267489397,-0.00035861405459316267,-0.0003108111294833131,-0.0012017271735451371,-0.0001988681879910442,-0.0020524805242364908,-0.004108212210915298,-0.00026396187868983785,-0.00018861077048560882,-0.0003162297335537727,-0.00018359856172040325,-0.0021776286038485532,-0.0007871714505282363,-0.00284327160228383,-0.0006752664392644606,-0.0035881129178133866,-0.000341141765767884,-0.002431110902266051,-0.004343921487981609,0.00010328943079165816,-0.00037368861111728905,-0.00031097368760542576,-0.0006234970959750157,-0.0002984350377863081,-0.0004302588376131672,0.0005500099875710182,-0.0027373920787464364,-0.008045196533203127,-0.0035265142267400366,-0.0008169087496670628,-0.0027084350585937457,-0.004754239862615409,-0.0007258328524502908,2.6659532026901856e-06,-0.0005792054263028221,0.0025704123757102366,-0.0012281157753684434,0.011380629106001428,0.002374475652521309,0.0003803643313320933,-0.00042117725719103633,-0.000957922501997512,-0.0019811716946688453,-0.005957863547585208,-0.0007664940573952544,-0.001245647668838497,0.17061649669300427,0.13625266335227273,-0.0003424503586508943,-0.0005433342673561909,-0.0001190142198042348,-0.00045476718382400134,-0.0006262822584672235,-9.506398981267019e-05,-0.00014429742639712805,-7.85914334383818e-05,-0.0013825676657936727,0.0010049993341619274,-0.0004713887518102427,-0.0012079152193936417,-0.00032940777865322473,-0.0006315274672074592,0.001726052977822048,-0.0003527402877807583
17,-0.0006146810271523205,-6.876344030553076e-05,-0.0010781721635298273,-0.0005821964957497269,-0.00033896077762950606,-0.0010863867673007038,-0.0005388259887695358,-0.0022555481303821877,7.80495730313348e-05,0.00034453652121803634,0.027750882235440335,0.007477413524280882,-0.036848024888472115,-0.0005245208740234454,0.002015200528231527,-0.0011745366183194001,0.00022768974304200528,-0.0004565905440937258,0.020840731534090908,0.00025043162432583784,-0.003195849331942464,0.00020946155894886363,-0.00024001977660438264,-0.002157807350158697,0.016139637340198864,0.003610665147954752,0.0032541751861572222,0.09528142755681818,0.0055999213998967935,0.009756521745161563,0.014944249933416191,0.0027968666770241454,-0.002099633216857901,-0.0005232637578790803,-0.00019338997927578102,-9.544871070167894e-05,-0.0005413185466419339,-0.0007957545193758769,-0.0007801055908203091,-0.0008080059831792587,-0.00019379095597700808,-9.945305910976995e-05,-0.0010616996071555545,-0.00037957321513782104,-0.0006910454143177203,-0.0006497393954883831,-1.2246045199330297e-06,-0.00014762444929643565,0.01531982421875,-0.00026602094823664736,0.00019004128196022728,-0.0003562407060103091,-8.63075256347713e-05,-0.0010126287286931818,-0.0014908530495383364,0.0018462701277299454,0.06668368252840909,0.01303135265003551,0.015241276134144171,-0.05560413273898038,0.017171859741210927,2.386452414772727,-0.11295387961647728,0.001344095576893195
18,-0.003532409667968736,-0.0018489144065163274,0.004402073946866119,-0.001219294287941668,0.020416259765625,-0.017405423251065345,7.21324573863548e-05,0.010725541548295454,0.0038257945667613635,0.008554978804154819,0.02282159978693182,-0.0001762346787886382,0.004940726540305391,0.009944915771484373,0.002295754172585218,-0.0002344955097545411,0.0025672912597656094,7.564371282402727e-05,-0.0006042827259410546,0.0036940141157670455,-0.0015487670898437457,-0.001068895513361154,-0.0005611723119562402,-0.0008595640009099855,0.00041360204870050376,-0.0016502033580433268,-0.001832441850142035,-0.0002823742953214,-0.0006363608620383636,-0.005970001220703128,-0.00015709616921164552,-0.0003263733603737546,-0.0006485418839888082,-0.0015734759244051767,-0.0006729689511385711,0.00018766793337736287,-0.00012774900956585708,-0.0003621361472389818,-0.0001719323071566333,-0.0007813627069646633,0.0005227002230557454,0.022510181773792617,-0.00044124776666815997,0.16114390980113635,0.004934852773492989,0.220947265625,-0.00018245523626153265,0.004580411044034091,0.050856156782670456,0.022472728382457383,0.013763514432040137,0.0025943409312855093,-0.0004820390181107999,-0.005477905273437509,-4.365769299594974e-05,-0.002727855335582391,-0.0011236017400568091,-0.0014281706376509183,0.0028922341086647725,0.04998779296875,-0.002539374611594465,-0.0007220831784335049,-0.00038090619173919096,0.00044675306840378186
19,0.07509821111505682,0.0005470622669566635,0.0025190873579545455,-8.513710715554545e-05,0.9539240056818182,-0.00031748684969814546,0.00967684659090909,0.0003098574551668818,0.00021867318586868653,0.00017677653919564545,-0.0011444958773526271,0.0003463571721857216,-4.6730041503899704e-05,-0.00036863847212358184,-0.0007667189294641657,-0.00026252053000710914,-0.0005346428264271121,-0.006989392367276281,-0.0004220442338423455,0.00016749988902698182,-6.542964415116147e-05,-0.0026897083629261365,-0.0006135593761097273,-0.0005312616174871336,-0.0012149377302690077,-0.0006067265163768379,-0.0015556595542214064,-0.002590786327015257,-0.0021109147505326636,-0.0003974220969460273,-0.0008915987881747182,-0.001338178461248209,-0.0006294683976606673,-0.0027560320767489248,0.017091230912642044,0.0030192461880770485,-0.006462530656294382,0.009033203125,0.03229175914417614,0.05746182528409091,-0.00018713691017844148,-0.0004791346463290139,-0.0014434294267134274,-0.003296765414151273,-0.0007951909845525546,-0.00046805901960892885,-0.0027668692848899184,-0.0004350380464033585,-0.00012384761463512782,-2.3191625421620713e-06,-0.0008113167502663182,-0.0005619309165260928,0.0010781721635298247,-0.0010295347733931175,-0.0008211677724664992,-0.00027450648221102625,-0.0009311112490567323,-0.0002786896445534414,-0.0011744824322787307,-0.0009278817610307265,-0.0007750988006591819,-0.00027781183069402294,-9.031729264692259e-05,-0.0016988299109718904
20,0.00028835643421520007,0.004868594082919027,-0.0014142123135653455,-4.5342878861878144e-05,-2.8350136496809062e-05,-1.7252835360463627e-05,0.0005146373401988636,-0.0002748315984552818,0.0002583156932483991,-0.0004377690228548917,-0.0007335489446466636,-0.0011935775930231223,-0.0073612386530096,0.0034153678200461654,-0.004974365234375,-0.0007844404740767092,-0.0006739009510387272,-0.0011168393221768727,-0.001736727627840924,-0.00027589364485306947,-0.0006051713770086149,-0.0002975463867187544,-0.001225081357088973,-0.0005638409744609765,-0.00028767369010230517,-0.0006199804219332596,-0.00023695826530455578,-0.0005439086393876373,-0.00031014464118262516,-0.0005216286941007966,-0.0014975721185857412,-0.00014420801942997578,-0.0010066167874769856,-0.0001813498410311535,-0.0009958093816584022,-0.0007438009435480313,-0.0009983940558000168,-0.0022001158107410757,-0.023204803466796885,-0.009916478937322446,-0.00037745995955034415,-0.0003619844263250155,-0.0006132450970736348,-0.0010122819380326818,-0.00020821528001264695,2.5169415907483137e-06,-4.200501875442301e-05,-0.0009360746903853182,-0.003934741020202642,-0.002435164018110773,-0.002102851867675794,0.00033846768465909093,-0.004461115056818182,-0.001053376631303287,-0.00014649737964976008,0.0006424296985973,0.001464150168678973,0.00037453391335227275,0.002640117298473,-0.002439693971113725,0.006691672585227264,0.011343522505326699,-0.008389386263760646,-0.007476633245294737
21,-0.0003561973571777321,-0.00014735351909289467,-0.0004601912064985727,-0.0004943880167874354,-0.0006874691356312315,-0.0004132010719992937,-0.0006430907682939066,-9.684129194779687e-05,-0.0002435987645929487,2.1674416281948866e-05,-7.347627119584856e-05,9.812922640281426e-06,0.00014410777525467736,5.570324984446155e-06,4.644759676673707e-05,0.00048130208795720653,-0.0017999302257191091,0.026360251686789772,0.0020791834050958636,-0.011453455144708817,-0.0007273934104225909,0.0018941705877130637,-0.00015825575048273026,0.0032696290449662547,-0.007808338512073864,0.004744443026455962,0.022016915408047764,-0.0007583444768732273,0.0007945841008966631,0.011595639315518463,-0.04387621446089311,0.009239890358664772,-0.00765739787708629,0.05416037819602273,0.016383084383877845,0.025328202681107956,-0.03398617831143466,-0.0005954395640980272,0.026497580788352272,0.07658247514204546,-0.007351268421519891,-0.0010626532814719547,-0.0010376410050825572,-0.0006494738838889422,-0.0007967515425248636,-0.0007801055908203181,-0.0023397965864701727,-0.0005828684026544819,0.009812788529829546,-0.0009753487326882273,0.08311323686079546,-0.0032979791814630637,-0.0011512149464000315,0.0009084181352095092,-0.0013774525035511363,-6.788427179508691e-05,-0.000537438826127509,-0.010441173206676136,-0.002523032101717865,0.0012856396761807528,-0.027205033735795456,-0.08867575905539772,-0.002573576840487407,0.01308579878373579
22,-7.0550224997774845e-06,-4.915757612748353e-05,1.5237114646237363e-05,-6.924976002085753e-05,-2.5965950705774714e-05,1.5752220695652523e-05,-1.5518882057881535e-05,-0.00033365596424450914,-0.002732883800159801,0.0035667419433593637,-0.000701210715554,0.0008572665127840909,-0.0015945434570312543,0.007712624289772727,0.09526270086115057,-0.0007393035021695383,7.341124794701747e-05,1.6201626170745954e-05,1.9347125833684746e-05,3.1146136197177705e-05,-1.259825446388199e-05,5.026838996191807e-05,6.681138818906286e-06,1.9691207192163422e-05,-0.0004679939963601091,-0.0016795505176891072,0.0001858147707852388,-0.0006594224409623636,0.00013004649769175454,-0.0007234269922429989,-0.00020980834960939094,-0.0012132471257990092,-0.001043883236971748,0.0002546310424804545,0.004338697953657663,2.769990400833892e-05,-0.002098495310003094,0.00046697529879481827,0.0006878592751242818,0.00032511624422936364,3.879720514469176e-06,3.240867094560557e-05,1.261315562508323e-05,-8.270957253195057e-05,8.548389781604431e-05,1.1552463878284235e-05,3.400715914638253e-05,0.00012402100996536364,0.0002261075106534091,0.007558649236505682,0.01485928622159091,-0.0014788020740855818,0.0037730823863636365,-0.0010339563543146546,0.00973788174715909,0.008428400213068182,7.275559685447055e-05,-2.4703415957372123e-05,9.645115245456958e-06,4.772706465286563e-05,8.674101396039063e-05,2.2021206942472735e-05,-0.00043686953457919997,0.00010906566273081818
23,-0.00010523470965299024,1.6136602921925354e-05,-0.00013401291587135782,-0.0004243850708007821,2.313743938111762e-06,-0.0005712509155273364,-2.7244741266421737e-05,-1.140074296430284e-05,0.012761809609153053,0.036790327592329544,0.012057737870649853,0.001620205965909091,0.028440995649857956,-0.017933238636363636,0.027379122647372165,0.1043701171875,-0.005343697287819609,0.003175735473632807,3.76701354980287e-05,-0.0021664012562144907,0.0009158741344105092,4.675171592018366e-05,0.012739008123224427,0.005811517888849437,-1.6819347034803122e-05,-2.2758137096045736e-05,1.5117905356659304e-05,1.0815533724698154e-05,-2.0547346635309098e-05,-0.00023977323011919975,-0.0004012151197953766,-4.9190087751924645e-05,-0.0004920959472656272,0.0007657137784090909,4.222176291725458e-05,0.00035858154296874545,-0.00016923384232954547,-0.003527554598721591,0.019839200106534092,0.008432561700994318,-0.030652132901278408,0.1463623046875,0.014404296875,-0.004599831321022727,0.004250266335227273,-0.03971169211647727,-0.008594859730113636,0.03783069957386364,-0.008601795543323864,-0.00044618953358045455,-0.003320867365056818,-0.0005825866352428254,-0.0010623931884765727,-0.007171110673384235,-0.009450478987260296,-0.0014703924005681909,-2.2703951055367255e-05,-7.866729389538004e-05,-0.0004426782781427727,-0.00029078396883879085,-5.299394780938452e-05,-3.496083346279986e-05,-7.579543373799787e-05,4.920092495998153e-06
24,-0.0008483691649003314,-0.0009193420410156182,-0.0046445673162287,0.010610060258345162,-0.0022929364984685535,0.006444757634943182,-0.00017512928355821475,0.0009532408280805944,-6.259232759475793e-05,-0.00019154765389183087,-7.897344502535107e-05,-0.0006086609580300128,-0.00011211091821844322,-0.00028894164345481577,-0.0012126835909756792,-9.096481583334616e-05,-0.00023427876559171492,-0.00023198805072092377,-7.383931766857594e-05,-9.299408305774808e-05,-0.0003791830756447668,-0.0008464943278919681,-0.004506197842684663,-0.00016282905231823584,-0.00031967596574264504,-0.00017070770263672726,-6.669243289665855e-05,-0.00011649998751553366,3.5724856636741514e-05,-0.001002398404208101,-0.002839175137606536,-0.0006564760749990461,6.953152743251702e-05,0.0014449032870206093,-0.0003727132623846,-0.0013656616210937454,0.0005588964982466,-0.00019782239740543877,-0.0005014592950994378,-3.251162442214395e-07,-0.0004213777455416468,0.002428921786221582,0.00047857111150567504,8.721785111860906e-05,-0.0011768341064453181,0.00028540871360082726,0.0009371584111993952,-0.0004900152033025727,0.000617005608298555,0.0007557435469193901,0.0021360570734197445,-0.00024218992753460595,6.664341146295464e-05,0.00012176687067205707,0.00018192963166669,-0.0003582347523082363,2.023306759920817e-05,-0.00019845095547762725,-0.00011887875470248704,6.816603920684448e-06,-3.312121738087445e-05,-1.7052347009827664e-05,-2.0394271070289898e-06,-0.00017929077148438183
25,-1.5280463478855834e-06,-1.5459277413123467e-05,-5.2744692022161575e-05,6.592747840013348e-05,-8.387999101125983e-06,-1.6396695917283595e-05,-1.5228986740109464e-05,5.93228773637115e-05,0.0055632157759233,0.0013675689697265727,3.8997693495310405e-05,0.014140735973011364,-0.0007531968030062657,0.0003164464777166273,-0.010054154829545454,0.005765047940340909,-8.41509212146424e-06,1.0652975602591408e-05,-6.610696965912642e-07,1.141936941580339e-05,1.4521858908913352e-05,4.020604220309872e-06,6.274743513627429e-05,-4.057450727983154e-05,-1.2224370783045438e-05,0.00012079152193935982,0.00010813366283069502,8.189678192138729e-05,0.0014683116566051,1.571395180427056e-06,0.0003073432228782,0.00012293728915127271,0.0026116804643110726,0.004125768488103682,0.0023619044910777364,0.0014621561223810092,0.0011860240589488546,-0.005977283824573864,0.008494984019886364,-0.00037557428533380004,0.00011048533699727523,2.7579340067757735e-05,-1.1513856324283131e-05,-0.00020077011801979103,-2.0287253639927276e-05,-0.00015902519226075983,-0.0001685429703105648,-3.805079243400448e-05,-3.336234526199421e-05,1.9230625846151627e-05,2.2361901673413314e-05,-5.525079640476609e-05,1.8900090997869625e-05,-2.87186015735973e-07,-1.3928521763194691e-05,6.315924904564859e-05,-0.0022432153875177638,-0.028730912642045456,-0.007032914595170455,-0.0006779757412997182,-0.020465504039417617,-0.003070657903497873,-0.012093110518022022,-0.0004504810680042727
26,-1.118399880150255e-05,-5.121732299978763e-05,-0.00010534850033846144,0.0001726285977796737,-0.00011066956953570142,0.0002686760642311699,0.0001326528462496591,-7.89815729314636e-05,4.345720464537002e-06,-0.00019030137495561648,-4.291534423828697e-05,-5.3134831515237426e-05,-3.2405961643553286e-05,-9.068575772372558e-05,-9.63644547896091e-05,-1.9333579323509096e-05,-3.386085683648157e-05,3.0203299088906462e-05,9.708377447994932e-05,1.7252835360433516e-05,1.5204603021805335e-05,6.1424957080320875e-06,-8.118152618407237e-05,7.876482876864062e-05,-0.12935430353338068,-0.0040897022594105084,2.7223066850145455e-05,0.033208673650568184,0.024247602982954544,0.0018359097567471547,-0.011750654740767046,0.0054215517911044,0.0002491690895773909,-0.0036534396084872273,0.000786694613370009,0.0008610812100497182,0.002534692937677564,-0.0002965060147372182,-0.0011731169440529368,0.00798312100497159,0.0011152787642045455,4.363872788168031e-05,2.855062484740529e-05,2.2573904557656462e-05,4.612315784801307e-05,0.0023437846790660363,0.0001295696605335628,6.654045798565767e-06,7.083199240944545e-05,-0.00015224651856856708,-0.0003729733553799909,-9.964812885630874e-05,0.00015510212291367415,-4.1268088600839785e-05,-0.00016151775013318467,-4.08779491077747e-05,8.285316553983503e-05,0.00012057477777653964,2.7071345936161504e-05,-0.00023651123046875626,0.0001990578391335043,8.37065956809145e-05,0.00043973055752839096,2.75265086780639e-05
27,-1.8206509676855396e-05,-0.0002897002480246622,5.2259726957832265e-05,-3.588741475883575e-05,-0.00011539730158718637,-0.00011411580172450979,4.7640366987744885e-05,-0.0003138021989302213,-0.0018118728290904681,0.0010228590531782635,-0.000646667046980429,-0.0004038485613736364,0.00033989819613368177,0.008860848166725855,0.0032763047651811093,0.0005210529674183136,0.020229859785600136,0.016293612393465908,0.03804709694602273,-0.0018241188742897819,0.0019045743075283908,0.2281161221590909,0.19664972478693182,0.006460189819335945,-0.0006817904385653454,-0.00035556338050148935,9.012222290038495e-05,-9.969147768888854e-05,0.002252752130681818,-0.0009175864132967873,-0.0002566250887784364,-0.002917203036221609,-0.010261535644531255,0.003542813387784091,0.04451612992720171,-0.025230581110174,0.022037852894176136,-0.006717161698774854,0.9293323863636364,-0.0038500699129971547,0.010770624334161927,-3.658641468394489e-05,0.0007983121004971637,0.0033102035522461003,-0.028201710094105107,-1.0230324485081757e-05,1.3394789262259365e-05,-9.569254788500796e-06,0.003806721080433237,0.009949424050071027,0.05253184925426136,0.000680403275923291,0.005245728926225136,0.02245538884943182,0.006844607266512792,0.006107677112926136,2.8263438831681822e-05,-0.0002873160622336727,0.002352627840909091,-0.0003586086359891093,-2.2974881259093894e-06,-0.0002301823009144364,-0.0012054443359375182,3.437562422318606e-05
28,0.0019832957874644907,0.02561395818536932,-0.014942515980113636,0.008396495472301136,0.0015068054199218637,-0.035042155872691765,0.012070222334428272,-0.007007252086292609,0.011509288441051136,0.004164262251420455,0.005701238458806818,0.026996959339488636,0.0076857480135830904,0.0002443140203302364,0.003507093949751418,-1.8813393332757394e-05,-0.000509272922169083,-0.0003713260997425363,0.008408979936079546,0.0003654306585138455,0.0007441694086248036,0.0011682076887650843,0.006939974698153409,0.005899602716619282,0.0010504289106889114,6.31592490456395e-05,0.00021828304637560382,0.0002951676195317753,3.9404088800595455e-05,-7.841803810812528e-05,9.558417580342471e-05,0.00010744211348617939,3.7935647097496337e-05,-2.4811788038765444e-05,-5.910613320090497e-05,-0.00019897114146840908,2.795999700368896e-06,-1.9615346735174017e-06,2.8192996978763177e-05,-0.00010996515100652237,0.03196404196999289,0.0015355890447443182,0.0030108365145596547,0.03257335316051136,-0.0006609829989346635,0.06764151833274147,-0.005975896661931818,0.008287256414240054,-4.5429576526987786e-05,2.14359977028456e-05,-5.4012645374654546e-05,3.1297857111138346e-05,2.0861625671386658e-07,-3.7236647172418175e-05,5.101886662569487e-05,6.914138793942785e-05,5.5399808016681826e-05,0.001462416215376409,2.0953741940579938e-05,0.00016612898219713304,-9.519403631038182e-05,0.0001517209139737,8.526715365321334e-05,-0.00015965375033291844
29,4.844232039023793e-06,0.000709230249578298,0.0006595199758356333,3.747777505352715e-05,0.0003325966271486763,0.00041939995505589997,0.005798773332075637,8.818236264313474e-05,-0.005201859907670455,0.027213356711647728,0.010468222878196017,0.0022929798473011365,0.006220037286931818,0.0223388671875,0.0003662109375000011,0.010982166637073864,3.9444558999759707e-05,2.9325485229484222e-05,0.00011838566173205455,4.911422729490425e-05,9.656494314019137e-05,0.0006344372575933067,0.00013032826510339874,9.196454828435725e-05,-0.006093892184170818,0.0052012367682023435,-0.003863247958096591,-0.023644620721990417,0.0038042935458096547,0.0028277310458096547,0.020610462535511364,0.003555991432883518,0.00032687187194823704,0.00010997598821464518,0.00022528388283467757,-0.0007980628447099143,0.00016331672668453624,0.00046935948458583053,0.0012284192171963637,0.0013009851629083636,-0.0004167123274369884,8.014115420253317e-05,1.603906804852007e-06,-0.00020599365234375566,-4.681673916909111e-06,-0.00031111457131125826,0.001938473094593391,-1.2571161443548218e-06,0.01153117960149591,-0.0004484653472900322,0.00017884644595058457,-0.005629106001420445,-0.00010902231389827245,-0.005565296519886364,-0.0007003437389027091,-0.026272860440340908,0.059503728693181816,-0.005914341319691054,-0.0017333464189009217,-0.00292647968639028,0.002978758378462354,0.002608559348366482,0.0022059353915127814,0.0010545687241987562
30,-0.00020226565274325458,7.369301535865436e-05,-4.564632068983495e-05,0.00043064897710626266,-0.0002458312294700017,0.0010781721635298456,0.0008069385181773838,0.0001463023099032247,-0.0002482587640935588,-0.00014041770588267053,-2.3017552765930112e-05,-1.5085393732239771e-05,0.0014257431030273453,-0.0004764036698774909,3.92848795110495e-05,2.0037997852666833e-05,7.2097236459885e-05,9.740482677110426e-05,0.00010977549986404328,0.00012830170718104996,3.177469426933438e-05,5.8255412361830646e-05,0.00011410496451635236,1.8119812011699993e-05,0.019153941761363636,0.0004484436728737651,0.025493275035511364,-0.0019965822046453313,-0.0003930872136896453,-0.0004705949263139272,-0.01466647061434659,0.0019120303067294,0.0004869374361904858,0.6748046875,0.0007259520617397962,0.05077015269886364,0.0003254630348898818,-3.879720514470169e-05,0.0003252679651433527,0.04641411521218039,-0.0009841918945312637,0.00024405392733485454,0.0019669966264204545,0.00022064555775037274,0.0002135363492098727,0.000772909684614691,0.0005893707275390364,0.07289817116477272,0.03411587801846591,0.04297152432528409,-1.5258789062490872e-05,0.0002740079706365355,0.41246448863636365,-0.008498451926491483,-0.01145029067993164,0.020599365234375,0.00020295923406425965,-0.0006383549083362909,0.001394792036576709,0.00018956444480202697,0.0004480535333806636,0.00048550692471589996,-0.0010498653758655963,0.0011851570822975818
31,0.009486826983365153,-0.0006512728604403453,-0.0004532553932883546,0.0006880326704545455,-0.00043678283691407275,1.6873533075508322e-05,-0.0004752766002308216,0.0005264282226562454,-0.0005878101695667626,-0.0006139495156027878,-8.56356187300044e-05,-0.0003461512652310512,-0.0008138743313876043,0.012650923295454546,-0.00010724501176315454,-0.00011030110445889051,0.01176730069247159,0.005326704545454545,0.007091869007457382,0.0008936795321377544,-0.0003695704720236925,0.03498146750710227,0.0012318004261363546,-0.0022473985498601625,-0.0005434426394375916,0.000951593572443191,0.004729531028053973,0.004029447382146654,-0.0002019188620827364,-0.00026631355285644016,-0.00010334361683239998,0.025046608664772728,0.19651655717329544,0.5751509232954546,-0.03445642644708807,-0.10123998468572443,-0.04419638893821023,-0.1402740478515625,0.16152537952769885,0.10898936878551137,-0.0011523853648792728,-0.0009855790571733,-0.014149058948863636,0.004472212357954545,0.0007319016890092272,-0.002313787286931818,-0.014260031960227272,0.00030083818869156985,0.00020170211791991336,0.016008203679865055,-0.0037605979225852275,0.01799566095525568,-0.0001215501265092391,0.002660577947443173,0.0008477947928688743,0.0023044672879305797,-0.0002573945305564195,-8.171254938284803e-06,-8.335980502043154e-05,0.0002333034168590091,-6.719069047407329e-05,-7.256594571201305e-05,-0.00011957775462759674,0.00020486658269709145
32,0.008064270019531245,-0.0004012367942116545,-0.00035285949707029087,-7.613138719029994e-06,-0.000329927964643998,0.0008085424249822272,-8.24061307039929e-05,3.1720508228652205e-05,0.00020959160544653098,5.633180791680213e-05,-0.0001612034710970718,0.00012596628882666872,-0.00019606676968663382,-2.5705857710418476e-05,-6.745078346947273e-05,-0.00011985952203924459,0.00022752718491986503,0.0001621029593727527,0.00031807205893777255,0.0006869922984730091,-0.0021083138205788272,0.0008109699596058273,0.043931440873579544,-0.001895817843350491,-0.00027161294763739197,1.0241161693226219e-06,-0.0003346963362260364,-5.5638226595781674e-05,-0.00019862435080787445,-0.00010446526787497327,-1.3687393882049363e-05,-0.0001009052450006704,0.00010605291886760979,0.000183361497792325,0.0001388463107022068,-0.00046305222944781826,-0.0004444122314453363,-9.085915305398185e-05,-5.290725014427741e-05,0.0013193650679154728,0.00010629133744671817,0.00016182119196109858,2.570585771039574e-05,-0.0008156516335227273,5.67002729936091e-05,0.001947229558771309,0.0002828077836469886,5.1650133999881675e-05,0.001649553125554856,-0.00010848045349121094,-0.00024793364784932886,0.0001205097545276909,0.0031457380814985726,0.0002552379261363545,0.00010594454678622727,0.00039954618974161817,-7.072362032802315e-05,-0.0005755316127430206,0.00017179142345080483,-0.00032485615123401814,0.00011370398781514543,-0.00010954249988902698,-0.00032268870960584545,-0.0002332709052346012
33,-0.00021725351160224542,-0.0016897374933416184,-0.00024567950855601013,-0.0015659332275390727,-0.0010341297496449001,-0.00046006116000090055,-0.0005341334776444846,-0.0004870674826882182,0.002317688681862564,0.0030628984624689274,0.0018657337535511363,0.002429095181551845,0.002657565203579982,-7.872689854015343e-05,0.004233967174183236,0.004341905767267382,1.2219460227272727,-0.007778687910600137,0.03323641690340909,0.04281893643465909,0.001846205104481081,0.06969382546164772,0.0021126487038352275,0.01094020496715198,0.0001222437078302591,-0.00038489428433504546,5.9387900612566476e-05,-1.6884370283637925e-05,-2.9997392134236396e-05,1.2733719565622065e-05,0.00021657076748934998,0.00014985691417346278,-0.012922980568625718,-0.0034606456756591784,0.0017679387872869363,0.0010799928144975181,0.0001584833318536818,0.0001597404479980537,0.0007369301535866455,-0.0005014592950994272,0.0021872086958451727,-0.001303239302201709,-0.0137603066184304,-0.05420940572565252,-0.02066603573885831,0.008475563742897737,-0.0004636591131036909,0.004093516956676136,-0.00021847811612214538,0.002160505814985791,-0.0007599050348455274,-0.00036027214743871816,0.000427787954157074,-0.0004271160472523091,0.0007697994058782382,-0.00015562230890448013,-0.0009183016690340818,0.00010216236114501839,6.771629506891993e-05,-3.743713552299449e-05,-0.00033027475530450284,-9.103796698829777e-05,-2.2888183593745162e-05,-8.990547873756476e-05
34,0.02559020302512429,0.024372447620738636,0.004891135475852273,-0.0008531050248579545,0.12893538041548294,0.003991560502485791,0.020298350941051136,0.0011545528065074362,5.0241296941583236e-05,9.62344082919176e-06,1.750209114773384e-06,0.00013389099727977347,0.00034644386985083637,7.523189891469133e-05,4.872408780183806e-05,-6.69631091031181e-05,-0.0006197555498643244,0.00028909336436878263,0.00016266649419611947,-0.00021993030201304645,-0.000585198402404779,-0.0014591217041015547,-8.583068847663628e-06,0.00031396475705232574,-0.0005200992931019,0.005699504505504254,0.008452502163973717,-4.001097245650914e-05,-0.0003005374561656747,0.0023796775124289727,-0.0011277632279829545,-0.007948615334250718,0.0031668923117897816,0.008759932084517046,0.0010625665838068182,0.0023404901677911817,7.90574333884329e-05,0.010237607088955955,-0.00022374499927868682,0.003019159490411918,-0.0019668232310901634,0.0009172612970525545,0.022915926846590908,-0.0003832903775301847,-0.012839404019442481,0.04073264382102273,-0.00011827728965067146,-0.00019580667669122302,0.0013809204101562546,6.307255138050905e-05,0.00013867291537196364,-0.0022985284978693362,-0.0005544749173250909,0.0002587925304066091,-0.0005655830556696063,0.0019144578413529817,-5.396929654206364e-05,-0.0002804235978560009,-7.776780561965453e-05,-0.00018013607371936352,-1.196156848559714e-05,0.0002582723444158227,-8.981878107243123e-05,-0.0004073923284356908
35,0.01941858638416637,0.010069847106933592,0.008028593930331136,0.0007272200150923273,0.0025362534956498545,0.007548939098011364,0.0032196044921875087,0.06035215204412287,-1.5372579747979154e-05,-1.946904442525941e-05,-0.00023822350935501406,2.8821555050946276e-05,-0.0003154928034002085,-0.0003398927775296224,-4.488771611992769e-05,-9.059906005859089e-05,0.00987278331409801,0.03037470037286932,5.479292436079088e-05,0.1304806795987216,0.014224355871027156,0.028837377374822438,-0.0025863647460937543,0.005110307173295464,0.004326907071200281,0.052949385209517044,0.013217579234730126,0.15347151322798294,0.021938670765269883,0.006104794415560636,8.669766512784549e-05,-0.0003345229408957878,0.0007076263427734,0.011833884499289772,-0.0011534257368608,-0.0010655143044211728,0.0030351118607954545,0.010611794211647728,-0.0006595958362926181,0.004876570268110791,0.11998722769997337,0.0007988973097367674,0.047907049005681816,0.7289373224431818,0.022570523348721592,-0.011032798073508527,0.10096047141335228,0.0065594152970747666,0.002649133855646309,0.002053607593883164,0.05444335937499999,-0.0003970753062855091,-0.0013171109286221636,0.008964278481223373,0.00047302246093750797,0.0010987195101651182,-8.616122332485444e-05,0.0007606853138316546,0.0004263791170987,0.0001392797990278565,4.204294898293747e-05,7.482008500528523e-05,0.0001507672396573182,0.00013290752064097045
36,0.0003295811739834727,-0.000853472135283724,-0.0015145215121182636,-0.0003605701706626096,0.005761926824396301,0.012027740478515627,-0.0003827105868946229,0.003863692283630371,0.0027327104048295216,0.0023389296098188725,0.009587721391157655,0.0018346526406027908,-6.69305974787e-05,-0.0008072419600053363,0.001684362238103691,0.00011880831284957863,0.0007999593561345817,0.005999131636186082,0.0003222552212801909,0.00025230104273015575,0.001413475383411753,0.0012229572642933346,0.0002901039340279569,0.00035550377585670816,0.00024182146245778707,-0.00011810118501834956,-9.185617620295623e-05,-0.00033517317338425457,-0.0001464973796497743,-7.3898922313336e-05,-0.00016440044749867403,1.8854032863265324e-05,-1.0360370982774717e-05,-0.000319134105335587,-0.00017673319036310821,-0.00018908760764381078,-6.823106245561475e-05,-0.00022169676694000945,-0.00019628351384941818,-0.00016602602871980114,0.00895968350497159,0.007121693004261364,5.01112504438909e-05,0.010875008322975844,0.0035060535777698726,0.0010061697526411442,0.07387230613014915,0.015185616233132082,0.007102272727272727,-0.0005385658957741545,0.0029466802423650544,0.001067074862393473,0.027962424538352272,-0.003161343661221591,0.010227376764470874,0.0016731565648859061,-0.0006993033669211625,0.00011238184842193537,7.0008364590816745e-06,3.974004225297465e-05,-3.525885668668789e-05,-8.579817685213672e-05,4.4329599900667216e-05,0.00012174519625573537
37,0.0037952769886363453,0.0002576437863436388,0.0003364302895285628,0.0005679997530850503,0.0004170157692649091,0.0001828562129627262,0.0053534074263139,0.0004145232113924723,-0.0004953471097079276,0.008368752219460228,0.00029381838711823634,0.0006282112815162909,0.0004723288796164727,0.006773168390447446,-0.0001875920729203612,0.0007364099675958694,0.003192901611328118,0.00021188909357244554,4.044446078213381e-05,0.00022792816162109998,7.091869007458409e-05,0.00019300525838675183,0.001230283216996609,8.58306884765636e-05,0.020407936789772728,0.0312437577681108,0.009405439550226378,0.0021638003262606457,0.019770535555752845,0.028468218716708082,0.001586697318337186,0.0029068426652388182,0.0016066811301491271,-0.00013620203191584544,0.00034106861461290683,0.012196627530184663,0.006315751509232955,0.0023281790993430456,0.006196455522017028,0.0007201108065518455,-0.0002493424849076636,0.001092043789950291,0.00022315437143496133,0.0010948181152343728,0.008914600719105102,0.0005256533622741608,-0.0006256103515625183,2.134930003773678e-05,-0.00014695254239170227,1.9184567711590498e-05,-0.00013683736324310755,2.9910694469147744e-06,3.1346624547853162e-06,-3.1926415183329115e-05,-2.1757727319521855e-05,-7.256594571199375e-05,0.00012184273112902008,8.639422329989087e-05,-4.195083271373886e-05,-0.00016563588922674573,-0.0010604858398437637,0.0002007917924360909,-0.00020582025701349995,-9.09458507191182e-05
38,-0.00018704479390923065,-1.096657731316761e-05,-4.9927017905478625e-05,-0.00012605840509587218,3.641031005163748e-05,-3.531304272738455e-05,8.009780536999369e-05,-0.0003457502885298216,-0.0004555528814142383,8.937987414268516e-06,-0.00015657598322087955,-0.0001045573841441908,-4.139271649446474e-05,-1.415339383211719e-05,0.00014482844959604746,-0.0009277517145330397,0.002176111394708809,0.0004404674876819673,0.008381930264559655,1.3178045099417625e-05,0.008106578480113619,0.001519831744107321,0.018042824485085228,0.006233908913352255,0.014885902404785155,-0.0009203390641645781,0.0003231655467639889,0.0011855038729580636,-0.0046464746648615,0.0017902200872247727,0.0017620866948907957,-0.00015809319236061167,-4.885413429952302e-05,-0.00013179670680652425,4.123693162744809e-05,-7.057596336710513e-05,-7.960674437609814e-05,-0.0001871179450641939,0.0002562132748690754,-0.00012696873057970254,-6.374445828524503e-05,2.1395358172331127e-05,1.8683346835046598e-05,-6.766481833024458e-06,6.992708552960885e-06,-8.02928751165103e-05,-1.0945580222486544e-06,1.6559254039407388e-05,0.4299538352272727,0.0012588500976562181,0.004859924316406254,0.0009980635209516817,0.04422829367897727,0.0040283203125,0.025129144841974427,0.24998612837357956,0.0003043088045987,0.00027179718017579204,0.0005097172477028553,-0.00011977282437411107,0.001382654363458791,0.010024851018732238,0.000558809800581494,0.0006569082086736364
39,-9.059906005857273e-05,4.6751715920177416e-05,-0.0004161487926136454,0.00011233849958937458,4.4562599875711074e-05,6.322833624753085e-06,-0.00012926892800763014,-4.048780961470398e-05,0.0032636469060724456,0.0017509460449218544,0.0007004737854003945,0.007027365944602273,0.000980247150767924,0.01048046892339533,0.003828395496715209,0.0006241798400878934,-6.785446947270036e-05,-0.0001262968236749766,-7.761608470569929e-05,-7.947195659982537e-05,-6.311048160899628e-05,-0.0001649206334894189,-2.3635950955479906e-05,-1.8891963091755627e-05,-9.012222290039972e-05,-2.388656139373609e-05,2.526424147865989e-05,7.632916623896386e-05,-7.39314339377723e-05,3.2424926757802844e-05,-1.4352527531702584e-05,5.933371457186129e-05,0.007157065651633528,0.006547060879794026,0.00212006135420366,0.010561162775213063,-7.088888775249867e-06,0.004156459461558942,0.000632806257768109,0.003987052223899127,0.013380570845170454,0.032270951704545456,0.010377363725142046,0.019029097123579544,0.01324185458096591,0.03595187447287819,-0.0008388866077769817,0.0004938299005681875,5.418604070490054e-07,-1.055544072931463e-05,-0.0007931102405895091,-6.276910955256368e-05,-8.034706115722088e-05,9.087585482105773e-18,-0.00014909492297604643,-5.00543551011519e-06,-1.1487440629438635e-05,-0.0001918619329279213,-0.00019181452014227867,-3.758885643697219e-05,-0.000311418013139175,-0.00010343031449752048,-2.0709904757411302e-05,-9.853460571982218e-05
40,-0.00012930414893408718,-0.0002515099265358551,-0.00014383142644707158,-0.00047202543778849913,-0.0004732175306840359,-0.000350713729858403,-4.478205334055882e-05,-0.00024944001978093874,4.094297235662542e-05,0.00029897689819335656,-0.00015761635520239998,0.000488227063959294,-7.282603870754564e-06,-0.00021050193093037265,-0.0008872639049183182,-0.00036967884410510766,-0.00011213801123879172,-0.0004236047918146199,-0.0011348290876908884,-0.0004107274792411065,-0.0002198436043479038,-0.000141089612787413,-0.001999768343838791,-0.00023603439331053777,-1.1426481333645908e-05,1.3546510176225143e-07,-3.850189122286994e-05,-5.536661906674666e-05,1.6215172680941494e-06,7.670034061780953e-06,-1.505830071188164e-05,-0.0006126923994584506,0.0019689039750532818,0.010721553455699594,0.005130421031605118,0.0038750388405539636,-0.0028508793223987914,0.0008576133034445909,-0.002502614801580273,0.04034111716530541,5.826354026794434e-06,-0.00014461170543324543,-0.00013364445079456903,3.5066496242176406e-05,-1.3893300836728552e-05,-0.0002091526985168548,2.9303810813201702e-05,-0.00043929706920278527,0.0005766695195978292,-0.0005891973322087999,-0.00017749721353703597,-0.0003482211719859718,-0.0006544156508012096,4.733692515979087e-05,-0.0007827498696066974,-0.000632416118275056,-0.00033011219718238156,-0.0005698637528852744,-8.203766562721945e-06,-9.506398981266419e-05,-3.4290450540455906e-06,-4.814429716630529e-05,-5.606087771327848e-05,-9.484724564985851e-05
41,-5.8121301911084886e-05,2.7919357473160247e-06,-3.229488026018893e-06,3.229488026016046e-06,5.036050623113686e-05,-8.304010738071474e-07,-2.81455841931407e-05,-3.739785064350162e-05,-1.3194300911639882e-05,-2.208250490101901e-06,1.4130364764813344e-05,-1.1111863634803079e-05,-2.8580427169799805e-05,0.00019959969954058964,-3.167715939607749e-05,-0.00017213821411130256,0.004989320581609561,0.008745366876775563,0.0009827180342240364,0.0020634044300425996,0.0008257519115101003,0.001125292344526809,0.0004585872996937031,4.8052180897084516e-05,-1.9200146198251685e-05,0.00025622411207721556,-0.0001992420716718995,-0.0001001683148470644,-2.833929928864311e-05,2.7838078412144938e-05,-0.00034326856786552065,-0.00014708258888935824,0.0002515532753684048,0.00044788013805038466,0.0003782619129527437,0.014153393832120028,7.867813110349432e-05,6.966157393020312e-05,0.0002567158503965563,0.0001987327228892459,-0.00010137124495071889,3.0105764215644462e-05,0.00016416202891954542,8.42863863164734e-05,3.256581046363984e-05,8.207017725163785e-05,6.838278336956463e-05,0.0015854835510253817,8.818236264314383e-05,4.610148343172032e-05,2.059069546784546e-05,-1.6743486577805183e-05,9.848854758522727e-05,0.0006215789101340304,6.963448090984755e-05,1.92902304909105e-06,0.0005794871937144909,0.0028141195123845817,0.00831638682972302,0.002451138062910607,-0.0001418807289817054,0.0038166913119229364,0.012825879183682519,0.004047783938321194
42,3.070689060470394e-05,2.578442746942665e-05,-4.912506450308444e-05,-6.050684235312325e-05,1.6545707529241387e-05,0.00013066421855578928,2.7232549407256878e-05,2.8705732388927334e-05,7.663531736891929e-05,0.0003450458700006238,4.1002577001390594e-05,-0.0001902363517067655,4.949894818391701e-05,-3.6007301373914955e-05,3.5390257835373966e-06,5.462494763458157e-05,-3.4633007916534356e-05,-5.1077116619456895e-06,0.0003089769320054323,-1.0100277987399149e-05,9.756738489322464e-05,1.758878881280675e-05,-0.00016641616821287984,1.3784928755321589e-05,0.00046987425197252136,0.0015021237460049637,0.001160231503573326,0.000670042904940494,0.006972529671408908,0.0003655525771054144,0.005697076970880682,0.0083132657137784,0.00017181309786707202,4.4410878961722304e-05,0.00011218677867541135,2.8848648071273995e-05,3.334608944978786e-05,0.001090326092459925,9.929050098763764e-05,4.871325059369368e-05,-7.87187706340443e-06,7.092952728271484e-06,-7.256865501407785e-06,3.042546185580166e-06,-1.0927292433644341e-05,-1.864744858308272e-05,-1.1927194216034629e-05,-4.788691347295589e-06,-9.821219877763381e-09,-1.1693347584114985e-05,8.655542677091951e-06,7.115981795568228e-06,5.8607621626411366e-05,-8.736957203258167e-05,6.7258423024901004e-06,9.350343184036336e-05,-7.16491856358268e-06,-0.00016363100572065533,-2.7335502884596475e-05,-7.250769571824507e-06,-1.5384771607134917e-05,-2.3815780878058777e-05,-0.00010411339727314695,-9.791586886746485e-06
43,-0.0007682469758120109,-0.00012808225371619338,-5.219199440697389e-05,-9.464675729924243e-05,5.952878431841285e-05,-0.0004603862762451021,-3.834204240276776e-05,-0.0002829378301446963,0.0004245801405472927,0.000345186753706496,0.0009987571022726988,8.452751419760225e-05,0.00017494505101981186,0.0003201744773171091,-0.000198754397305573,0.0016537146134810105,0.0003087087111039166,-0.00034479661421344543,0.001227443868463668,0.000870162790471826,7.445365190503823e-05,8.68808816779647e-05,0.0007280869917435728,0.0005216381766579061,-1.246956261720672e-05,3.118406642561346e-06,-5.7003714821562215e-05,-6.247650493279013e-06,-2.122738144615899e-06,-2.0222230391071168e-05,-1.307509162208569e-05,-0.0002784078771417632,-8.817423473698694e-06,-1.3893300836730256e-05,-1.4334917068481445e-05,1.743977720087083e-05,1.7372044649986005e-05,-7.393685254179706e-06,-6.95613297549161e-07,-2.682547677645592e-05,2.124685455452312e-07,5.02846457742216e-06,-5.478208715265106e-05,-0.00019294565374201333,-1.0116533799603812e-05,1.0718506845559802e-05,-4.777176813647785e-06,-2.1017410538412173e-05,6.231394681063565e-08,-1.2511556798760403e-05,1.5332956205714832e-07,-2.082234079187283e-05,-4.614483226427571e-05,-2.8258020227605645e-06,-7.068569009954279e-06,-3.294782205060911e-05,-0.0004504593935880007,-0.0008512843738902819,-0.0006010640751231857,-0.0004156069322065817,-4.0623274716457706e-05,-0.000282236120917569,-0.005442879416725855,-0.0003826618194580109
44,-0.0009203824129971546,0.004482095891779127,0.011510675603693182,-0.004019997336647727,0.0009167411110617908,-0.0012418573552912002,-0.0022799751975319635,0.009965723211115054,-0.0007747628472068022,-0.0006073821674693595,-0.0007713599638505337,-0.00045115297490899015,-0.0003613341938365521,-0.0004111447117545297,-0.0002516399730335361,-0.00030516494404183913,-4.820390181107727e-05,8.690899068657467e-05,-5.3766098889421106e-05,-0.00013689019463278748,1.7588788812809588e-05,-5.056912248784846e-06,-2.5016340342430988e-05,8.746981620778349e-06,-9.500980377196129e-05,-0.0011059912768277141,-0.000266833738847215,-0.0002399628812616459,-8.556179024956272e-05,-0.0007268894802440417,-0.0009042891589078002,-0.00017653134736147453,8.045543323861817e-05,-4.6036460182873874e-05,-7.360631769356365e-05,-0.0002951188520951636,-0.0003336776386607743,-0.00010633468627928182,4.714185541195851e-07,-0.0003416754982688159,0.13335626775568182,0.052923029119318184,0.0038951526988636365,0.002258300781250009,0.10561578924005682,0.009284279563210228,0.02428679032759233,0.0023406635631214273,0.00013524835759942723,-0.0010561509565873818,-0.0028003345836292728,-0.0024171634153886336,-0.0006609450687061662,0.0002503828568892091,-0.0009333870627663637,-0.0006853450428355824,-0.00039117986505679997,-6.214055148037486e-05,-0.00013628872958093777,-0.0002201253717595818,-9.56207513809244e-05,-0.000449072230945943,0.00034965168346057105,0.0008820837194269081
45,-0.00016121972690929522,0.008002541281960228,0.0005502700805663636,0.00026308406483043547,0.0001939426768909739,-0.0008019534024325318,-0.00020579858259721576,0.0005326704545454637,-7.130882956764857e-05,-4.8477541316626794e-05,-9.271231564605873e-05,-4.345720464533025e-06,2.2365288300947714e-06,-2.6182694868600852e-05,2.4722381071610884e-06,-8.792226964779098e-05,-3.763220526953924e-05,-9.303743189046773e-06,-1.4721669934012673e-06,-8.410266177220781e-07,-6.326762112704844e-05,1.9987875765002303e-05,-5.884604020551633e-06,1.335685903375799e-05,-5.301562222566165e-05,-0.00013187121261248297,-4.073435609989252e-05,-3.169544718481425e-05,-4.708766937254949e-05,-0.00015191598372024984,-0.00017718157984992567,-3.0219554901123047e-05,-2.2265044125646484e-05,-3.217719495296472e-07,-1.8103556199502158e-05,6.068836558954551e-06,-0.0001471909609707885,4.34788790616196e-05,-1.6438690098809424e-06,-3.2426958734301996e-06,-7.152557373052838e-06,-4.5638192783756465e-06,0.00020573355934834544,-0.00013230605558915118,5.158511075109656e-06,0.00040496479381215165,0.00010967254638672729,7.285313172774022e-05,0.009407737038352272,-0.00018589063124223955,-0.00015547600659455215,-0.00015745921568434496,4.285032098943054e-05,0.00033907456831496364,-0.00021689588373356922,-0.00021232258189809091,0.00019647858359594873,0.00028920173645016804,7.397478277032685e-05,-0.0002954676747322219,2.440539273349943e-05,3.821199590507912e-05,0.0010775652798739092,-7.772445678710086e-05
46,-0.0005464553833007909,-2.6280229741862e-05,-8.642673492431358e-06,-0.00010004910555752956,-6.166371432226206e-06,-0.0001413700255480623,-7.372010837901723e-06,-4.8460608178929805e-05,-4.95422970164869e-05,-0.00013568184592506366,9.985132650891858e-06,1.2733719565656749e-05,3.4543600951305964e-07,-4.681673916902671e-05,4.876743663440852e-05,-3.8385391235349855e-05,-1.9595196301278348e-05,-2.8805299238717755e-05,4.009767012162812e-05,-6.259165026924827e-06,8.176673542381714e-06,-2.581897107037034e-05,-1.139938831329232e-05,-2.3833730004043126e-05,2.14441256089644e-06,-3.189932216295934e-05,2.7201392433871446e-06,-1.3283707878804383e-05,2.6215206493041693e-05,4.074790261008267e-05,-5.249272693286106e-06,-9.133057160815534e-06,-0.0005629929629238936,2.3029067299582742e-07,2.7469613335355026e-05,-0.0001496835188431946,5.642121488431875e-07,-8.758631619538706e-05,-0.00010014664043078359,-0.0003267201510342622,-0.00010895729064940783,-0.00022392381321301497,-0.000243078578602199,1.9929625771265553e-05,-0.0002751567146994953,-0.000412984327836473,-0.0003254088488492144,-5.983222614634467e-05,-4.0206042203026556e-05,5.0005587664501866e-05,4.992972720751187e-05,-0.0007033348083496003,9.246847846300089e-06,1.506778326901153e-05,-4.863197153261985e-06,3.211471167476189e-05,-3.1552531502460755e-05,1.3313510201186115e-05,-5.470080809159713e-06,-3.944743763317898e-05,-2.0959837870215494e-06,2.4722381071667707e-06,-5.084818059746052e-05,-5.212697115811434e-05
47,4.24310564994812e-06,-7.6077201149646315e-06,-9.532340548254658e-06,-0.00019684704867275595,-3.7819147109976834e-05,-0.0006009882146661909,-6.75158067181669e-06,-4.52561811967233e-05,-1.6174533150413393e-05,-6.389617919922725e-05,-0.00017569281838157472,-7.420778274527326e-06,2.3516741666000694e-06,-9.075078097255839e-05,3.641301935360226e-06,-2.484971826726882e-05,0.17598100142045456,0.019209428267045456,0.03509105335582386,0.0003326589410954898,0.03971169211647727,0.0012628815390846786,0.03311850807883523,0.0006244724447076743,-3.815916451540661e-05,1.7770312049156518e-05,3.1056729230010065e-05,1.8192285841160418e-05,-6.959519603035667e-06,1.914934678511811e-05,-2.798031676899303e-06,-1.9840218804094512e-05,-1.9593672318880114e-05,-8.391792123968121e-05,-0.0009193799712441241,-1.751292835581875e-05,-7.265806198119492e-05,-4.5163387602011035e-05,-6.600943478669936e-05,-3.386627544055263e-05,0.00042937018654562247,-0.0003393454985185074,8.982419967650486e-05,0.0003115914084694364,6.649169054896074e-05,2.356009049848793e-05,1.2105161493474787e-05,3.441897305575369e-05,-0.00021061030301180295,-0.0001315637068314838,-3.4028833562674147e-05,-8.471174673599552e-05,-4.634532061487218e-05,-7.487427104602962e-05,-1.9306486303154936e-05,-0.0002238858829845138,-2.7093020352463353e-05,-0.0013649680397727273,0.0007084933194247182,-0.0015758167613636363,0.0002635609019886364,-0.0002840215509588,-0.0018175298517400637,0.0006131258877840909
48,5.023045973331216e-06,-0.0001800602132623914,-3.9482658559613295e-05,-9.557333859528827e-05,-4.4053251093099505e-05,-8.9905478737575e-05,1.3867308470335302e-05,-2.074783498590529e-05,-6.804208863866125e-05,6.374716758728483e-05,-3.89323315837158e-05,-0.0009834549643776645,-2.0165335048323064e-05,3.741546110676793e-06,-0.00014693086797541122,-9.577382694590608e-06,-5.382841283624257e-05,-1.0815533724694742e-05,-1.252510330893379e-05,7.4830922213467685e-06,-0.0010672482577237222,6.7624178799738626e-06,-5.8217482133325006e-05,-0.0003903345628218291,-3.725290298461573e-05,-1.6183338382030774e-05,0.00015910105271771654,-1.4096498489369654e-05,-6.943941116333008e-06,-1.5040012923156236e-05,-1.415339383212003e-05,7.338821887969971e-07,-0.009198882363059309,-0.003275914625688045,-0.0005319118499755928,-0.0006026354703036209,-0.0001401034268466,1.6526742415023085e-06,-0.0002277330918745669,-0.0005330389196222455,0.00023087588223545113,-2.0298090848046094e-05,-0.00020495328036221818,-6.979162042782956e-06,-9.476054798474546e-05,1.1357394131754541e-05,0.00023182955655184545,8.31430608575892e-05,-0.00019583918831563913,0.0001795942133123031,0.001816771247170177,2.7916648171163628e-05,0.01745414733886719,0.0004710284146395455,0.0007133483886718728,0.00012972138144750893,0.008885470303622163,-0.000522180037064987,9.103254838422672e-05,0.007326299493963063,0.001561424948952418,-8.743459528143634e-05,-0.0005288340828635579,0.0008877840909090819
49,0.0036426890980113635,0.003449526700106527,0.00494384765625,0.0010212984952059727,0.0160980224609375,0.014931418678977272,0.0006902868097478545,-0.004413951526988636,5.654313347556374e-06,-7.041814652354529e-06,7.750771262427784e-05,1.9553371451117776e-05,3.1025572256601055e-05,-5.772438916291495e-05,4.3132088401091765e-05,-0.00015969709916547272,-5.14455816962434e-05,-0.00043968720869584735,-0.00010720166293056448,-3.736669367008835e-05,-3.1278891996894196e-05,-4.319491034203117e-05,-0.00013470209457657555,-7.691166617653814e-05,2.9192729429861772e-06,-3.164464777165624e-06,-3.483620556917944e-05,5.467371507126171e-06,-6.679784167894629e-06,-4.468993707141219e-06,-3.7095763466561865e-05,-4.452060569412416e-06,1.4088370583274024e-07,-5.2506273443034446e-05,-0.0003302964297207942,5.196441303599965e-06,-7.263096896083793e-05,6.957487626512929e-06,-7.4559992009866485e-06,-1.0224905881017294e-05,-6.713616577061058e-05,-1.4061277562925107e-05,-6.268706850029295e-05,-2.6328997178506644e-05,4.6990134499278694e-05,-1.2040138244627768e-05,-1.0197812860662287e-05,-9.61693850430402e-05,3.779069943861358e-05,-4.372813484883204e-06,7.636845111853742e-06,8.713115345348581e-06,1.7523765563957742e-05,2.034008502960205e-05,-0.00011465766213158666,-2.625720067457492e-05,0.0019058747725053274,-4.256584427571476e-05,0.0004616650668057221,0.0002331733703613054,4.1793693195679004e-05,0.00015432184392754546,-0.0003971186551180801,-0.00033818591724740153
50,-1.3113021850560372e-06,-2.1734020926734198e-05,-0.00024891441518608894,-7.613138719038527e-07,-1.9127672368822513e-05,-6.737492301245916e-05,-3.810362382368494e-05,-4.967776211824032e-05,-7.694417780095141e-05,-2.7670101685952933e-05,-4.862113432449592e-05,4.730441353536117e-06,2.557310191069345e-05,-6.719069047407671e-06,-5.49663196910591e-05,1.220269636675298e-05,-6.088343533601208e-05,-5.2140517668290576e-06,-2.6247718117444742e-05,-8.572231639516976e-06,-7.045269012449865e-05,-4.844232039023793e-06,-8.220022374933418e-06,-4.330006512727922e-05,-4.7878785566839624e-05,-0.00017681988802822841,-2.9973008415910637e-05,-0.0004020170731977892,-0.00013298879970203634,-0.0005849057977849872,-8.886510675599146e-06,-1.635334708474666e-05,0.003583301197398782,0.002523704008622594,0.003718289462002825,0.002270785245028409,0.002365805886008509,0.0024212923916903362,0.0018218213861638727,0.00812045010653409,-1.8585811961780895e-05,-0.00023020397533068818,-2.22406604073128e-05,8.143145929677088e-06,2.4655325846235733e-05,6.6838481209540305e-06,7.56437128241662e-06,1.5215440229938921e-05,-0.0008055621927434805,-3.074245019391766e-05,-7.375126535240833e-05,-1.697648655284108e-05,-0.0003172050822864845,-0.0004269318147139059,-4.488771611993111e-05,-2.3088671944344495e-05,-4.397197203202681e-06,-1.8862160769375318e-05,-3.503127531572955e-06,-4.319033839484981e-05,-0.00015326792543584992,9.163401343607156e-05,-6.553801623257724e-06,-2.0008534193034963e-05
51,0.00019505890932950334,-0.0003412420099431676,-0.00033479387109927876,-0.001746567812832893,0.001641706986860791,0.002490303733132093,0.0013976530595259183,-0.0013303106481378493,-2.3522160269997343e-05,2.8029084205629146e-05,3.7009065801401625e-06,-9.260394356467393e-05,1.3404271819391835e-06,2.600929953835227e-07,-1.1319463903244069e-05,-9.807673367501746e-07,7.407231764359907e-06,-2.823634581132198e-05,-4.076957702637372e-05,-7.880817760118806e-05,-0.00010148503563619065,-9.700926867397553e-05,-7.997859608041846e-05,-2.6399439031423865e-05,0.006220730868252827,0.0009495995261452273,-0.0001867684451016544,0.00013316761363636363,0.001364187760786574,0.003682916814630682,0.0024744380604137025,0.004384127530184655,-1.7872588201002642e-05,-5.396929654198432e-06,-5.344911055129914e-05,-4.28340651772239e-06,-4.450028592889959e-06,-6.7321075634522875e-06,-6.77325508811047e-05,-3.407760099929861e-05,-0.00012798742814497572,-5.032799460670597e-05,-0.00019302151419897862,-2.9363415457971695e-05,-4.218654199078784e-05,-5.0826506181177984e-05,-0.00012811476534062768,-7.629394531249744e-05,7.416375658728575e-06,-1.6841021451083094e-05,-0.00027389959855512146,-5.723400549455122e-06,-5.3102319890798015e-05,-0.0001461831006136796,-8.41698863289431e-05,-4.115971651944019e-05,-0.0008104497736150636,0.001104875044389209,-0.0002769556912509091,-0.001996127041903418,-0.004460768266157673,-0.0005846890536221818,0.00019867311824450714,-0.0028044960715554
52,0.00015666268088601195,0.00014097040349782782,-0.0023022402416575903,-0.0013483220880681818,-0.0011215209960937728,0.00031748684969812725,-0.001036730679598732,0.00012471459128639092,-8.127906105738491e-06,0.00016104091297493807,0.00010473619807847445,4.9471855163573074e-05,-0.00041584535078569175,-4.3527646498249756e-05,2.137910236011852e-05,0.00045932422984728183,0.025896939364346592,0.01449550281871448,0.0007084933194246999,0.059825550426136354,0.017976934259588063,0.6471058238636364,0.06785791570490057,0.002484234896573147,-0.006256970492276291,-0.009216828779740772,-0.005263415249911218,-0.003368334336714307,-0.009958614002574572,0.0012245936827226132,0.0001855330033735728,0.004732652143998564,5.798719146033627e-05,6.028738888826783e-05,0.00014651905406606362,0.0002395022999156503,0.034235174005681816,0.002504001964222282,0.0002627589485861851,6.265023892575192e-05,-5.436383865096352e-06,-4.275278611616655e-06,1.1091882532286328e-05,1.6350637782703747e-06,6.112185391511927e-06,1.1225992983037775e-05,-4.7006390310819553e-07,4.061243750835708e-06,0.0062117143110795355,0.0003617107868194649,0.009473974054509936,0.0013099150224165671,-6.740743463689059e-06,-0.0003526752645319272,0.005534432151100845,-0.005401958118785518,-0.00018687681718307023,3.979422829369005e-05,0.10559359463778409,3.4679066052103274e-07,-1.8423253839665053e-05,0.017006960782137783,0.00019609047607943992,2.3023648695506002e-05
53,0.05163158069957386,0.08345725319602272,0.03543333573774857,0.02128757130015981,0.023306759920987206,0.011306069113991483,0.02680449052290482,0.023148970170454544,-2.2086230191316334e-05,-2.2433020851828833e-06,-0.00020034204829822946,-2.010132778774608e-06,-2.318620681761843e-05,-8.284368298270486e-06,-8.572908965024082e-06,3.0127438631924717e-06,0.004160794344815337,0.003450913862748564,0.0004266608845103564,0.00017504800449714975,0.0011729327115145272,0.015324332497336638,0.0005814270539716951,0.003714994950727973,-1.4361671426073242e-05,-8.720565925944935e-06,-5.349923263895204e-05,-0.00019367987459355623,-5.808743563565341e-06,-1.034953377463601e-05,-6.288831884211726e-05,-7.206201553342737e-05,8.822029287164349e-05,3.1861391934482955e-05,-0.0001415203918110235,0.00024095448580654474,-0.0004009062593633393,0.00018137151544745454,-0.00011743876067074689,-0.00037022070451214783,-6.59511847929521e-06,-1.7438591881231835e-06,-8.96399671380903e-05,-3.8536434823805676e-05,-1.749938184564281e-05,-1.4287504282873181e-05,-2.3272904482754795e-06,-9.612603621049361e-06,-1.2224370783025568e-05,3.057447346774015e-05,-4.3869018554676136e-05,3.451650792902166e-06,-2.086162567132423e-06,-6.138736551458924e-05,-6.679106842387807e-06,-9.892339056182727e-06,9.894371032720526e-06,-3.691153092816975e-05,-0.00025350939143786765,-8.127906105734545e-05,-5.821748213335085e-05,-0.00016307830810545512,-1.0208650068801563e-05,-0.00017931244590064615
54,-1.2991103258999912e-06,-1.1328946460377086e-05,-1.3231892477382313e-05,-9.22449610450051e-06,-6.104057485407049e-06,-2.2769312966953624e-05,-1.2311068448153408e-05,5.228952928022905e-07,0.06339888139204546,-0.0087890625,-0.000528962097384689,0.03728831898082386,-0.0003780966455286182,0.02189324118874289,-7.455999200999995e-06,0.015271967107599427,-0.00012630427425557177,2.4803660132668237e-06,-1.159581271084872e-05,-1.4298341491005068e-05,-6.210397590290416e-06,-3.844635053113662e-05,0.0005917928435585682,-8.754296736283026e-05,0.0027561187744140456,0.00022385337136006362,0.0028822638771750456,2.8640031814568375e-05,3.755363551052736e-05,0.0006972226229580756,4.654716361651016e-05,0.0005452416159889727,0.0003390528938986507,-2.2544102235273883e-05,1.3543123548681086e-06,-7.506934079256357e-05,4.053115844722586e-06,1.6432932832026587e-05,-1.0715289549394088e-05,-8.788975802334873e-06,-1.9662759520790796e-06,-6.257471713152799e-06,1.6472556374289773e-05,-7.355755025690252e-06,1.4510852369395169e-06,-7.645650343452946e-06,1.4071437445553867e-06,-7.283958521756259e-06,-1.580335877158425e-05,-1.4187429438937794e-05,-4.683028567921031e-06,-7.018717852504179e-05,-2.4901195005937055e-05,-1.3061545111916281e-05,-1.5196475115689365e-05,-3.585490313442418e-05,-0.00033389438282359444,2.5521625172008156e-06,-6.4935196529735215e-06,-1.8165870146255402e-06,-4.604797471653331e-06,-3.691017627713991e-05,-2.2254206917495844e-05,-4.377148368140391e-05
55,0.0127099644054066,0.001019477844238282,0.0005227002230557364,0.0026818188753995,0.0002662702040238893,0.027093887329101552,8.382038636639933e-05,0.005941997874866823,-4.886768080971713e-05,-0.00013873319734227028,-1.2174926020872403e-05,0.0001618428663774027,-9.673833847044534e-05,-1.6597522930660336e-05,-4.9328262155687484e-05,-0.0002780610864812564,0.0009215961803089301,3.1986697153696777e-06,-0.0002635609019886454,-0.00010740756988524594,0.00039204684170809456,0.0005678263577547742,7.19590620561182e-05,-8.93934206529097e-06,-3.887848420576729e-05,9.481202472339407e-06,-4.785220054056112e-06,-1.1081045324156713e-05,4.956075413668524e-06,-5.256045948384447e-06,1.7243352803322666e-05,-8.427961306130802e-06,-1.7659230665718004e-05,-4.2148611762299805e-05,3.129243850708008e-07,-2.598220651799101e-05,-6.29303130236539e-06,-7.284635847264359e-05,-2.628564834594215e-05,-2.0322474566370118e-05,-0.0011247288097034703,-3.0076300556003782e-05,-1.3091008771549571e-05,-7.295608520507898e-05,-2.201985229145397e-05,-2.100792798129535e-05,-3.608248450539159e-05,-8.631666952913458e-07,-2.6192177425723357e-05,2.561916004527301e-05,9.963458234613591e-07,8.802522312519619e-06,-1.372024416923523e-05,9.326772256331016e-07,7.53050500695958e-06,-1.740184697237257e-05,-0.00013587691567159874,-0.00012094324285333409,-8.725036274303429e-05,-7.361241362310373e-05,-0.0005736405199224156,-0.0005767128684303909,-0.0004119873046874915,-5.4857947609654394e-05
56,0.005912347273393118,0.018731897527521302,-0.0004628029736605526,0.027259133078835228,0.006331010298295445,0.0003192208030007,0.0015530586242675877,0.00020807439630680005,-0.0004423206502741124,-4.552711140026313e-05,4.738569259625093e-06,0.0005305897105823909,8.146329359574184e-05,-4.820390181109998e-05,0.0003755742853337818,-0.000337752428921788,0.0376371903852983,0.014979882673783735,0.005176544189453119,0.011478770862926136,0.021134723316539407,0.0153961181640625,0.04554817893288352,0.011129205877130682,0.0006566047668456781,0.00024448741566048806,0.007811546325683595,0.021775484085083008,0.006714387373490754,0.012892354618419295,0.010242808948863627,0.005111867731267746,-0.00017226826060900226,0.0015095797452059545,0.0006115653298117727,-6.486069072376313e-06,6.686557422983251e-05,-7.608803835781285e-05,8.891929279673389e-05,-0.0001357251947576338,0.01581781560724431,0.042363947088068184,0.061248779296875,0.016032132235440335,0.029310573231090188,0.027348258278586647,0.03391213850541548,0.013164693659002125,-0.00024397197094830087,-5.359676751223478e-06,-0.00022095983678644638,-1.5149231661450917e-05,-0.0002456469969315991,-0.00019294565374200994,-0.0001896294680508632,3.578446128152173e-05,7.772987539117986e-06,-1.1964277787630671e-05,1.7014416781328837e-05,1.0910359295931729e-05,4.11380421031696e-05,5.223534323953551e-06,-9.5367431640625e-07,-4.076144912026712e-06
57,-0.0017688274383544865,0.0051621523770419,0.028877778486772,-0.0013181079517711363,0.006389076059514821,0.001355257901278409,0.012070092287930566,-0.00024530020627108485,0.014815590598366473,-2.669746225529031e-05,0.00012202696366742697,0.006835590709339473,0.00032338229092681534,0.0006133859807794638,0.00010104612870648237,0.002796866677024127,-6.440281867979679e-05,-0.0008576187220486728,7.214871319857511e-06,7.2075900706377896e-06,1.0663812810718748e-05,-1.96451490575617e-05,-9.460882707071946e-06,-6.962906230579723e-07,0.0061406222256746995,0.015948208895596592,0.0012408169833096545,0.0033734061501243,0.0003426725214177827,0.0010994997891512455,0.013008811257102272,2.476302060213956e-05,0.017704356800426136,-0.0011172728105024816,-0.0006736408580433182,-0.0005073181607506333,-0.0014298178932883544,-0.001457105983387331,-0.0004344094883311833,-0.0013462413441051068,-5.700371482144178e-06,6.9954178549992555e-06,-2.3944811387492147e-05,-1.5876509926529616e-05,-3.93119725314423e-06,-0.00015031207691539104,2.7797438881613992e-05,9.769743139087323e-06,3.281506625088011e-05,1.534006812355224e-05,4.7531994906341044e-05,0.00873617692427201,0.00010218268091028046,3.3152374354275786e-05,3.687631000172122e-05,5.775554613633135e-05,-0.00012788989327169723,-3.169612451033045e-05,-3.587319092315413e-05,1.3513998551795384e-05,-8.523464202879153e-06,-1.1454929005011716e-05,-2.064318819479509e-06,-5.323236638849203e-05
58,0.0031681494279341177,-0.00037392702969639094,0.00047024813565340907,0.0014716278422962491,-0.005365891890092337,-2.0266933874640774e-05,0.001960754394531236,0.0035920576615766906,-8.996237408031117e-06,2.0058317617933443e-05,-0.00015786561098964026,1.3627789237279368e-05,-3.313476389103703e-05,-5.2078203721482777e-05,-1.0693615133099344e-05,-2.370825545353584e-05,7.856975901500183e-08,-5.540183999321678e-06,-8.727339181033054e-07,6.163662130128475e-07,-2.7559020302502197e-05,-2.415342764420943e-06,1.7756088213487105e-06,-2.5857578624368034e-05,-0.002801689234646886,-0.0031860524957830092,-0.0021679889072071467,-0.0025504719127308275,-0.00040598349137739754,-0.003386042334816668,-0.0019148479808460519,-0.001952518116344091,3.756447271865953e-05,5.391511050129936e-06,3.447857770052255e-05,-4.259022799410879e-06,2.3652206767689097e-06,-8.214603770857244e-06,1.3004649769168752e-05,-5.937706340444112e-05,-2.136555584993661e-05,-2.42638317021414e-05,-4.595247181978155e-05,-1.574307680129664e-05,-2.3305585438554366e-05,-2.000480890274048e-06,3.159046173095703e-06,-6.228008053519509e-06,-2.7064234018325806e-06,-2.8528950431126452e-05,2.2373416207040662e-05,-2.7347017418254507e-06,-1.653757962313736e-05,-5.660409277135676e-06,2.74994156577359e-05,-1.246278936212144e-06,-2.7722255750127134e-05,-2.305616031993519e-06,-0.0004770268093455845,-0.00031247735023496546,-0.0006886395541104267,-5.248459902675675e-05,-2.4432485753835117e-05,-0.0008900382302024091
59,-1.4862722971222617e-05,1.0088763453743676e-06,-1.321970061822371e-06,-4.364516247402538e-06,-0.00018779527057299322,-1.709569584239613e-06,-2.7288090098986794e-05,-5.703080784189279e-05,-0.0003974654457785871,-0.00011368773200294053,-2.8117136521773475e-05,6.804682991722548e-05,-0.0003023906187577596,-8.613548495552756e-06,0.00010117617520418975,-0.0005746253512122414,-7.71609219637443e-06,-2.1007927981284267e-05,-3.3151019703266696e-05,-3.331899642943455e-05,1.6865405169400302e-07,-4.6030702916047266e-05,-8.084557273160366e-06,9.991905905981677e-06,3.109872341155239e-05,-8.166920055040994e-05,2.8016892346463724e-05,3.8098205219603376e-05,9.124929254704005e-05,-0.0001396699385209466,-0.00021488016301934065,-5.232204090464346e-05,1.544166694986654e-05,3.751570528201888e-05,0.007363146001642382,0.001193306662819591,3.3784996379516853e-06,2.031434666025444e-05,0.0026600794358686967,3.988092595889767e-06,-4.677609963850542e-06,-3.9821659976785835e-06,-2.7135014533994888e-05,7.306987589054706e-06,-1.543353904376478e-05,-5.192546681915787e-07,-4.6245076439584035e-05,-4.821964962915941e-06,-0.00010852922092784564,-4.170564087952758e-05,-0.0001598488200794618,-0.0005153525959361575,-1.4693899588151412e-05,-1.2693080035122959e-05,-0.00019684704867276332,-0.00031091408296062993,0.007292314009232955,-0.0013646212491122273,0.0028859918767755637,0.00036222284490411823,5.826083096590001e-05,-2.7298927307126064e-05,0.001053203235973009,0.0017191280018199638
60,-0.0009218996221369242,-7.324868982486187e-05,-8.101896806195311e-05,-9.226799011228906e-05,1.8553300337357387e-05,-0.0005007657137784091,-2.332167191937557e-05,-0.00010846419767898924,-0.00048620050603693637,-0.0006953152743253001,4.239515824750852e-05,-0.00028922341086648186,-2.07424163818348e-05,1.4651905406598855e-05,-0.0015154751864346727,-0.0021709528836337017,0.006501457907936783,0.016693115234375,0.03285980224609374,0.028099753639914772,0.04297152432528409,0.023084813898259945,0.04761297052556817,0.029784896157004612,0.003776463595303631,0.07135148481889203,0.3850832852450284,0.009534922513094818,0.07421666925603693,0.0005021637136285853,0.011873765425248583,0.04093915765935723,-2.296675335276898e-05,2.1026893095534113e-05,-1.232732426035806e-05,-1.617385582490401e-05,-9.434331547129273e-05,1.0391866618936712e-06,-1.462176442140906e-06,1.419674266475781e-06,-1.0530041022734208e-05,-4.680996591394598e-06,-8.940967646510726e-05,-3.814697265614779e-06,-1.0067597031593323e-05,-8.618120442737235e-06,6.834214383905584e-06,2.729621800509366e-06,0.00413855639371005,-0.0006220557472922363,-0.0022277398542924457,0.00034804777665571395,-0.0004044446078213818,-0.0005518902431834782,-0.0013734427365389601,0.011802673339843745,0.002176804976029827,-0.00048355622725054467,0.0054644671353426995,0.002323324030095882,0.0029891620982776907,-0.0004983165047385351,0.004603104157881294,-0.00013471191579644194
61,0.0036100907759232816,0.00235259532928466,0.0023636817932129006,0.002621130509810003,0.0014573877507990092,0.001364014365456309,0.0013906305486505728,-0.0033683776855468724,-7.486072453583209e-05,-4.122033715248108e-06,-1.9376928156058808e-05,-9.244138544256037e-06,-1.3393434611233799e-05,-6.058338013562289e-06,-2.558258446780118e-06,-6.235458634116433e-06,4.840168085965243e-06,4.426999525590378e-06,6.656755100596239e-05,2.5135549631985756e-06,4.96750528162176e-06,-2.7319924397902056e-06,-9.24549319527366e-07,6.17754730311307e-06,-7.532130588182999e-05,-3.169409253380032e-05,-0.0001287351955066914,-3.732944076710629e-05,-9.26581296053595e-05,-2.5640834461534233e-05,-9.774078022347691e-05,-0.00011712854558768635,4.9439343539137925e-05,1.9464303146709096e-05,6.919557398015803e-06,1.3129954988306219e-05,0.0049702904441139735,1.595135439525951e-05,1.9669532775878906e-05,3.923001614483579e-05,-1.002170822837136e-05,1.9222159277307364e-05,-2.65647064555775e-06,-2.1411613984532936e-05,-9.639696641407493e-06,-2.2811476479877126e-06,7.572499188505876e-06,-1.5424733812154213e-05,-1.6125427051024005e-05,0.00013053417205810945,-3.0655752528797495e-06,-2.4485317143526943e-06,-9.068033911960564e-06,0.000502326271750691,-6.9303946061678615e-06,-4.75807623429675e-05,-2.498789267106092e-05,-1.4064664190428817e-06,-2.132762562144034e-05,-3.891235048120672e-06,-1.1298805475234985e-05,-8.900057185777929e-05,-0.00010230324485085116,-3.2796101136629144e-05
62,3.806569359519264e-07,-6.230852820654983e-05,5.689534274008591e-06,2.802772955471211e-06,-1.6925009814168305e-05,-1.1555173180320044e-06,2.5203282182866875e-06,1.893226395953217e-05,-3.466145558789505e-05,-2.123821865427214e-05,-3.5906379873099805e-05,-1.787868413057342e-05,-9.225173430009322e-06,-9.832598946310434e-05,3.950501030141657e-07,-1.9693916494196113e-05,-0.0020273382013494367,-0.0002611333673650455,-0.0007848847996104723,-0.0001629347150975911,-9.762157093393806e-05,-0.0009614337574351883,-0.00043822960420087374,-0.00047167864712800993,-2.919272942975694e-05,-8.143078197131264e-05,-2.8214671395034337e-05,-0.0002026991410688909,-2.54207036711879e-05,-0.0001226121729070314,-4.425915804776051e-05,-1.9886276938698508e-05,-2.74601307782311e-05,-2.3885884068285803e-06,-1.927397467872745e-05,-1.5516172755848277e-05,-0.0011513449928977455,-1.1758370832974758e-06,-1.4045021750705112e-05,-3.370371731840838e-06,-2.186406742442739e-06,-9.895725683732466e-07,5.483627319336449e-05,-5.684792995452881e-06,-5.586580796675249e-06,2.5792555375523005e-05,-1.3470649719238281e-05,-8.710406043312765e-07,8.046627044677734e-07,-4.128976301713423e-06,-2.393668348138585e-05,-5.7762319391424e-06,-2.205236391586753e-05,-2.141974189064634e-05,-0.00017732923681085472,-4.0341507304795345e-05,2.2353096441795357e-05,-3.818083893169057e-06,2.898953177711043e-06,-5.516138943758879e-06,1.4037571170113303e-06,-1.2324614958324237e-05,-3.646720539439808e-06,-3.625046123157621e-05
63,-1.7865814945904304e-05,-4.413114352658581e-05,-3.496896136889707e-05,-0.0001308917999267629,-0.0021085739135742274,-0.0001656250520185809,-0.00022046267986296187,-0.002119064331054682,-1.4694576913660223e-05,-1.3759190385991877e-05,-9.162859483197748e-05,-3.3854083581396576e-05,-0.00040146505290812167,-1.5908174894065692e-05,-0.0005476474761962964,-9.3519687652568e-05,-2.2205439480868254e-05,-1.5483661131415677e-05,-0.00023237683556294418,-1.813064921985973e-05,-7.492845708673878e-05,-2.337585796007848e-05,-7.33137130737333e-05,-2.241947434165261e-06,-1.5153126283122602e-05,-1.3522803783416748e-05,-1.4592300761829723e-05,-2.5914473967118696e-06,-3.09808687730269e-05,-5.8249993757768115e-06,-6.714327768845991e-06,-0.00010873783718455013,0.00430065935308283,1.7079440030185517e-05,0.00011501529000021458,0.0008138743313876043,0.00010902231389824176,0.0019078688188032544,0.00021795793013138184,0.0003784732385114963,-8.967214009977048e-05,-3.5124746235933884e-05,1.213665712962627e-05,-4.732608795164595e-05,-0.00038198991255324597,-0.00012569298798386565,-3.769722851840103e-05,-0.00016130100597033383,3.9759007367220794e-07,-4.649162292472514e-06,-1.663511449639737e-05,8.094039830294522e-08,-3.39421358975463e-05,-7.515603845759478e-06,-2.1631067449382387e-05,-4.376877437938628e-06,-0.001435019753196027,-3.230842677033675e-06,-0.00022946704517709703,0.008796691894531245,0.0021393515846946,-0.0001438314264470818,0.003721757368607946,-8.080222389914548e-05
64,1.6398050568308595e-05,4.3213367462158195e-06,-3.794377500360208e-05,6.475231864235618e-06,-1.7718835310509596e-05,4.063953052907313e-07,-1.9886276938691125e-05,-2.8921799226240683e-06,0.00011500716209410087,5.426190116187464e-05,6.735324859619141e-06,-2.1683221513574206e-05,7.717785510150722e-06,-4.377148368141101e-05,8.2972374829379e-06,-0.00010258501226251947,-3.2918019728227095e-06,9.471042589706672e-06,-2.3217702453780427e-05,1.1379068548540173e-07,1.3411045074462893e-06,4.944476214322177e-08,3.7202103571458296e-06,-1.7491253939540198e-05,0.008528622713955963,0.009732679887251409,0.008039301091974427,0.016121604225852272,0.013129494406960228,0.0030790675770152724,0.020313609730113636,0.037740534002130684,-6.0360540043213183e-05,-1.3941348615011839e-05,-7.191842252557928e-06,-9.54758037219666e-06,-0.00026145848360927486,-2.156333489850524e-05,-1.56258994882757e-06,-3.6872923374167785e-05,0.0009002685546875,0.004801316694779827,-0.0001873536543412608,0.006027915261008518,0.0025514255870472363,-0.0005423805930397727,0.007577375932173291,-0.027497204867276293,0.021197752519087346,0.003663756630637409,0.007411956787109364,0.001664248379794027,0.06647335399280895,0.0304281928322532,0.007187930020419019,0.005891626531427554,-0.0040526823564009,-5.9420412236997925e-05,-0.00025809353048149373,6.935813210221019e-06,0.00014378807761450312,-6.7797574129975e-05,-0.0009826530109752173,-1.710111444645241e-05
65,-0.0006404139778830771,-0.0006748546253551,-0.0013477152044122824,-0.0022100968794389183,-0.0018244656649502818,-0.00016934221441094162,-0.00033283233642576363,-0.0012373490767045455,-2.8870999813079834e-06,-3.0960549007762563e-06,1.8512999469583684e-06,-5.554069172252308e-07,-1.7813660881736078e-07,3.4448775378211552e-06,5.944208665327593e-06,0.00035103884610261193,-0.00038374554027210646,-1.0068443688479336e-05,-0.00018027898940171244,-0.00013142824172972156,-5.653771487148246e-05,-0.0004133107987316956,-2.2796067324544855e-05,-0.00011641735380345956,-3.266469998793452e-05,-8.745457638393749e-06,-2.6049939068875833e-05,-4.479289054870151e-05,1.2484463778422156e-05,-9.985132650895551e-06,-2.7740543538865892e-05,3.270838748323012e-05,-0.00031600215218284197,-0.0001505857164209312,-6.833266128192964e-05,-2.3992224173104962e-05,-0.00023975697430696186,-7.172470743004165e-05,-0.0002447942441159898,3.0062415383076552e-05,-1.047416166825728e-05,-7.712028243324973e-06,-4.482337019658552e-05,-3.0311671170316266e-05,-4.599378867582842e-06,-1.1232766238128445e-05,8.127906105746445e-07,-4.172325134275639e-06,-1.962211999026212e-06,-1.5702098608016968e-06,-6.671317599036477e-06,-1.4825978062369607e-05,-3.569776361637713e-05,-3.204765644940463e-06,1.2273138219659978e-06,-1.1290169574997642e-06,-2.0346180959181353e-05,-3.835152495990361e-05,-0.00010631572116502913,-1.5146353028037332e-05,-3.397464752196413e-05,-1.0808760469602655e-05,-0.00013160705566404998,-6.533617323092677e-05
66,-0.00010598247701471388,0.009895324707031245,0.0006243965842507183,7.377971302380229e-05,-2.682209014891612e-05,-0.0003107447515834294,-6.953152743253978e-05,-0.0009996891021728344,-6.68655742298473e-06,-7.924708453091709e-06,-3.4523281184109775e-06,-1.2256882407448508e-05,-2.5262886827636584e-05,-2.695755525068803e-07,-9.4375149770154e-06,-1.8314881758248723e-05,-1.2549487027248723e-05,-4.0327960794617134e-05,-1.654536886648698e-05,-7.9727985642139e-06,-0.00018204477700319588,-7.369301535864175e-05,-4.192644899536566e-06,-6.600943478669934e-05,3.928487951105291e-07,-0.003310363401066177,-4.748864607374986e-05,-2.5272369384761085e-05,-4.5494599775824284e-05,-0.0002581964839588415,-1.1752952228892934e-05,-2.0211393182924505e-05,0.0008898648348721546,8.570064197888778e-05,0.0018209977583451636,-0.0005739060315218817,0.011250582608309655,-0.0012872869318181818,0.010567751797762785,-0.0004579370672052545,3.592805428937807e-05,-4.3044036084955395e-07,-2.403692765669389e-05,-9.849938479335234e-05,-2.533231269229542e-05,-2.277845686132258e-06,-3.0073252591194534e-05,1.8260695717551494e-06,-1.8287788737894566e-05,3.2518397678028465e-06,2.4546276439317406e-05,6.597150455821643e-06,-4.3760646473277696e-05,-3.746456720610675e-05,-4.384192553432169e-05,-1.1311335997147994e-05,-8.290464227844094e-07,-0.00023068081248889358,-4.625320434569461e-05,-0.00033881447531958523,-5.1411715420805117e-05,-0.00010712580247359978,-8.512085134331523e-05,-2.8393485329366472e-05
67,-7.5366009365428575e-06,-7.1430748159235176e-06,-1.7493963241572036e-05,-1.430511474609375e-06,-5.781650543212891e-06,-2.7602369135070666e-05,-2.331354401328347e-06,-1.5265562317588113e-05,-6.192448464306918e-06,7.244673642243587e-05,-1.2647021900523793e-05,3.508546135642318e-07,-2.4907968261011246e-05,-1.8463893370194868e-06,-6.318092346190327e-05,5.056912248784846e-06,-9.97239893132899e-05,0.00040214170109143156,-0.0005115162242542728,0.00028683922507545935,-0.00016909295862370873,-0.00015707449479534241,-0.000332138755104742,-4.88974831321182e-05,0.0003105943853205014,0.0010177438909357182,0.0001986243508078858,0.0015971118753606579,0.0021754178133877727,0.0013295086947354273,0.00041575865312054177,0.0021168101917613544,-0.0002840648997913591,-0.00010132789611816351,-1.419064673509641e-05,4.969943653453622e-05,-2.652948552911193e-05,-8.715553717178653e-05,-1.376393166455356e-05,-2.446770668029501e-05,-9.206208315762607e-06,-9.82555476101854e-05,-6.661327047779805e-06,-2.6308677413239743e-05,-3.266283734278245e-05,-4.102560606868023e-05,-1.1204318566755815e-05,-6.838955662465899e-05,0.00037917223843661615,0.005266362970525564,0.00026516480879346105,0.0022919394753196,0.00045981732281767993,-9.623440829209088e-06,0.0002862756902521301,0.0037651062011718724,0.01696846701882102,0.022092645818536937,0.006453340703790836,0.002566944469105118,0.016701091419566754,0.0033186999234286,0.0035644878040660454,0.012639132412997163
68,4.659999500615757e-07,1.1053952303802558e-05,-9.482557123357292e-09,-2.0296736197035002e-05,-1.690604469992331e-06,-6.2205574729072435e-06,-1.5002760020169346e-06,1.0417266325523952e-05,0.00033413280140269096,0.002455624667080964,0.002743547612970521,0.001222697171297941,0.0017102414911443515,0.0027510903098366454,0.0017939480868252727,0.026307539506392044,0.002975984053178263,0.009712912819602272,0.007129972631281054,0.008528969504616473,0.023477380925958805,0.016419844193892044,0.008884776722301145,0.014957254583185354,-0.0003495866602117357,-0.00029542229392310395,-0.0007766376842151812,-0.00034466656771570825,-0.00014512105421585558,-0.00021467019211162105,-0.0005860762162642092,-0.00019957802512429994,-6.471167911180762e-06,-1.3756819746717286e-05,-2.541189843958302e-05,-3.149834546175131e-05,-0.0001159689643166282,-4.9534169110378604e-05,-1.2706626545299195e-06,-2.522631125015737e-05,-8.344650268551564e-06,-0.0003441897305575545,0.0016077215021306727,-9.278817610308366e-05,-0.0004681673916903491,2.1032311699611134e-05,0.0002727942033247454,0.0005739168687300135,0.007362365722656245,0.0038563121448863635,0.01046393134377219,0.009760423140092319,-0.009336644952947436,0.012385975230823864,0.0005261952226812166,0.006451693448153409,0.0005064010620117165,3.360618244517706e-05,0.0004536021839488728,5.07181340998608e-06,1.863999800247732e-06,0.0008616013960404729,0.0013338869268244,0.00030760331587357273
69,-3.576278686522586e-05,-1.0382045399064064e-05,-1.5598806467920977e-05,-1.9905242052945223e-05,-1.5210021625859908e-05,-2.7878717942661684e-05,-7.934529672969472e-06,-3.1915577975179613e-05,-2.4162232875827386e-05,-1.4414037154470936e-05,8.247115395287002e-06,-9.40805131738268e-06,-3.207813609730397e-05,-1.2725591659531121e-05,-7.794120094992756e-05,-5.04776835441987e-06,0.00013996254314074737,-4.2544847184957235e-05,-2.6041811162774642e-05,-3.3717941154133755e-05,-5.838545885957297e-06,-0.0002522468566894443,-1.3698231090224432e-05,-0.00037416544827548025,-1.0858882557247302e-05,6.48783011869945e-05,-0.0005957863547585199,-1.5876509926533028e-05,1.0016289624304847e-05,-2.4795532226553986e-05,-0.00012954798611727544,-4.497983238915444e-05,0.04012229225852273,0.032781427556818184,0.05518618496981533,-0.0037384033203124844,0.006350343877618971,0.014187466014515272,-0.0005533911965110179,0.06895585493607954,-0.0001090656627308131,0.00010869719765404418,2.1400776776391373e-05,-2.4492090398615628e-05,5.454366857355405e-05,0.00016247142444956376,0.00016702305186880594,-2.6702880859369593e-05,-5.706873807040469e-05,-4.544041373512621e-05,-0.0001667595722458369,-0.0004741603677922859,-0.00014377724040637123,-0.00016161528500641882,-0.00021046941930596283,-8.540532805702961e-05,0.0002887032248757307,0.0020363547585227275,0.00033794749866831363,0.004453225569291536,0.0010843710465864667,6.097013300115049e-05,-0.002022483132102273,0.0015935897827148362
70,-2.239644527434877e-05,-0.00010456822135229666,-0.00014157728715375113,-0.00010297650640659134,-0.00029092756184662507,-4.87403436140467e-05,-9.905750101261907e-05,-0.0002800334583628972,0.12575461647727273,0.0003496733578768382,0.0016824982383034494,0.021584250710227272,0.00920763882723721,-0.0009380687366832365,0.004364880648526282,8.734789761618617e-06,9.56790013746384e-06,3.6055391485045376e-05,3.839351914145105e-05,-1.0818243026733398e-05,3.1482089649510267e-06,2.0282512361353095e-06,2.4123625321821734e-05,2.5577165863729844e-05,-0.0051643198186701,0.0030624216253107364,0.0003148859197443182,-0.0010866035114635078,0.0004257072101939802,0.0015248385342684636,0.0031878731467507183,0.003918734463778409,-1.3004649769171602e-05,-0.0009222030639648529,-9.155273437499943e-05,0.0002007917924360637,-0.00036742470481177273,-6.376613270152814e-05,5.023045973347693e-06,0.00018373402682218595,-0.0006494522094726449,-0.00021651658144860932,0.0005616274746981637,0.00124376470392401,-0.0002625530416315082,0.00022593411532315403,-0.0004694678566672435,0.0002649480646306818,-4.03686003251478e-05,-2.9383735223243706e-05,0.00019732388583093693,-6.050413305108231e-05,0.001313946463844985,2.568418329411947e-05,0.00028648159720677405,0.030613032254305752,9.983777999923367e-07,-4.1029670021737646e-05,-3.01545316522658e-05,0.0008132240988991364,-3.628297285599176e-05,-0.0014633265408602477,5.937977270646188e-05,0.00033638694069602784
71,0.002943949265913534,0.024551738392223,0.013508189808238636,0.01249348033558238,0.02606322548606177,0.022979736328125,0.1922732266512784,0.013248096812855109,0.001888015053489,0.005562868985262773,0.0036000338467684547,0.0013859488747336546,0.006483598188920455,0.001957806673916891,-4.034963521089968e-05,0.02780706232244318,-6.579336794939284e-05,0.0011165792291814546,-0.0010016072880137902,-3.699145533820663e-05,-0.003229401328346954,-9.222464127969252e-06,0.0006646866148168414,-4.3755227869199825e-05,0.00016747821461070015,6.519664417612187e-05,-0.0004834045063365586,-4.849650643087834e-05,-8.636713027951943e-05,0.00011645663868297857,-0.00024474750865587184,-0.00026475299488413876,0.0028599825772372186,0.0011624422940341,0.0006276043978604557,0.004378752274946737,0.0012855529785156274,0.0031251907348632726,0.00078294493935326,-9.614771062676358e-05,-0.0009380687366832302,-0.00012987852096554348,-0.0015382441607388433,-0.00014891949566925747,-0.0010931925340132308,-0.00030773065306921333,-0.0001669593832709527,-0.00029455531727183635,0.003033117814497509,-7.1403655138842905e-06,-4.642118107186814e-05,2.3516741665940488e-05,5.178018049760924e-05,2.7461485429229972e-05,0.0001827586780894989,-1.6599893569949694e-05,9.595264088022827e-05,1.793557947331442e-05,-0.00026449290188876464,4.954229701648831e-05,0.00037227977405892724,0.0004955530166625931,-3.518841483375504e-05,6.79059462113689e-05
72,-0.0017218156294389274,-0.000802061774513953,0.0010537234219637726,-0.00012293728915129093,0.0011735395951704545,0.003261045976118618,0.0019431547685102998,0.00043567744168366835,-0.000338063998655832,-0.00014917417006057423,-0.0002876195040616253,-0.0002761970866810249,-4.945559935136957e-05,-0.00026709383184258677,0.0007664073597301091,-0.0003396381031383364,-0.00011014938354492244,-0.0015211972323330909,-0.0004355690696022636,-3.299929878927706e-05,-0.0013036348602988538,-0.0001974972811612182,-0.0001869635148481912,-1.924688165836365e-05,0.0001525878906249946,-0.0003382292660799905,-6.238574331455913e-05,-1.296401023863041e-05,-0.0001340230757539772,-3.3020973205557875e-05,-0.00048674236644397057,0.00029641931707209717,0.01068670099431819,0.010899630459872163,0.015643206509676846,0.02645648609508168,0.003479697487571018,0.026949969204989335,0.018995805220170456,0.016696929931640618,-0.0014513189142400364,-0.0011371699246493247,-0.00026078657670454544,-0.0005073547363281273,-0.0011023174632679236,-0.00136793743480335,-0.0006232695146040363,-0.0008720918135209528,-0.0006493438373912271,8.860501376062726e-05,0.0001355084505947909,0.0006046295166015182,-0.0016873099587180545,-0.0010079470547762833,0.0023474259810014274,0.0007522322914817,6.554343483663409e-05,0.0005301562222567546,-0.0007862611250443727,0.000267115506258858,-9.970231489701702e-05,-0.0005413402210582272,-0.0008801546963778454,-0.00033196535977452445
73,0.0050173672762784,0.0008643757213245773,0.007200761274857955,0.01999803022904829,0.00155115127563477,0.007290059869939627,0.033599853515625,0.0011924830350008744,0.00047440962357953633,-0.0022087097167968724,0.0015062852339311093,0.019736550071022728,-0.0004702698100696831,0.0011229081587357998,0.005040949041193173,0.016701438210227272,-0.00043291395360772755,-0.000522984699769459,-0.00010914152318781896,-6.77217136729779e-05,-0.0003440488468516797,0.0006154233759100036,-0.00020564753900871962,-0.00010715831409801877,-3.804266452789023e-05,-9.361180392177599e-05,-6.825273687188309e-05,-7.420100949027321e-06,-2.6123090223837106e-05,-1.5952370383537784e-05,-1.334060322153743e-05,2.939050847834886e-05,2.470883456145398e-05,0.0024482770399613884,-0.0009890036149458508,0.0005031986670060545,0.0023519342595880637,0.0028989965265447458,-0.016603383150967682,0.0203704833984375,0.0004760352048006868,0.002181876789439802,0.00010471994226628457,5.19698316400636e-05,-0.0008114901455965909,-5.344911055131392e-05,0.0007686614990234261,0.006324768066406245,-0.0023177753795276864,-0.00016074830835513643,-0.0020446127111261557,-0.0001011870124123245,-0.0005442012440074363,-0.0005112832242792132,-0.0016176917336203729,0.0002593560652299173,-0.0007177266207608332,0.0015208937905051379,-0.0002515099265358494,0.001561945134943173,-0.007148222489790464,-0.0006893764842640273,-0.0009118860418146091,-0.0006553584879094905
74,0.038294011896306816,0.009029388427734382,0.03603293678977273,0.001697540283203118,0.04407015713778409,0.0003505261106924367,0.0014986558393998636,0.036390824751420456,-3.4353949806798737e-06,0.007479580965909082,3.486871719359894e-05,0.0015689676458185348,0.028877951882102272,0.034293088045987206,-6.84911554509818e-05,-0.000708569179881701,4.03950160199866e-05,0.000178171829743829,-6.935813210248858e-06,-0.00012731552124021903,-0.00016652454029429813,0.01059237393465909,0.005245858972722834,-0.00046400590376419995,-0.001064864071932718,0.0004853768782181991,-0.0007793686606667201,0.011497497558593745,-0.0008123571222478778,0.04348546808416193,0.001489119096235791,0.007184462113813918,-7.05393877896657e-05,-8.758631619538537e-05,2.106753262605454e-05,5.1238320090567035e-05,-3.5329298539605404e-05,0.00011013854633677235,3.7737868048918906e-05,9.909543124112727e-05,0.002426407553932888,-0.0004199634898792364,-0.0007575100118463838,0.0027230869640003453,0.002567616376009862,-4.542957652699084e-05,0.0009302984584461491,0.002788196910511355,-0.0001576597040349696,-0.00023453885858707116,-0.00012733719565651065,-0.0003237372094934665,-9.108673442493557e-05,-0.00011904131282458327,-0.0001500194722955769,-0.00021302903240375207,-0.0004468397660689153,-1.3215975327914736e-05,9.910626844924608e-06,-0.0008662397211248182,0.003315838900479409,0.0038352446122602983,-0.0005539222197099074,-5.016001788051794e-05
75,0.005083430897105828,-0.0008229342373934699,0.007184115323153409,0.0003710660067471637,-0.000233780254017223,0.0007469870827414727,0.0015805417841131058,0.005484841086647727,0.007697365500710227,-0.0006575150923295329,0.0002625205300071001,-0.002487009221857227,-0.0005102699453180356,-8.044459603050023e-05,-0.0005931854248046818,-0.00032000108198686986,0.022065596147017044,0.008342396129261364,0.0007529800588434291,0.003173307939009237,0.0013899369673295546,0.0501708984375,0.0036791021173650544,0.013594193892045454,0.02029106833718039,0.005553548986261539,0.07696945017034357,0.009766318581321027,0.0709290937943892,0.011924050071022728,0.0008645491166548182,0.0004858537153764091,0.006296331232244318,0.01568447459827769,0.0016619075428355818,0.006111448461359192,0.00015553561123934147,0.006034157492897727,0.00020425969904118183,0.01124850186434659,0.00819674405184659,0.000833814794367,-0.0011539459228515818,0.02084229209206321,0.00837430087002841,0.005220586603338064,0.007689042524857955,0.017708518288352272,-0.0011045282537286817,-0.00017302720384164888,-0.00013573603196578672,-2.1674416281950557e-05,-0.0024179978804154817,-0.0006254071539098399,-0.0003641640598123644,-0.0002687519246881522,0.002126520330255682,0.0004940899935635636,-0.0001685856418176233,0.0009118860418146215,-0.00033682042902166367,-0.0004409443248401909,0.003612865101207382,0.0013665285977450274
76,-6.393952803283336e-07,0.001387812874533902,9.478764100507176e-05,-0.0002299980683760283,2.7905810963007316e-05,0.00023508613759819463,5.3319064053620456e-05,-0.0005113861777565574,0.022993607954545456,0.0023583498868075,0.006409384987571018,0.004562551325017764,-0.00031147219917989803,0.0021299882368607716,0.0001650723544034091,0.004924860867587009,-0.00017587027766487843,-0.0004208033735101839,2.817674116656136e-05,-9.652701291171582e-05,-0.00041659853675148474,6.632371382273009e-06,-7.491761987858984e-05,-0.00011242519725452884,0.0006661848588423,0.0015712217851118636,0.000971360640092309,0.0020509199662642,0.0012035369873046634,0.0015695745294744363,0.0009505532004616364,0.0013241334394975,-0.001369855620644315,-0.00012917952104048635,3.107298504222211e-05,-0.00014663826335558486,-0.000461108305237508,-0.0002383671023628701,-0.0005163712935014364,4.23951582475091e-05,0.005289966409856623,0.0004579370672052273,-0.0005424672907049,0.00536305254155939,0.016789523037997155,-0.004268516193736683,-0.009694186123934655,0.0008449554443359183,0.0003558234734968819,-0.0005282922224565043,0.0001955899325284273,-0.0019486167214133364,0.00014695254239169089,-0.0008527582341974454,-0.0012049241499467365,0.0008379762822931611,0.02690089832652699,0.1867703524502841,0.08031186190518466,-0.011848449707031245,0.013123425570401274,0.264625375921076,-0.00012727217240766358,0.008823026310313842
77,0.00014946677468039094,-2.586570653047889e-05,0.002635175531560718,0.00021602890708230724,0.002098430286754264,0.0010969855568625801,0.0006915439258922454,0.0009333003651012091,0.00012428110296075368,0.0007139552723277546,0.02860468084161932,0.0012451572851701251,0.009611476551402692,0.0006606362082740999,0.0122222900390625,0.0027243874289772634,-1.7664649269610116e-06,-0.0029803189364346633,0.0013265609741210983,0.03498701615767044,-0.00021688911047848221,-1.192092895530556e-07,-0.0005519064989956864,0.002792445096102636,2.5922601873205395e-05,-0.0006551254879344315,-0.0002919110384854364,-0.0007227767597545333,0.0001267736608331911,-2.4665485728869044e-05,-0.000860387628728691,-0.0004087794910777676,-0.00014846975153142756,0.001421798359264046,0.0013597661798650546,-0.0005901510065252181,-0.005276766690340909,0.0016077215021306818,3.8054856387042564e-05,8.951533924447982e-05,0.024308638139204544,0.002306417985395927,0.03794375332919034,0.022065509449351907,0.010588559237393474,0.006797096946022736,-0.001074704256924709,0.0013210123235529133,0.0022375800392844636,0.09660478071732954,0.05307041515003552,0.06396761807528409,0.11289769952947443,0.171966552734375,0.05533530495383523,0.07479533282193271,0.0022240985523570697,-0.0012559023770419,0.0013869675722989088,-0.001428690823641691,0.009115045720880682,-0.0006812702525745726,0.01530179110440341,0.0008697509765624909
78,0.024716463955965908,-0.004725954749367454,0.019857753406871445,-0.0002164190465753774,0.007193825461647732,-0.017279885031960228,0.0036047155206853907,0.0023710077459162,-0.00018931518901476,-0.0004468722776933054,-0.00030515410683371345,-0.0005106492476029818,-0.0007107474587180318,-0.00048721920360217825,0.00018366900357332983,0.00011860240589488978,0.0034068714488636274,0.00021486932581120364,-0.0005868239836259482,-0.00042423334988680414,0.0029955777254971633,0.00029858675870028174,0.00047523325139823945,3.6369670521122726e-05,-0.005091580477627845,0.005870082161643277,-0.0008955001831054637,-0.0002009760249744444,-0.00013693354346535423,0.00010126287286929488,0.0020968697287819453,-0.000143560496243559,0.0041423277421431,0.002595207907936792,-0.0006289048628373551,0.005833018909801136,-0.0005781758915294209,0.0004986849698153272,0.0009352944113991183,-7.731264287776291e-05,-0.002538507634943182,-0.0004393837668679001,-0.00034103068438445203,0.00020772760564630904,5.5367296392269086e-05,-0.0004941550168123854,0.0006692626259543789,-0.0003496083346280151,-0.00024396722966973694,-0.0006213296543468061,0.004002657803622163,-8.198347958652307e-05,0.0006061033769087273,0.000651793046431091,0.006687511097301136,0.0006293166767467283,-0.0003771348433061182,0.0001893477006392182,-0.00024274262514980757,-0.00015228444879703608,-7.37228176810448e-05,-2.055818384342109e-05,-0.0004659999500621546,-0.00013280998576771128
79,-9.07507809725379e-05,-3.970753062855681e-05,-0.00023685802112924546,-2.2866509177455534e-05,-0.0008916583928194874,-0.00019801746715195081,-0.00010341405868529477,-0.00025677680969237,0.0006294033744118345,0.00017079440030186367,0.0005006356672807091,-0.00046157836914062793,-0.0001879605379971545,-0.0006297718394886364,1.7634378805682487e-12,-0.0015973611311479027,-0.009644768454811799,0.0012746615843339413,2.3641369559546986e-05,3.481453115289407e-05,-0.00037635727362198587,2.9764392159207e-05,3.9371577176173364e-05,0.0014194575223055725,-0.00040725957263600484,-0.0010480880737304818,-0.0017294450239701727,0.0005930120294744272,-0.0007873448458584818,-0.0005933588201349517,-0.0006026788191361912,-1.0403719815187445e-06,1.2679533524962069e-05,-0.00012188607996157152,-0.0002760345285588914,-1.1211091821829438e-05,1.9406730478451328e-05,-0.0004838596690784727,-0.0002289251847700659,-0.00033057819713247277,-7.103789936412037e-05,-0.00013912807811390413,0.00012883273037998493,-0.0003393129868940936,-5.7242133400631414e-05,-4.781376231801336e-05,-6.515329534357017e-05,-0.000640739094127294,-0.00046331232244318637,-0.0002735419706864728,-0.00021110881458629203,4.954771562057074e-05,-0.000273168087005626,-0.00020181049000134193,-0.0033719322898171176,-0.0005016326904296784,0.00039360739968039086,0.00014870817011051208,-0.0001517209139737034,8.746710690583458e-05,-0.0001632083546031616,-0.00012406435879794547,-0.00010656226765025518,-3.402883356268069e-05
