layer,0,1,2,3,4,5,6,7,8,9,10,11,12,13,14,15,16,17,18,19,20,21,22,23,24,25,26,27,28,29,30,31,32,33,34,35,36,37,38,39,40,41,42,43,44,45,46,47,48,49,50,51,52,53,54,55,56,57,58,59,60,61,62,63
0,-0.00025244355201721187,-0.00038805007934570375,-0.0003603696823120125,-0.0008626818656921381,-0.0004117488861083994,-7.047057151794188e-05,-0.0005117535591125488,-0.00041871070861816006,-0.00036311149597167936,-0.00018097162246704374,0.0008433222770690925,-4.9602985382081246e-05,-0.0003195524215698237,-0.0006553769111633275,-0.00023632049560546746,-0.0004739522933959969,-0.0006515979766845725,0.00046291351318359373,-9.246468544006187e-05,-0.0006028413772583025,-0.00038081407546997753,0.00034307539463043296,-0.0004783034324645975,-0.0010939359664916956,-0.0011173963546752918,0.00015435814857483188,9.682327508926249e-05,-0.002685266733169555,-0.0001975923776626572,0.00020240545272827122,-0.0005966424942016612,-5.307346582412648e-05,-0.00030187517404556307,-0.00036735534667969004,0.0018875360488891605,-0.00021194219589233313,0.0005684047937393138,-4.3153704609682835e-07,0.0008550882339477544,-0.0003164470195770269,-0.00016751885414123562,-0.0003865480422973645,-0.00037722587585449437,-0.00019359588623047235,-0.00015693902969360249,-0.00029429793357849186,-7.718801498413625e-05,-0.0002647876739501956,0.00010206997394561859,0.000126048922538755,-0.000200802087783815,8.201599121093758e-05,9.500980377197377e-05,-0.0003606379032134987,-0.0003028124570846553,-0.0001538395881652825,0.00013923645019530998,-1.4784187078468249e-05,6.854534149169683e-05,-2.8353929519649586e-05,-0.00022459626197814824,-0.0002087593078613275,0.00014473497867584193,0.0003897428512573238
1,-4.635527729988398e-05,-3.1872093677519717e-05,-9.16577875614134e-05,-0.00010501071810721738,-0.00031018033623695474,2.555418759584068e-05,-5.008243024349574e-05,-0.00013749152421951115,1.717712730168896e-05,-0.00022957623004913051,4.0123984217647874e-05,0.000137421861290933,1.141652464866597e-05,6.079934537410668e-05,-3.181844949722052e-05,-0.00074652433395386,-0.00036020278930664186,-0.0005996286869049042,-0.000265592709183695,-0.0002765454351902076,-0.0001912511885166169,-8.769482374190932e-05,-5.1926821470259956e-05,1.0811537504197484e-05,1.3939477503299284e-05,-4.929825663566307e-05,7.084757089614556e-06,-7.98184424638695e-05,4.2736530303968344e-06,-0.0002314403653144872,-4.170089960091154e-06,-6.713978946208313e-05,-0.00028831660747527944,-1.3379380106926398e-05,-0.00012835813686251757,-0.00017809830605984263,-0.000306320190429683,-0.0001797195523977244,-0.00014801621437072928,0.00014946907758711978,-6.074085831649666e-06,-0.00020710825920104624,-4.71919775009156e-05,-0.00029118284583091634,0.00010751374065876422,6.776228547096199e-05,-4.8526003956794e-05,2.4404376745224663e-05,9.95725393295276e-05,-3.832401707768497e-05,7.012486457824389e-05,-5.8824475854635e-05,-0.0002197273075580554,-3.371164202690187e-05,4.30446118116359e-05,0.00010198801755905424,7.514655590056975e-05,0.00013768244534730683,6.429273635148668e-05,2.8550811111923228e-05,-0.00014670938253403,-7.181465625763019e-05,-4.913359880446994e-05,-0.00017950832843780103
2,-0.0004031062126159656,-4.299310967326152e-05,-0.00014798380434513859,-9.333156049251367e-05,-1.8045864999295784e-05,0.0001300323754549019,-3.820043057202607e-05,-0.00024263113737106015,2.223365008830497e-05,-0.00010869167745114074,-0.0001683248206973018,-0.00018414258956909131,-0.00013676621019840252,-5.298852920532077e-05,-0.00016086809337138597,0.0002986267209053016,5.662534385919385e-05,-9.712576866150287e-05,2.335421741008561e-05,-0.0003050714731216441,4.2034452781078856e-05,-8.564041927457158e-05,-0.0002704083919525173,1.8091499805447822e-05,-0.00016032122075557633,-2.8815120458671456e-06,-3.614015877247154e-05,-1.546856947243374e-05,-0.00012776087969541564,-0.00013925023376941355,-0.00013453257270157343,-0.0001099660992622396,-7.304176688194917e-05,0.0001231864094734147,6.80012628436079e-05,-5.7152658700944176e-05,9.40118916332333e-06,-0.00013271197676659129,-6.681755185127276e-05,-4.3195858597756995e-05,-1.8054246902466402e-05,-1.5671225264667684e-05,-5.2544102072714156e-05,-7.736235857010111e-05,-2.9513612389561797e-05,-9.457115083932465e-05,-7.831528782845024e-05,-0.00015237927436828939,-0.000127440877258777,-0.000310919433832168,-0.0003209859132766743,-3.495868295430969e-05,-6.39561563730242e-05,-3.849007189273967e-05,3.2395124435425116e-05,-0.0001529246568679809,-0.00011616945266723503,-0.00016508102416992187,5.4407119750976865e-05,1.5124189667397019e-05,-7.276646792888397e-05,-8.331239223480314e-05,4.6855956315993914e-05,0.00011599063873291063
3,0.00010143108665943147,-0.00010877773165702646,-6.076917052268621e-05,-0.00043546557426452515,0.0001631081104278531,-0.00011742599308490998,-0.00021381974220275858,0.0005032360553741449,-0.00029754638671875,0.0001685261726379406,5.6430697441098946e-05,7.879734039306688e-05,0.00013217926025390624,9.214878082275437e-05,0.00018806457519531124,0.0001740515232086204,-5.45497983694046e-05,-9.853905066847747e-05,-1.7273798584936916e-05,-9.64097678661325e-05,8.406639099121252e-05,0.0001096658408641817,-1.6733352094888575e-05,-3.694854676723568e-05,-3.2052583992483045e-05,6.031990051265971e-06,-4.6458095312116436e-05,-1.0574609041214548e-05,7.987543940543577e-05,2.3972988128659568e-05,-0.0001811098307371171,6.252694875001717e-05,-2.383813261985947e-05,-7.995143532753142e-05,-0.0001388404518365908,-1.773163676262325e-05,-8.95697623491323e-05,-2.339333295822954e-05,-7.622372359038316e-05,-0.0003009170293807982,-9.080767631530844e-05,2.3554265499114794e-05,-9.510070085525536e-05,-0.00011466667056084031,-0.0001666884869337089,2.0051747560494995e-05,-0.00014741420745849747,-1.5203282237046605e-05,-3.431439399719163e-05,-3.2333657145503896e-05,8.349120616912876e-05,-5.818605422973265e-05,-0.0001267731189727814,0.0002433776855468744,0.00017074048519134523,-3.9776414632801976e-05,0.0002516925334930426,-0.0001479163765907285,5.62399625778179e-05,-4.671914502978245e-05,-0.00027023851871490947,-0.00018606483936310113,-0.00013843737542629215,-0.00012923479080200585
4,3.5911798477162645e-06,3.08749731630001e-06,-0.00023796744644641985,3.1995587050914825e-05,6.425958126783035e-05,-3.8326438516380535e-05,-4.407158121470778e-06,3.10570932924698e-05,0.00010863989591598455,-6.0016848146913205e-05,-4.4600665569306916e-05,8.534649387001927e-05,3.945305943488745e-05,2.775499597190978e-05,-2.4596601724625018e-05,1.0396912693974993e-05,4.770583473144985e-06,1.945113763212736e-05,1.1411728337416097e-06,-8.319169282913747e-05,4.904510569758382e-06,-2.404353581368359e-05,5.090162158012019e-05,-7.213419303295106e-06,7.94297084212272e-05,3.354996442794519e-05,-5.7443976402286225e-05,-1.104846596717813e-05,-0.0001174751669168485,-1.2332014739518023e-05,-2.8999336063867728e-05,-6.804689764976298e-05,-9.172782301902462e-05,3.196150064467681e-05,1.810863614084887e-06,-1.055039465427063e-05,-2.462491393089019e-05,-4.222448915243049e-05,-3.495756536722441e-05,-9.834505617618781e-05,-0.00010585710406303469,-1.6882643103600807e-05,-0.00010423511266708231,-0.00016164034605026375,-2.605095505715123e-06,-2.9787607491015606e-05,-0.00013556592166423864,-0.00012599602341651937,1.0706484317779497e-05,0.00022456645965576125,3.2490491867068216e-05,-5.070399492975436e-06,-2.0494684576986912e-05,2.38659325987109e-05,2.2250507026910663e-05,8.639972656963986e-06,-5.248785018920476e-05,-3.818273544311687e-05,-6.049908697605625e-05,-4.136562347412055e-05,-1.6736984252929383e-05,1.4681741595264847e-05,2.149725332856511e-06,-4.959609359502594e-05
5,-0.00011774301528930937,-0.0001315593719482425,-0.00014915466308593938,0.00014514140784740691,-0.0001990456134080906,-1.6450881958008128e-05,-0.00028180181980132837,-2.02461145818271e-05,0.0001431554555892923,6.228461861610199e-05,-3.9547681808475623e-05,2.0117778331039628e-05,-0.00015927664935588801,0.00021771788597106873,0.00016152970492839703,0.0006218463182449331,0.00014175167307257813,1.108180731529881e-06,0.00012304997071623915,-4.7508627176269745e-06,6.812792271375525e-05,4.949122667312491e-05,-0.0001107038930058485,-6.148591637614285e-06,0.0006708383560180669,-2.925731241702963e-05,0.0003356382250785831,1.4159828424453698e-05,0.0005513429641723625,8.280873298645312e-05,1.3787299394606365e-06,-5.738437175752257e-06,3.823013976215829e-05,-2.774554304778455e-05,-5.900906398892285e-06,3.847107291221714e-05,-5.0295051187275906e-05,4.223259165882504e-05,5.7867448776956664e-05,5.849897861480768e-05,7.383897900581285e-05,-0.00015347748994827315,-0.0001606293022632576,0.00010328590869903736,-8.650617673992455e-05,9.833313524722441e-05,0.00013313293457031352,4.8960745334620146e-05,8.442997932432736e-06,-3.984114155173198e-05,1.6196817159653785e-05,-3.2044947147367474e-05,-5.2303075790432734e-06,-0.000297945644706488,2.925018779933015e-05,9.353738278148744e-06,-0.00011125802993774376,7.000621408223971e-05,3.609098494053189e-05,-4.2880140244959556e-05,7.086079567670788e-05,-1.801699399948056e-05,1.2356787919992196e-05,0.0001224485225975535
6,3.376603126525579e-05,3.572553396219304e-07,9.050369262695335e-05,7.883161306380924e-05,5.5438280105590625e-05,8.12768936157229e-05,9.733438491821313e-05,0.000204890966415405,-0.0002665266394615179,0.00019225031137466215,-0.00010654628276824897,1.2202560901647075e-05,3.57508659362822e-05,-0.00014981469139457366,-9.510796517133624e-05,5.003809928892929e-06,5.844235420226937e-05,1.505315303802668e-05,-7.033720612526666e-06,-4.319548606872376e-05,1.2189149856569121e-05,1.2338161468506244e-05,8.215475827453916e-06,1.9667483866213054e-05,2.5463663041588044e-05,-6.0644187033182105e-05,-0.00015573948621750084,-3.9041042327882506e-05,8.90623778104794e-06,-9.073093533516228e-05,-0.00021615624427795657,7.507950067520246e-05,2.9037892818453036e-05,8.671656250953589e-05,0.00014040395617485112,0.0005374535918235784,-4.36797738075232e-05,5.685016512870793e-05,0.000155651569366455,-1.1482462286951088e-05,1.0536797344686669e-05,0.00010496675968170219,0.00011309608817100965,7.12618231773362e-05,-3.818422558109654e-09,-0.00012435577809810782,-2.3458153009442402e-06,0.0002203948795795478,9.5021724700929e-05,2.6611424982545943e-05,7.082819938659562e-05,0.0004821479320526123,-1.0469369590283907e-05,-1.9434746354824105e-05,6.762221455574074e-05,0.00012425184249878027,-1.4749169349671519e-05,7.861293852344679e-07,-9.567961096763277e-05,-2.1781795658168478e-05,-8.902326226239883e-06,-3.2291375100611955e-05,-6.054956465958921e-05,4.768371582031187e-05
7,0.0004038736224174491,-0.00019353553652763793,1.0213255882261887e-05,0.0002082288265228275,0.00013513565063476732,0.00019280612468719252,-3.1432136893274934e-05,-5.4744724184275294e-05,-7.110089063649687e-06,7.630418986081848e-05,4.3670833110806586e-05,3.4510158002370986e-05,0.00011663436889648375,2.7728080749510624e-05,2.3271143436430754e-05,-1.58632174134242e-05,0.000545597076416015,-0.00018467381596565247,0.0001454561948776239,0.0009704902768135073,-7.971003651619023e-05,-1.9097328186034376e-05,0.0008503556251525868,-3.535747528075999e-05,-0.00019416809082031127,0.0003631468862295123,2.027377486228986e-05,2.0643323659896734e-05,0.00014334917068481375,0.00011392831802367999,0.00015984922647475637,-1.8816441297532354e-05,2.6322901248931377e-05,0.00012887604534625818,-2.1692365407945088e-06,0.0009879507124424009,8.356256876136165e-06,0.00023828148841857814,-7.81409442424753e-05,0.0005757167935371408,0.00022533312439918215,3.1104683876036644e-05,5.204305052757134e-05,0.00019669681787491195,0.00021947622299194435,4.4851377606391225e-05,0.00023311972618103122,7.342100143432739e-05,-2.6691332459452393e-05,6.0859322547914547e-05,5.9235095977784386e-05,8.047521114349129e-05,-1.986920833587777e-05,5.68479299544831e-06,-7.626228034496741e-05,1.8759816884996927e-05,-7.551368325948372e-05,-3.355080261826302e-05,4.0264055132866574e-05,-0.0005110684782266607,-0.00010990798473357996,-0.00012374818325043053,1.755952835083195e-05,-0.0001041851937770847
8,1.5017762780187709e-05,3.75406816601736e-05,6.184987723827543e-05,-5.231052637100375e-05,-5.096606910229267e-05,-5.584387108683583e-05,3.121420741080575e-05,2.7747824788070486e-06,-5.878880620003761e-06,-2.6840111240749024e-05,-0.0005994796752929688,-4.595704376699861e-06,5.16593456268275e-05,6.275698542594941e-05,0.0002247303724288934,0.00013316571712493737,-8.826591074466815e-05,3.3707916736605106e-05,-1.77871435880671e-05,-4.993975162506203e-05,0.00014221668243408374,0.00011644028127193408,7.025338709354224e-05,-0.00010889470577240415,-0.00012367591261863568,-2.7813017368318602e-05,-8.12096521258348e-05,-0.00011375769972801503,-4.181768745184174e-05,6.562769412994313e-05,-2.3612007498743942e-05,2.61921435594556e-05,5.858922377228895e-05,0.00016101356595754705,5.682818591594715e-05,-4.883855581270084e-07,-0.00011223275214433337,3.4541636705399274e-05,3.122687339782568e-05,-0.00022335499525070486,-4.444569349289187e-05,-3.4154392778870286e-05,3.134198486804932e-05,1.3400986790655704e-05,-0.00013098493218422196,-6.705597043037854e-05,0.00012357346713543047,1.821569167077668e-05,1.020673662423863e-05,-1.3520196080209113e-05,-2.5357492268081144e-05,-9.14469361305263e-05,0.0003849178552627559,3.1586736440662025e-05,2.769865095614874e-05,-0.0001543570309877307,-9.175837039947623e-05,2.470165491104153e-05,0.0002829074859619108,4.3976306915283986e-05,0.0005822479724884038,0.00016352534294128562,3.145150840281618e-05,1.4973350334913102e-05
9,-6.71222805976911e-05,0.00024658963084220906,-0.00027422308921813855,-0.00014817714691162126,5.05320727825139e-05,5.662217736243988e-05,-0.00020682029426097786,-0.00010140165686606966,-5.108974874019821e-05,0.00012149699032306732,7.852911949157184e-05,-7.38508999347714e-05,-9.425580501556563e-05,0.00014163330197334458,0.00014097765088081312,2.6877969503403665e-05,2.652406692500491e-06,-4.063919186591852e-05,-0.00026577897369861413,-8.224621415138688e-05,-3.2163225114370792e-06,7.405430078506101e-05,-0.00027404576539993245,7.313489913942836e-06,5.0484761595726656e-05,0.00011121630668639643,-1.9559077918531003e-05,3.497675061223448e-06,-0.00043411552906036263,2.8723850846299193e-06,-5.3930655121806914e-05,0.00022928416728973288,-6.658770143985299e-06,-0.0004956804215908051,-0.00019835233688354623,5.05894422530935e-06,3.8743019103410443e-07,-7.5388699769928245e-06,9.062886238098313e-05,0.000669097900390625,-0.00011342540383339303,0.0004832923412322981,-5.244649946687841e-06,-0.00015868265181780166,-3.535170108080311e-05,-0.000483741611242293,-0.00016530714929104088,-0.00011210739612579323,-0.00019841641187667817,5.119889974593936e-05,-2.6360154151917148e-05,-0.0002509251236915581,0.0004308640956878662,-0.0001762848347425513,-0.00016757017001509965,-1.440718770027125e-05,-0.00037944018840789696,-0.0001338060945272422,9.127669036388138e-05,-0.00038795731961727,-0.0003001958131790096,-0.000568230450153353,-0.00030172169208526715,-0.00010206550359725891
10,0.0031177520751953123,0.00034766197204589807,0.00014305710792541875,-5.147978663444518e-05,0.0006425142288208018,0.00014988780021667563,0.0006907355040311773,0.0004923343658447262,-6.948038935661973e-05,-1.150444149971094e-05,-0.00015929341316223074,1.2227892875671275e-05,8.144229650497671e-05,-9.789615869522275e-05,-7.131695747369969e-06,-3.9485096931459664e-05,-1.5032291412354326e-05,0.0001180112361907975,0.00030628647655248407,0.00035129189491271814,1.1336803436279743e-05,-2.239942550659344e-05,4.8638880252830944e-05,0.0005333930253982537,-0.00015706419944763216,8.549690246582125e-05,8.369684219360375e-05,0.0002765528857707947,6.198883056640888e-05,-3.298465162515413e-05,5.647540092467502e-07,-0.000271330773830413,-0.0007727265357971206,0.0003806091845035518,0.0012057393789291393,1.318454742431275e-05,0.0011551588773727425,-4.27737832069706e-06,0.002260518074035644,-3.5078078508379084e-05,-8.650086820125423e-05,-9.008198976516938e-05,0.00031031370162964,0.000229468941688537,1.2884289026260999e-05,2.4898350238798092e-05,-3.057718276975013e-06,-0.0002105859108269184,0.001844736933708192,1.0585039854045807e-05,0.0003561079502105692,0.00013975836336612498,-7.261112332344495e-05,4.823617637157089e-05,6.138640455901599e-05,0.000409833714365959,-2.7970969676972552e-05,2.1762400865556304e-05,-0.0001479964703321454,0.00019229128956794336,-0.00015307813882827978,-6.487071514130039e-05,0.00011182948946952741,-0.00010187774896621869
11,-0.00011336952447891346,-0.00024834200739860346,0.000823210924863816,-0.00016192421317100524,-0.00021936446428298556,-0.00027229189872741565,-0.00042742490768432937,-6.663417443633469e-05,8.325576782226562e-05,4.987902939319545e-05,7.858127355575487e-05,4.530176520347353e-05,5.7410448789593935e-05,-1.198798418045091e-05,-0.00190528631210327,-0.00011770352721214203,-6.196722388267643e-05,0.0001334056258201585,-6.279945373535598e-05,6.81303441524488e-05,-9.526461362838616e-05,0.00017397701740265169,0.0002626106142997711,-0.0002657026052475016,7.665529847143889e-06,2.4255365133280583e-05,0.0002342268824577309,0.00019098315387964312,-7.573775947093366e-05,0.00011746585369109847,-6.532296538353002e-05,7.239282131195011e-05,-6.944872438908209e-07,2.9864534735676895e-05,-5.507580935955152e-05,-0.00016426444053650187,-8.311867713929362e-06,-7.578432559967392e-05,6.812810897823121e-06,1.2099742889364074e-06,-3.23886051774051e-05,0.00015990287065506043,-9.280163794755681e-05,-5.2689760923390605e-05,9.599328041074589e-06,-7.249247282743733e-05,-3.636823967099332e-05,-2.885586582124778e-05,0.0005988433957099904,4.9835443496702104e-05,-2.3223459720619737e-06,0.00012092590332031187,9.436607360839875e-05,-0.0001340925693511965,9.433180093760594e-06,0.0001937270164489756,-0.0009204745292663569,-0.00010333210229873913,-1.0395795106888988e-05,0.00018568746745586685,0.00015393793582915973,-0.00020476505160331644,-1.2399256229402126e-05,-0.0007086738944053643
12,-8.27327370643591e-05,-7.331371307372758e-05,-1.5050172805786448e-05,-0.00025133118033409546,7.101595401764145e-05,-0.00011372007429599748,-4.5222043991091526e-05,-0.00014047846198081984,-1.5147496014838217e-05,-0.000742241740226743,-0.0002516355365514763,-0.0001119971275329558,-1.4848634600640496e-05,-4.510022699833262e-05,-0.00031100213527679373,-0.0003820925951004006,-0.00021318495273590191,-9.301751852035395e-05,-4.3994188308716994e-05,-7.612183690071365e-05,-0.00022819638252258556,-0.00013906508684158306,-5.319081246852992e-05,-0.00012922585010528945,-0.0002831518650054931,0.00041267573833465637,-0.0006309986114501938,-3.439188003540126e-05,-0.00019420087337493873,-0.00018583238124847515,-6.856173276901402e-05,0.00021562576293945418,-4.8744771629575956e-05,-0.00016341619193554075,-3.310907632111985e-05,-0.00018367916345596248,-0.000595110654830935,-6.437897682189967e-05,-1.1116266250614247e-06,-3.4968275576828245e-05,-1.7289910465482314e-05,0.00024352967739105441,-0.00017416775226593344,-5.707591772079152e-05,0.00019441023468970975,0.00010856613516807864,-0.00034918412566185006,-0.00010776072740554542,-0.0017358750104904184,-4.087630659341488e-05,-7.08876177668421e-06,-9.29255038500463e-06,-6.197392940526288e-06,-0.00013052038848400827,-0.00013917386531829258,3.3748894929887266e-05,1.0073184967040062e-05,3.054141998291074e-05,-0.0005885004997253434,0.00021669417619705095,-0.00013223104178905265,-0.00010530762374400828,-0.0006257176399230957,0.0030615985393524165
13,-0.00021421760320663002,-0.001010453701019285,0.0015584856271743763,4.5561045408242e-05,-1.076548360288346e-05,-0.00010375007987022292,0.0013149857521057133,5.0649605691435384e-05,0.00014101713895797366,1.5233457088470702e-05,0.00012050345540046816,-0.00012682229280471777,0.0004527270793914788,-0.0006682842969894394,1.697540283202612e-05,9.247511625290074e-05,-0.0003743991255760177,-0.0007413923740386961,-0.0015839695930480956,-0.0026829242706298845,-0.0007289528846740725,-0.0009172767400741574,-0.0007843285799026493,4.783272743223726e-06,-0.00011256933212280295,5.000233650207086e-05,0.0001488000154495224,3.0035525560379104e-05,0.00021248497068881495,6.441473960876521e-05,0.00012052915990352676,-1.675263047218585e-05,4.667937755584637e-05,-0.00044170469045638544,-3.633052110671979e-05,-0.00035993456840515,-0.0005563262850046131,-0.0003315567970275877,-0.0007423028349876404,-0.0005218267440795912,-8.581876754760705e-05,-0.00016361474990844594,-2.6772916316988643e-05,-5.7166814804076804e-05,0.00022770036011934055,-0.0002647966146469106,-0.00011518783867358627,-0.0001110190525651007,0.00018471251241863106,0.00022047199308871976,8.15242528915407e-06,5.819573998450948e-05,-0.00023795831948518375,-0.00025492813438177586,2.8043054044245752e-05,-1.7426535487175874e-05,1.9398331642152206e-05,-0.00015850421041250379,-7.24329613149164e-05,5.0745904445648065e-05,0.00011450052261352629,0.00010905861854553253,-9.930431842803437e-05,-2.266615629196093e-05
14,8.66696238517714e-05,0.00012533664703369188,0.00017062053084373222,3.0167400836941934e-05,0.0020111799240112318,7.450580596925622e-06,0.00044301748275756627,-3.1767785549167276e-05,-0.0013948798179626467,0.0009689003229141242,0.0049388885498046885,0.0003225713968276993,-0.00016534328460693492,-0.00032595545053482283,-0.00019948780536651716,-0.0042303532361984255,-6.96208328008636e-05,-0.0008161962032318138,-1.906976103784158e-06,-0.0005006670951843274,0.0004641592502593994,-2.4770200252535496e-05,-0.0002556204795837408,-0.0070917606353759766,-0.0007429629564285275,-0.0007719546556472793,-0.0004952564835548402,-0.00010670647025108051,-0.0006544642150402049,-0.0007838010787963862,0.0002683684229850795,-0.02136605978012085,-0.0005793482065200826,-0.0002521991729736337,0.0005187511444091793,-0.0002990469336509705,-0.002161467075347901,0.0004995346069335937,-0.0003204911947250368,-0.0002513393759727461,-8.002929389476859e-05,-0.0011351346969604493,-0.0020684003829956046,-0.0007365077733993535,-9.044259786606045e-05,-0.007776618003845215,-0.002080965042114258,-0.0019645929336547857,-0.000538967549800869,-0.00022502243518829113,0.0001929283142089825,0.0001854747533798264,-0.00016360357403754643,-0.00019427239894867417,-2.2979080677028427e-05,-0.00028341859579086116,-8.950382471090178e-06,-4.102587699890092e-05,-0.0003850929439067848,-0.0004102073609828931,0.00057246685028076,-0.00015386641025543342,-0.00023571550846099797,-0.00035508126020431777
15,1.974254846572967e-05,1.794844865799222e-05,-0.0003513738512992794,-5.23731112480178e-05,0.00012669563293457063,-0.00043099522590637096,-0.00017225742340088202,-0.0008545279502868656,0.0020253300666809083,-0.00016034804284572197,0.0002311855554580664,-1.122560352087142e-05,-0.0015718430280685434,-0.00415392592549324,1.8849968910070783e-07,-0.0002105116844177256,-0.004292255640029906,-0.00017460184171795172,-0.011009234189987184,-0.006495659425854686,-0.003290322422981262,0.0036383152008056642,-0.0029101252555847174,0.004848289489746095,-0.0001624673604965255,-0.000768342614173889,5.466490983967107e-06,4.814565181732499e-05,0.000452320277690885,-4.547275602821091e-06,-1.4707073569298902e-05,7.895790040493225e-05,2.3752450942993123e-05,4.589557647704364e-06,1.2567639350889695e-05,0.00019547417759895194,-2.6300549507140876e-05,0.00035735666751861625,3.399252891540438e-05,0.00013649091124534526,-0.00018838047981262188,-0.0018074512481689436,-0.0002080231904983525,-0.00035207569599151744,-0.00020327344536781402,0.0006056964397430436,-0.000940135121345521,-0.0003537267446517944,-0.0001840457320213356,-0.0002589207142591416,-0.0018559694290161137,-0.000273548066616057,-0.00015362054109573526,-0.0006329059600830083,-0.0032926566898822825,-0.0006477046757936459,-9.239353239536504e-05,0.00026210546493530195,0.000705742835998535,-0.00034611150622367677,0.00015806974843144504,-0.000430920720100401,-1.6135722398764354e-05,-0.00013593584299087486
16,-0.00039660036563873553,-8.827615529297837e-05,4.801526665687744e-05,-0.00042466595768928043,8.567199110985281e-05,0.0001273617148399346,9.768828749656707e-05,-3.065764904022261e-05,0.0003122657537460348,-5.451291799545262e-05,9.438470005988944e-05,0.00038958191871643,3.30172479152692e-05,0.00016697496175766124,0.00013499129563569753,0.00014018714427948,6.46952539682351e-05,0.0006468340754508951,0.002084243297576906,-0.0002763085067272168,-3.2631680369379244e-05,-8.307006210088303e-05,0.00022143498063087173,0.00011037588119506567,0.0001422233879566225,0.00013562887907028154,0.00021508336067199626,-0.001347938179969786,0.0006486110389232653,0.0007368229329586067,-0.0008519291877746582,-0.0013664096593856818,0.0002664476633071894,-4.8148632049557915e-05,0.00021730661392212062,-0.0003651797771453863,-0.008416205644607544,-0.003684437274932861,-0.00010146945714950143,0.00020795390009879978,-0.0007153272628784181,-0.0005186766386032096,-2.282932400703167e-05,0.00048242658376694125,-0.0017035260796546899,-0.00029344707727432383,-0.0014160782098770145,-0.002970835566520691,-4.635304212570406e-05,-0.00015956889837980305,0.00011825151741503884,-0.0003569673746824298,-0.0009207978844642609,0.00021573305130004973,-8.10436904430163e-06,-0.00032096281647682354,-0.0006687581539154043,-0.0005056045949459071,-8.722525089979007e-05,-6.619468331337337e-05,-0.0009333238005638127,0.0005203723907470693,-0.003491212427616121,-6.613917648792552e-05
17,0.00040941834449768,4.343986511230197e-05,7.817149162292456e-05,0.0001681879162788395,9.86501574516282e-05,-0.0002894677221775034,-2.8723478317263126e-05,-5.595125257968649e-05,-0.00022519752383231965,-0.0031351953744888313,-0.0016910254955291744,0.000148427486419675,-0.06423524618148804,4.0862709283828945e-05,-0.00019391179084777876,0.0003701075911521926,-7.032491266727806e-05,-0.0010831832885742168,-0.0029359668493270873,-0.00019066035747527946,-0.00010039806365966788,-0.0003257751464843732,-0.0001302212476730354,0.00013776458799838866,0.0002064883708953844,-0.0011772714555263553,0.00019391551613807926,-0.0031734734773635844,-0.0002200514078140245,0.0007972486317157736,-0.005932903289794922,-0.0012087136507034325,-0.0007170863449573459,-0.00013913027942180533,2.009049057960266e-06,6.594154983758968e-05,-0.00032409243285656103,-8.698888123035299e-05,-0.0005920320749282842,-0.0007280379533767701,7.016044110059278e-05,0.00011697635054587988,0.0001339677721261948,0.0006747588515281645,-6.764233112335172e-05,0.00043921172618865826,-5.326084792614569e-05,-0.0002214275300502746,-0.00481259822845459,0.00011864602565765351,-0.0019304722547531148,-7.407665252685876e-05,-0.0005468726158142088,-0.00021426081657409564,-0.0010946422815322863,-0.0018041133880615245,-0.004221660271286965,-0.0029948458075523365,-0.002103376388549804,-0.012539148330688477,-0.0028879582881927517,-0.003595409542322158,0.0004888534545898434,-0.00032314211130141926
18,-0.00016653984785079922,-0.001214754581451416,-0.0014878273010253905,0.0002767801284790073,0.002760028839111328,0.0016378641128540039,4.663467407226493e-05,0.005263137817382813,-0.0010368406772613505,-0.001031564548611643,-0.001678112149238587,0.00017578490078449285,0.003274177014827731,-0.0027665704488754285,-0.0012260138988494844,0.00010157711803913106,1.3077259063725637e-05,-0.0021384656429290806,-0.005057215690612795,-0.0027610212564468375,-0.000599184632301332,-0.002331033349037172,-6.667897105215137e-06,-0.0006611377000808747,-0.0008930742740631131,-0.00033967792987823564,-0.0009062215685844444,-0.0006014019250869741,-0.0007980316877365081,-0.001651653647422789,-0.0008337110280990613,-0.0011918671429157267,0.00011089295148849416,0.0001700900495052302,0.0004103604704141565,-0.0005046285688877086,-6.957352161415331e-06,-0.0006179451942443832,-3.4742057323459016e-05,0.00020714104175567727,-0.00017078369855881014,-0.0038651347160339354,0.00036763399839401397,0.000145775079727171,0.000321857631206514,-0.0016722142696380625,-0.0005064986646175335,-0.017509448528289794,-0.0019495099782943736,0.0012210279703140255,-0.0006286263465881337,-0.004932618141174317,-0.002024260908365252,-0.0005522966384887687,0.0002629533410072314,-0.005110037326812745,-9.926557540893626e-05,0.0003700852394104006,0.0025055170059204096,-0.0014081954956054687,-0.0004674017429351819,0.0018147557973861705,-0.00033697783946990784,-0.00013525709509849563
19,0.00032295174896716696,-0.0005496188998222343,-0.0012315630912780756,2.627372741699119e-05,-0.001637910306453705,-0.00011580102145671788,0.0002938210964202875,0.00012485235929489275,-0.00043027400970458774,-0.00012937262654304417,-0.00043621957302093496,-0.000391241908073425,-0.0006176672875881158,-8.34196805953966e-05,-3.890544176101506e-05,-8.635520935058568e-05,3.3918023109435714e-05,-0.001413834095001222,0.0018496513366699195,-0.00014636516571045003,3.3260509371763386e-05,-0.000779075920581817,0.0004792064428329488,0.00038981735706329303,0.0003271162509918209,-9.139403700828737e-05,0.0002144485712051382,0.00015760362148285,-0.00012459605932235883,-0.0005746483802795424,0.00015207231044769273,0.00030823349952697614,-4.699602723121963e-05,-0.0009574085474014281,-0.0022305369377136246,-0.0006172567605972283,-0.00278918743133545,-0.001934880018234252,-0.002576971054077148,-0.0033542871475219734,-0.00012067817151546727,1.7705559730530738e-05,5.342364311218562e-05,-0.00017037987709045505,-0.00010443031787872419,9.258762001991059e-05,6.021484732627771e-05,-8.955374360084415e-05,0.0001624837517738357,0.00012560077011584755,0.0003969550132751468,-0.00014385618269443907,8.495450019836558e-05,-0.00017634928226470894,-0.00025821030139923574,6.341040134429625e-05,0.0010554134845733643,0.00024559795856475737,-2.2386386990549085e-05,1.831948757171026e-05,-0.0005918547511100809,4.8151612281801595e-05,6.972476840019074e-05,0.0007251888513565067
20,-0.0011067926883697543,-0.0006713986396789543,-0.0010382235050201394,-0.00016076304018497041,-0.0003097265958786009,-0.0003550946712493899,-0.0009567648172378537,-8.287578821181984e-05,0.0001285821199417093,0.0005631029605865468,-6.029158830642938e-05,-0.0001735687255859362,-0.0014313310384750373,3.218650817880201e-07,0.0004287242889404293,-0.0008991986513137834,-5.379803478717856e-05,-8.673444390296698e-05,-0.00019148513674736113,-6.974148564040541e-05,-0.00014893300831317482,0.00019593238830566706,0.00023943036794662407,-0.0005012273788452159,-7.805041968822327e-05,-6.532669067381483e-06,-1.2867338955401572e-05,-3.6173313856131284e-05,-3.5138428211213546e-05,-3.063045442104576e-05,-0.00035409927368164096,2.727899700402567e-05,-6.2013976275926e-05,2.6057288050651024e-05,-0.0003728477284312263,-4.798527806997462e-05,-7.198583334684679e-05,5.2373483777044156e-05,0.0009079098701477051,0.0012611888349056226,-9.153448045254005e-05,-3.125173971057278e-05,-3.816394601017033e-05,-5.5655464529990586e-05,-8.796900510791693e-06,2.6109628379344343e-06,3.8145110011088485e-06,-4.702433943748515e-06,-0.0004918932914733853,-0.0006799921393394476,-0.00021634250879287964,-0.00013821721076965246,-0.0009533554315567004,-3.464668989181625e-05,-0.0007946446537971455,-0.00020499825477600237,-0.0021793425083160393,-0.00035945773124695067,-0.0008116826415061944,-0.0018141269683837886,-0.0007441192865371713,-0.0005680680274963387,-0.003568989038467408,-0.003053605556488037
21,-3.4248083829877916e-05,1.9153207540511694e-05,-7.381923496722927e-05,-0.00016222298145294103,-7.821545004845037e-05,-0.00010292977094650403,-7.047671824693783e-05,-4.302188754081791e-05,-0.00010673701763152827,-8.344277739519529e-06,-0.00018288530409336004,-2.7542002499153175e-06,2.71227210760122e-05,-0.00016637593507766,-2.505183219909633e-05,-0.00015630424022674755,-0.0009567707777023319,-0.003902542591094971,-0.0016367331147193916,-0.002065002918243407,-0.001778548955917358,-0.0013286665081977836,-0.000663912296295165,-0.0005008339881896962,-0.01631808876991272,0.0010122716426849375,0.002746719121932984,-0.0014419317245483424,-4.055052995681949e-05,-0.0006520301103591929,-0.03167123794555664,-7.742345333099417e-05,0.000282621383666995,-0.006392633914947508,-0.0019293099641799934,-0.0027004241943359374,-0.022223186492919923,0.0002717792987823475,-0.003090870380401613,-0.00813448429107666,-3.244876861572309e-05,-0.00366201400756836,1.1722743511198747e-05,0.00038368701934814474,-9.307265281677059e-05,-0.0006337776780128466,0.0002933144569396973,0.0008143126964569106,-0.00014345347881317196,-0.00039061456918716085,-0.0007546573877334586,-0.0004344120621681214,-0.000713154673576357,-0.00035380423069000095,-0.0012200236320495624,-0.0002671709284186391,-0.00020378530025482326,-0.00208512544631958,0.0012930788099765772,-0.002926993370056152,-0.003692007064819336,0.008922576904296875,-0.00022283345460891854,-0.00019915103912353425
22,-6.618816405532145e-06,4.249662160874042e-05,-2.538319677114044e-05,2.8017908334783615e-06,-1.766895875334054e-05,6.169639527799651e-06,1.6755331307651918e-05,-9.835511445993966e-06,-0.002824461460113525,-0.0006401658058166501,-0.0007068485021591165,-0.0018826007843017576,-0.001291835308074953,-0.0012705147266387946,0.0015282154083251956,-0.00033689737319946125,-2.3206695914267772e-05,-1.0940618813033926e-05,-6.8829860538205e-06,-1.3522710651155419e-05,-2.6176683604717373e-05,5.159154534342855e-06,-2.9427930712697156e-06,-1.5553645789623496e-05,7.60462135076453e-05,-5.184113979339733e-05,3.668069839477343e-05,-2.6167929172513208e-05,-0.0004603698849678014,4.807114601131702e-06,-8.97955149412143e-05,-0.00023397356271743808,-0.0004954464733600601,-0.000387918949127197,-0.0013103634119033805,-1.0276213288295857e-06,0.00017875432968139751,-0.00011010617017745788,-0.00029162466526031524,-0.0003406897187232927,-1.613385975360885e-05,-4.223408177494242e-06,8.720159530640137e-06,-5.414448678492881e-05,3.081858158111488e-05,-2.3720413446425475e-05,-1.5758629888294505e-05,-9.139701724052265e-05,9.927749633789188e-05,0.0004890367388725299,-0.0003745913505554213,-0.0019352495670318594,-0.001427161693572996,-0.0008324936032295196,-0.0018142223358154294,0.0038351297378540045,-1.1903978884217373e-05,-1.2529641389847041e-05,-1.4026649296282705e-05,3.3125281333923137e-05,-2.8960965573794325e-05,-9.519234299659638e-05,0.00014855489134788584,-0.0003340691328048729
23,-4.341118037700605e-05,-6.885938346385412e-05,-0.00010658018290996033,-0.00021905303001403336,-1.2032687664033961e-05,-0.0006538555026054377,-9.98076051473636e-05,-0.00011682286858558848,-0.00022403374314307957,-0.008149290084838867,-0.0017852783203124993,0.0011168718338012693,-0.0045971453189849855,-0.0036951959133148192,-0.005445837974548339,-0.009284877777099609,-0.0023649096488952614,-0.0009247094392776476,-0.00033007934689521594,-0.00165858268737793,-0.0006977677345275853,-0.0013682425022125224,-0.001620313525199891,-0.0017837524414062507,-6.718840450047799e-05,-7.603280246257243e-05,-3.47273424267739e-05,-3.945417702197489e-05,-0.0004301123321056339,-0.0001375824213027976,-9.207688271999582e-05,-4.8370286822317016e-05,-0.0006039485335350051,-0.0001924306154251128,-0.00027209967374801163,0.000434572994709013,-0.002537164092063905,-0.0004958070814609536,-0.002234730124473571,-0.0004154577851295469,-0.0047932624816894535,-0.018195247650146483,-0.020292901992797853,-0.015013790130615235,-0.004422914981842041,-0.01549244523048401,-0.005161607265472413,-0.008742594718933107,-0.0022433161735534676,-4.626885056495743e-05,-0.0013349443674087517,0.00014306977391243572,-0.0002371758222579965,-0.0016922861337661736,-0.0001291386783123035,-0.00019307732582092297,-4.219952970743027e-05,-3.418670967221002e-05,-0.00023144185543060256,-0.00014609824866056734,-5.354182794689684e-05,-6.763534620403878e-05,-3.2753124833100355e-05,-1.4167372137303374e-05
24,-0.0010324239730834968,-0.0007292985916137713,0.00040059685707092223,-0.006976866722106933,-0.00023684934712946216,-0.00347146987915039,0.0005938068032264703,-2.795010805129441e-05,-8.577713742849321e-06,-3.4771952778097605e-05,-3.905314952134791e-05,-0.00010485537350177539,-9.529143571853819e-05,-3.949999809264474e-05,-0.0002303123474121039,-3.905091434716538e-05,-0.00011665299534797129,-3.723949193954171e-05,-2.8810277581215528e-05,-4.186462610959411e-05,-7.121544331311968e-05,-8.973143994807958e-05,-0.000718383491039273,-2.467706799506895e-05,-2.927184104918637e-05,-9.00737941264608e-06,-5.476558580994749e-05,-5.94019889831543e-05,-3.2346695661547246e-05,-8.859634399413873e-05,-0.00013902485370635917,2.8128921985627282e-05,-0.0005078062415123005,-0.0007706165313720719,-2.390146255493126e-05,-0.00014187693595886313,0.00010996088385581961,-0.00010722279548645238,-0.0005563661456108078,0.00022076964378356912,-0.00032168179750441996,-0.0012696236371993993,-0.0005806356668472269,-0.0003279767930507651,-0.0010576479136943815,-0.0002963960170745825,-0.0011707633733749406,-0.0009461164474487303,-0.00015329085290431292,-6.765015423297412e-05,-0.0007181257009506238,-0.00010083373636007445,-0.00010118335485458365,-8.935928344726418e-05,-6.176345050335028e-05,-7.423758506774618e-05,-8.077733218669266e-06,-3.770701587199882e-05,-1.028366386890303e-05,1.91321596503293e-06,-1.3163406401869491e-05,-4.968000575898671e-06,-6.617140024897293e-06,-4.276260733604384e-05
25,-8.601155132055044e-05,-9.108670055866182e-05,-4.5195221900937915e-05,-2.6818271726370835e-05,-4.0745362639424325e-05,-1.0657124221300322e-06,-1.6291998326777922e-05,-3.823563456534769e-05,-0.001598012447357178,-0.002436137199401855,-9.925365447997704e-05,-0.01374959945678711,-5.347132682800603e-05,-0.0002828061580657966,0.00021152496337890626,-0.0050099134445190435,2.2815540432900124e-06,-1.537343487143575e-05,-8.883140981196186e-06,-1.3210717588659215e-05,-3.4477561712276344e-06,-3.680987283587423e-05,-2.205800265073306e-05,-4.8257783055306905e-05,-5.030371248722215e-05,-0.00013371035456657274,-7.797926664352358e-05,-4.270542412995901e-05,-0.00019624792039394067,-8.087102323770223e-05,-5.438961088656989e-05,-0.0003380529582500454,-0.0005797684192657449,-0.0021164238452911397,-0.00043493807315826444,-0.00023991726338863,-0.00011354386806488201,-0.0010313630104064947,-0.006271767616271971,-0.0017157316207885732,-2.870373427867811e-05,4.170928150465021e-07,-4.245331510901012e-05,-3.0370242893695868e-05,-2.359300851822389e-05,-0.00013962462544440593,-2.1960586309003258e-07,-1.1530239135023649e-05,-1.3624783605337748e-05,-4.949420690536925e-05,-5.991663783788601e-05,-1.9937381148336057e-05,-0.00010232627391814695,-1.1720415204763745e-05,-3.4013018012044724e-05,-7.633566856384286e-05,-0.00020069777965545462,-0.006208479404449463,0.0006621569395065294,-0.0004998475313186644,-0.0022400259971618658,-0.0006862103939056429,-0.0010236322879791245,-0.00039215981960296666
26,-6.285309791565173e-05,-0.00014100484549999713,-4.902705550194154e-05,-5.056560039519984e-05,-0.0004179589450359302,-0.0006222620606422412,-0.00012188032269477527,-0.0004742294549942014,-4.0469225496013855e-06,-7.104128599166489e-05,-0.00011245906352997119,-4.551745951173458e-06,2.1592574194077267e-05,-9.929575026038649e-06,-2.787578850984442e-05,-1.0822154581544712e-05,-9.418688714504561e-05,-5.966871976852161e-05,-4.206113517284185e-05,-0.00020807161927222716,-0.0001450784504413573,-3.6633387207982366e-05,-0.0002056695520877844,-0.00016792900860309522,-0.006735897064208985,-0.0012444913387298592,-0.0027768760919570923,9.322464466095126e-05,-0.0008882045745849606,-0.0013251066207885746,-0.0018754839897155763,-0.00205264985561371,0.0002288918942213029,-0.0005905091762542748,-0.0012962400913238505,-0.0007097810506820709,-0.0010469377040863033,-5.232840776443269e-05,-0.00036425143480300616,-0.00177418291568756,0.00022592544555664063,-2.873167395591652e-05,-1.808879896997966e-05,-4.814676940441096e-05,-8.771233260631111e-05,-0.001332916319370271,-7.454492151736828e-05,-3.062649630009825e-05,-0.00016012340784073078,-0.00015554428100585685,-0.0002818942070007325,1.247078180312571e-05,-0.0001094266772270212,0.00032955706119537517,0.000212033092975617,2.8806179761891362e-05,-0.00026413500308990266,-0.00015637967735528346,-1.762495376169424e-05,-0.0005593560636043513,-0.0001555176451802181,-4.00666147470383e-05,-0.000184568390250203,-0.00010195970535278557
27,-0.0002711011096835092,-0.0003961652517318724,-3.9435736834999006e-05,-9.603146463632124e-05,-0.00011131837964058113,-0.00014422237873077667,-3.0718557536600187e-05,-0.00013560354709625467,-0.0004376083612442008,-0.0020554929971694953,-2.524666488171071e-05,-0.00022548437118530802,0.00035211071372031813,-0.0017098397016525248,-0.0018847763538360613,-0.001965910196304322,-0.003441882133483886,-0.0014247596263885479,-0.00931329131126404,-0.0007139429450035094,-0.001690031867474323,-0.017004919052124024,-0.011041021347045899,-0.009908020496368408,-0.0009330511093139643,-0.00022792741656303345,-0.00035922080278396327,-0.00015971194952726074,-0.00036948025226593215,3.390908241272091e-05,-0.0002502571791410411,-0.00020429790019989074,-0.020362603664398193,-0.002963721752166748,-0.0053162813186645504,-0.010937893390655519,-0.009545326232910156,-0.0027795314788818357,-0.0066705122590065,-0.003895366191864015,-0.0007235378026962294,-0.00013498980551957435,-0.0014719545841217056,-0.0016024239361286147,-0.009795868396759031,-0.00021352320909500219,-0.0014264628291130082,-0.00021145939826964526,-0.0019489407539367675,-0.003576195240020754,-0.0030417382717132574,-0.006871545314788818,-0.003507977724075317,-0.002599532902240751,-0.0014645602554082856,-0.0013601541519165056,-0.000943269953131675,-0.0025355860590934747,-0.0026638329029083246,-0.0005994930863380399,-6.198585033416709e-05,-0.0015300549566745754,-6.270408630370487e-06,-0.0005511052906513202
28,-0.0027596622705459593,-0.0023681402206420918,-0.007869091629981995,-0.0020812183618545534,-0.0023305922746658337,-0.010556769371032716,-0.004705059528350829,-0.002340416610240936,-0.002735385298728943,-0.004104778170585634,-0.0026217676699161543,-0.0015870369970798488,-0.0024407960474491113,-0.0008497089147567766,-0.007019031047821046,-0.0003736848011612885,-0.0017352454364299723,-0.0019226271659135794,-0.0018774777650833123,-0.004294864460825923,-0.0005973609164357168,-0.0030686561018228504,-0.0023061774671077713,-0.007317693158984185,-0.0007394984364509592,-0.0005060002207756054,-0.00020114965736866384,-0.0004314556717872634,-0.0003966627176851003,-0.0007131040096282949,-0.00027983896434306745,-0.0006375066936016038,-1.365710049867411e-05,-0.00018167924135923405,-6.47739041596627e-05,-9.933374822140026e-05,-7.936712354421525e-05,-1.213047653462834e-07,1.6375444829462779e-06,-1.64933968335394e-05,-0.0037441343069076526,-0.004683279991149902,-0.003501720726490023,-0.011238220334053039,-0.0035232931375503555,-0.01852577328681946,-0.004452882707118988,-0.0032650887966156014,-8.561806753276953e-05,-5.697384476661577e-05,-0.00015267878770827776,-0.0001653500832617235,-1.7419457435607595e-05,-6.38123601674952e-05,-4.8982165753838016e-05,-3.8052536547179164e-05,-0.00023307539522647529,-0.0002329438924789376,-2.6914849877358264e-05,-0.00020487792789935562,-0.0002382012084126435,-0.00023456215858459476,-0.00010019503533839538,-0.00031875781714916395
29,-2.6648677885528784e-05,-0.0002552509307861343,-0.000132258981466287,-8.874461054801247e-05,-0.0001522906124591826,-0.0002902206033468236,-0.0010603934526443484,-2.462044358253395e-05,-0.005227041244506837,-0.012464404106140135,-0.0074131906032562245,-0.002159988880157468,-0.011331790685653686,-0.009860649704933168,-0.0027884840965271005,-0.00746332108974457,-5.347263067960017e-05,-4.948247224092399e-05,-0.0002650909125804907,-4.363097250461696e-05,-8.96561890840509e-05,-0.00015337020158767782,-0.00013329461216926374,-9.666495025158156e-05,-0.003842438757419587,-0.0023795448243618023,-0.003649489581584931,-0.0062074303627014165,-0.0025987595319747914,-0.0017458274960517883,-0.006187164783477783,-0.002011438086628916,-0.00025171414017676765,-0.0001833450049161814,-0.0002388153225183444,-0.0023307651281356803,-0.00015727579593658404,-0.0003445796668529504,-0.0004384949803352336,-0.001433706283569335,-0.0002187266945838919,-0.0002055663615465174,-0.0006467586383223541,-0.00017496570944786115,-0.000522643327713011,-0.00038743913173675356,-0.0010178387165069576,-8.590053766965615e-05,-0.005550920963287352,-3.424473106861138e-05,-9.196549654007374e-05,-0.0009950459003448481,4.0389038622377875e-05,-0.004923534393310547,-0.0005504339933395393,-0.007834625244140626,-0.009660923480987548,-0.009915828704833984,-0.0006252557039260871,-0.003688913583755493,-0.00105104148387909,-0.0008094400167465196,-0.0002621985971927611,-0.0002122893929481497
30,-0.0014017805457115183,-0.0011007234454154984,0.0003287341445684412,0.000259047001600266,-8.89085233211507e-05,-0.00035978555679321066,-0.0005897521972656241,-0.0004832774400711058,-9.566023945808838e-05,-2.7130171656606684e-05,-1.504831016066425e-06,-1.590177416801394e-05,-0.0007748320698738101,-6.114542484283471e-05,3.8118846714494325e-05,6.360933184619951e-06,-6.230156868695981e-05,-4.958696663379653e-05,-0.00017237961292266391,-0.00022130310535430943,-0.00028123799711465933,-1.971945166587439e-05,-5.990825593471359e-05,-0.000405001640319823,-0.0026781797409057614,-0.0006536521017551416,-0.0026730626821517933,0.0009608551859855688,-0.0009094521403312679,-0.002566313743591308,-0.004042834043502808,-0.005375969409942626,-9.255111217498663e-05,-0.0023049451410770373,-0.0004003062844276403,-0.0017373025417327913,-0.00020890086889266976,-0.00017364621162414468,-7.299222052097153e-05,0.0008817911148071289,-0.0005149543285369864,-0.00011327564716339755,-0.0034952282905578594,-1.2707710266118117e-05,0.0014603495597839363,0.0004796445369720506,-4.2192637920377396e-05,-0.002662894129753114,-0.0027308002114295937,-0.0032572984695434584,-0.0013390608131885581,-0.0013626590371131908,-0.008318018913269044,-0.002070778608322142,-0.004820010066032409,-0.0011498861014842922,-4.050992429255506e-05,-0.0004714012145996105,-0.0017792657017707864,-0.0008330479264259327,-0.0012154243886470756,-0.0007204748690128266,-0.0021552548743784426,-0.0017234057188034052
31,-0.0005822509527206385,-0.0007276214659214024,-2.0550191402433377e-05,-0.0012762576341629032,-0.0003340363502502428,-0.0039245646446943285,-0.0015131982043385516,-0.0006978578865528091,1.8913298845286503e-05,-0.0002829045057296749,-0.0001969695091247526,-0.00031203590333461957,-0.0005411535501480132,0.00038950741291046123,-0.0003325432538986219,-4.685446619987511e-05,-0.001818627119064331,-0.00028586424887180287,-0.0035237401723861687,-0.0010383613407611817,-0.0010279685258865368,0.00040431022644043065,0.0012504816055297857,0.0009097635746002182,0.0008096396923065186,0.0009240061044692984,-0.0012605682015418996,-0.0003022551536560057,-0.0007779598236083975,1.0059773921966341e-05,-0.00045691728591919066,-0.0007575273513793938,-0.003870177268981933,-0.004481615126132962,-0.006024837493896484,-0.0025923728942871095,-0.014304685592651366,-0.0013279676437377937,-0.009540006518363953,-0.003384461998939512,-0.00028310567140579865,-0.0022779554128646833,-0.022605669498443604,-0.007255566120147702,-0.0004863440990448004,-0.002442026138305663,-0.0027054190635681153,-0.0002052057534456259,-0.0004959177225828191,-0.00483102798461914,0.001016926765441895,-0.001010721921920777,-0.0021645739674568173,-0.00311717987060547,-0.0002288930118083953,-0.0017392396926879886,-0.0005847826600074736,-0.000488732755184171,-0.0010361313819885235,-0.00038439631462096834,-0.0004017978906631461,-0.001047150045633314,-0.0004080072045326194,-0.0006084725260734545
32,-0.000829869508743284,-0.0005166657269001045,-0.000454285740852353,-0.0007064687088131902,-0.0005801508203148787,-0.006446887925267218,-0.00024739671498537244,-0.0012048162985593028,-0.00040255263447761485,-7.096454501151768e-05,-0.0002686053514480572,-6.341822445392544e-05,-0.0011999610811471943,-0.00015318691730498824,-0.00020524561405181564,-0.0001460105180740296,-0.0021725475788116444,-0.0009413175284862501,-0.0007625907659530659,-0.0009178519248962409,-0.002346670627593994,-0.0018575355410575859,-0.0012233525514602675,-0.001458777487277988,-0.0003924489021301249,-2.3843813687558547e-05,-0.0005089387297630302,-4.605902358889291e-05,-0.0005440235137939478,-0.00011823736131191042,-0.0001239781733602283,-9.716805070638897e-05,-0.0004512626677751584,-0.00013484880328178649,-0.0001429900527000428,-0.00012066215276718422,-0.00011164098978042793,-0.0001490250229835503,-0.0001847736537456492,-0.0007306251674890516,-0.0008498460054397587,-0.00017391964793205079,-0.00023026764392852626,-0.0010622799396514885,-0.0006621956825256322,-0.0012200549244880696,-0.0003085719421505926,-0.00025109574198722807,-0.0006848420947790163,-0.00012154690921306195,-0.000804710388183598,-0.00011288970708846883,-0.0013589739799499516,-0.0003842793405055988,-1.4157965779306168e-05,-0.0002724342048168171,-7.192902266979163e-05,-0.0006485499441623693,-0.0007093537598848328,-0.00032462365925311885,-0.0008615314960479682,-0.00021794810891151553,-0.0005782283842563649,-0.00033148601651191995
33,-4.102829843759281e-05,-0.0004454217851161983,-6.185956299304923e-05,-0.00028115743771195076,-0.0006985232234001169,-0.0003262426704168276,-0.0001831438392400721,-0.0003525786101818071,-0.0007281087338924387,-0.0005066039040684683,-0.000613608956336974,-0.001233563572168351,-0.0004937767982482898,-0.00043046483770012707,-0.001232776790857315,-0.001003821566700935,-0.006571340560913086,-0.004554432630538941,-0.007397961616516113,-0.0012443706393241902,-0.0004153054207563389,-0.01387939453125,-0.0006379425525665274,-0.0036909818649291984,-0.00047861039638519303,-0.0003468304872512772,-0.00015403330326079826,-6.61395490169554e-05,-0.00031206756830215525,-0.00023877248167991256,-0.0006806701421737651,-0.0002837292850017529,-0.00024106502532958936,-6.455183029175087e-06,-0.0008558571338653575,-0.0003848329186439539,-0.0007302574813365922,-0.00038624852895736544,-0.0008320540189743047,-0.0010981321334838881,-0.000534161925315857,-0.0019311130046844461,-0.00022966861724853506,-0.0006464481353759781,-0.0006238102912902837,-0.0008208513259887705,-0.0002845987677574169,-0.001629960536956786,-0.0010339930653572096,-0.0012165427207946793,-0.0012547064572572722,-0.0006780862808227512,-0.000369382649660109,-0.00026975385844707625,-0.0009792193770408603,-0.00022906102240085731,-0.0003350540995597851,4.7172605991363306e-05,-5.5544823408126515e-05,-3.4759379923340845e-05,-0.00031246542930602817,-6.217882037162979e-05,-6.933510303497073e-05,-9.429603815078187e-05
34,-0.001509216427803039,-0.0003659784793853721,-0.002711486816406247,-0.001715597510337829,-0.00326196551322937,-0.0009993474930524858,-0.0013435587286949157,-0.0002247165422886577,3.094151616096508e-05,7.837712764739982e-05,0.00030885785818099713,-3.658607602119874e-05,-2.7633458375932477e-05,0.0001514226198196385,0.0002665460109710672,-2.240724861621823e-05,-0.00010342672467231973,-9.10028815269506e-05,-0.00011587478220462529,-0.00012869425117969602,-0.00033575296401977723,-0.0007512629032135048,-8.274093270301802e-05,-0.0004524052143096952,-0.0016762942075729322,0.007875972986221317,0.0004513144493103025,0.0012461304664611807,0.0018514990806579583,-0.0020320594310760482,-0.0003526091575622596,0.005428189039230348,-0.003159099817275999,-0.00063652992248535,-0.0012170284986495966,-0.0001265347003936758,-0.00025007855147123113,-0.0005492102354764923,-0.0003761142492294308,-0.0002356790006160723,-0.0011172920465469356,-0.0005079030990600594,-0.0026697158813476563,-0.0015044540166854858,-0.0017463922500610355,-0.005875837802886963,-0.00048088580369949217,-0.0013209506869316084,-0.0007847547531127932,-0.0002922192215919475,-0.0005177143961191163,-0.0012299701571464555,0.00011521503329276607,-0.0001437336206436168,-3.5047158598895795e-05,0.00046521574258804487,-0.00026762746274471016,-0.00043939128518104807,-0.0004207380115985804,-0.0004986256361007655,-0.00014492105692625018,-0.00028860922902821924,-0.0003721458837389946,-0.0004510149359703072
35,-0.00104995518922806,-0.0011878766119480127,-1.377910375595494e-05,-0.0007980547845363615,-0.00018026661127805562,-0.0008551120758056617,2.1551549434659652e-05,0.000505135953426361,-2.0949728786946494e-05,-3.708954900503043e-05,-7.021706551316542e-06,2.0176358520982773e-05,0.00022526681423187169,6.453618407249731e-05,3.2984837889666824e-05,-4.748627543449654e-05,-0.001195353269577025,0.00013553500175476067,-0.0011608034372329735,-0.0008495986461639415,-0.0006187938153743722,-0.00022112727165222263,-0.0024572134017944334,-0.00042361766099929604,0.00062367022037506,0.0015514671802520762,0.0006622076034545891,-0.0004850864410400387,-4.573166370391759e-05,-0.0003721892833709725,-0.00035887062549590557,-3.3829361200283743e-06,3.318786621093812e-05,-0.0007473796606063813,-0.0007449030876159662,-0.0005898952484130863,-0.0009749501943588243,-5.6239962577818554e-05,-0.0004143387079238888,-4.331469535827554e-05,0.0010041669011116056,-0.0007199283689260513,-0.0005256235599517831,0.00039937496185302754,0.0028178125619888307,0.007277607917785642,0.00024197697639465559,-0.0005468323826789856,-0.002092501521110534,-0.00034734234213829165,-0.0014019578695297252,-0.00013069882988929918,-0.000267904251813887,-0.001927036046981812,-0.00048545897006988805,-0.0008385751396417639,-9.795743972064705e-06,-0.0003528792411088942,-0.00016502141952514678,-9.663775563239889e-05,-7.26656988263124e-05,-7.717423141002691e-05,-0.00013625286519527356,-0.00017523765563965136
36,-0.0011409193277358985,-0.00029387399554252754,-0.0003622472286224368,-0.00024914965033530855,0.002563905715942384,-0.00029618144035339374,-8.437037467956113e-05,-0.0007917374372482293,-0.0016810949891805666,-0.0009819746017456043,-0.0019251346588134769,-0.0011885240674018856,-0.00014932900667190616,-0.000291515141725538,-0.000570987164974214,1.611448824405606e-05,-0.0004280362278223043,-0.0015174716711044288,-9.055435657501092e-05,-0.0007932081818580654,-0.0007722228765487619,-0.0006207227706909157,-7.925760000943342e-05,-9.737908840139545e-07,-8.451603353023255e-05,-0.00019723959267139377,-0.00015894621610640963,-0.0001994855701923348,-0.00011203102767467397,-0.00012419000267982502,-0.0002911180257797256,-0.0001525148749351505,-0.0001924537122249628,-0.0002633400261402133,-0.0006115257740020739,-1.4480948448183581e-05,-0.00045867264270782324,-0.0002059504389762896,7.853806018829254e-05,-0.00014159400016069344,-0.0014421939849853518,-0.0005115635693073274,-0.00010174177587032323,-0.0010424077510833712,-0.0007374405860900873,-0.00028419569134712137,-0.00034398138523101493,-0.0010114841163158382,-0.0015181854367256158,0.0001986712217330933,-0.0007603764533996567,-0.0006703272461891176,0.0013936936855316146,-0.0003525853157043464,-0.00024740993976593025,-0.0003089755773544321,-9.802579879760578e-05,-3.572069108486193e-05,-4.104673862457246e-05,-3.580003976821991e-05,-0.00018092468380928437,-9.585022926330662e-05,-5.9987977147101284e-05,-9.811408817767857e-05
37,0.0002417087554931644,-0.0005455315113067636,-0.0006013661623001067,-0.0009540379047393806,-0.001561957597732542,-0.0009728983044624351,-0.000179964303970337,-0.0005524136126041393,8.859336376190376e-05,-0.00015059709548950127,-0.00017740651965141274,-7.51227140426698e-05,-0.00027218312025070106,-0.00022300481796264944,-0.00037157088518142685,5.580112338066005e-05,-0.00017899796366692205,-0.0005366526544094086,0.00021086558699607823,0.00018619596958160378,-0.00013361740857362994,-5.16116619110089e-05,-0.00039127171039581054,-0.0004933528602123277,-0.0008341692388057706,-0.0006226554512977584,-0.0014400541782379139,-0.00028985366225242864,-0.00024799406528472654,7.385425269603712e-05,-0.0003489233553409599,-0.00032212585210799987,-0.0005344063043594337,-0.0004406981170177444,-7.216259837150784e-05,-0.00036312341690063486,7.757395505905347e-05,-0.0016896396875381477,0.00010409802198410203,-0.0005621902644634233,-0.0007248569279909167,-0.000987730920314788,-0.00028113722801208224,-0.00042714029550552603,-0.0006887905299663479,-0.0005294136703014342,-0.0006794333457946789,-0.0004752817563712521,-0.0003808885812759388,-2.1503865718842337e-05,-8.523017168045472e-05,-3.4710019826886773e-05,-9.471550583839173e-05,-5.6903809309007255e-05,-7.284563034772199e-05,-7.87873752415157e-05,-0.00024664774537086514,-0.00011455267667770407,-7.437914609909421e-05,-6.921738386154678e-05,-0.0009222060441970846,-5.414858460426617e-05,-0.00023877918720245612,-0.000641422718763354
38,-8.479841053485619e-05,-3.414703533053197e-05,-6.19875267147996e-05,-5.272105336189564e-05,-1.5725195407867356e-05,3.469325602054299e-05,-0.00011904872953891836,1.692995429038663e-05,-0.0006418513134121886,-4.9334019422529915e-05,-0.00011086761951446977,-0.00043633952736854163,-2.0303204655650423e-05,-5.8560259640216196e-05,-5.880743265152044e-05,-0.0010682195425033541,-0.0006335452198982244,-0.00021245256066322423,-0.0005263149738311741,-0.0006476014852523807,-0.0007305920124053933,-0.0009991481900215138,-0.00030961260199546245,-0.0007185220718383818,0.0006587192416191086,6.751716136932313e-05,-0.00024181008338928153,-9.52139496803285e-05,0.0046610027551651,-7.329136133193844e-05,0.0010696560144424427,-9.20899212360395e-05,5.5857002735134995e-06,-6.111636757851009e-05,2.4199485778805392e-05,-2.343542873859435e-05,-1.083910465240443e-05,-0.00012206956744193773,-0.00011928305029869342,-8.177887648343672e-05,-6.281584501266596e-06,-1.6913190484049902e-05,-4.802383482456873e-05,-1.3916753232482162e-05,-4.261359572411079e-05,1.7194822430606384e-05,-6.297901272773521e-05,-2.6224181056027296e-05,-0.0003329962491989124,-0.001449221372604372,-0.0009548246860504154,-0.0008292734622955343,-0.0003754913806915289,-0.0004080750048160504,0.001269268989562988,0.0008543729782104475,-0.0008002467453479802,-0.0008117765188217143,-0.00040192343294619923,-0.00032849013805389435,-0.0012692291289567947,-0.004285697638988498,-9.506419301033047e-05,-0.0011542350053787241
39,-0.00027673691511153963,-3.596246242522843e-05,-0.0004616599529981555,-0.00020169466733933075,-4.489067941903704e-05,-1.6032159328460437e-05,-0.00021077357232570818,-0.0001533489674329729,-0.0005357742309570284,-0.00017071887850760934,0.00018313080072402847,0.0002602934837341312,0.00010988041758537627,0.0037847571074962607,-0.0008067473769187955,-1.3904273509982262e-05,3.6049634218185692e-06,4.354156553745091e-05,3.47260385751734e-05,-5.995482206345855e-06,-2.6734545826910185e-05,-4.2606564238669166e-05,6.131269037720923e-06,9.501911699768932e-06,-7.456410676240497e-05,-2.811066806315975e-05,2.4428591132207933e-06,-1.960992813109667e-06,-2.5973841547966628e-05,-0.00010570269078016378,-2.38506123423583e-05,-2.0711869001397807e-05,-0.0003289148211479188,-0.0012072548270225503,-0.0005795866250991817,-0.0003285139799118028,5.4512172937401776e-06,-0.00044048503041267163,-0.0002598479390144369,-0.00013009011745453083,-2.361834049224912e-05,-7.557868957521266e-06,-0.00024095773696899432,-0.0008230328559875521,-0.0009254068136215222,5.3399801254270705e-05,-0.0006499707698821996,4.1932612657543876e-05,-1.6460241749877503e-05,-2.7099996805192735e-05,-0.00015978291630745452,-0.0005954071879386901,-8.906908333301202e-05,1.0575354099271028e-05,-8.471133187412963e-05,-1.3190740719438301e-05,8.977204561229904e-06,-5.554854869842628e-05,8.15831124782564e-05,4.805438220501141e-06,-1.0984670370811147e-05,4.8648193478582926e-05,-1.0142102837561155e-05,5.695037543772631e-06
40,-4.8114359378821577e-05,1.9008293747900202e-05,-9.779222309589488e-05,0.00010095946490764182,0.00018194522708654933,-0.00010763071477413487,9.609311819076135e-05,-0.0001620694994926497,0.00013043433427810418,-4.630535840988488e-05,0.00017271041870117127,-0.0008799523115158106,-0.0005453914403915425,0.00032953172922134497,6.819963455200247e-05,-0.00015100836753845193,2.0546745508910948e-05,-5.298107862469922e-06,0.0008342683315277107,7.644854485988719e-05,6.236862391233977e-05,1.2907199561622262e-06,0.0004857555031776397,-1.0102987289413451e-06,-3.5926140844818685e-05,-2.1980796009298975e-05,-2.4118740111584474e-05,-4.045981913804756e-05,-6.347429007293493e-06,-2.219881862401917e-05,-2.5903340429064176e-05,-0.0002778500318527203,-0.00019809603691101196,0.0007341146469116218,0.0017698287963867187,-2.723932266236479e-06,-0.0005109399557113656,-0.002245114743709567,-0.00016068965196609474,0.0030082494020462034,-3.1916424632031825e-06,-9.142048656940397e-05,-6.769616156817408e-05,6.309039890765461e-05,-2.7372688055041272e-05,8.378177881193926e-07,6.2363222241350484e-06,-0.00018038377165794826,-8.916854858397483e-06,-0.0002482905983924936,-0.00019161775708198596,-0.0004971850663423526,-0.000553116202354433,-0.0009857311844825747,-0.0010917130857706111,-0.0007717847824096671,1.476481556891641e-05,3.871312364936066e-05,-1.851376146078104e-05,1.6789883375192618e-06,-2.7852132916437222e-06,2.2260285913940825e-05,-5.316734313962988e-06,-6.05098903179166e-05
41,-9.148847311735392e-05,-1.4729332178829948e-05,6.246380507954808e-07,-0.00013944162055849703,-6.894841790199412e-05,-3.495188429951199e-05,-5.424246191978019e-05,-4.4390372931956285e-05,-3.8897898048161155e-05,-5.475943908093173e-06,-5.441680550574801e-05,-9.901076555248149e-06,-1.2144073843957615e-05,-0.00013755857944488116,-7.092207670215972e-06,-9.357258677482081e-05,0.0002189755439758257,-0.00019313395023346357,-0.00015347450971603713,-0.00029727071523666165,-0.00029018782079219443,-0.00013900697231292262,8.405651897191711e-05,4.458110779523781e-05,-3.68520617484972e-05,5.0190091133114556e-05,7.818266749383448e-06,1.079905778169759e-05,-6.2372535467118366e-06,-2.579987049102834e-05,-0.0002470105886459382,-7.926691323518634e-05,1.1241436004641538e-05,-1.5947595238681178e-05,-8.239448070526114e-05,-0.00015905499458312763,-1.7532147467132517e-05,-9.763799607752072e-06,1.0885298252129728e-06,-3.2006576657299106e-05,0.00027817487716674637,-2.0638853311534708e-05,-7.897093892097469e-05,1.4081969857216191e-05,9.508617222308136e-06,-1.3653934001921394e-05,4.7242455184464806e-05,0.00032408386468887196,5.5931508541109976e-05,1.4677643775912606e-06,-6.806850433352361e-06,-2.3306533694270984e-05,7.481686770912668e-06,-2.7243047952653885e-05,3.547202795743177e-05,2.1883100271218514e-05,-0.00015549808740616085,0.00035679489374160873,0.000540012121200562,-8.121728897094607e-05,-8.04141163826114e-06,0.0001599937677383444,0.0011903390288352986,5.254149436952516e-06
42,-4.644487053155727e-05,-7.525123655796201e-05,-0.00011796206235885314,-6.775781512259984e-05,-2.9276125132885236e-07,-9.929873049258588e-05,-5.5789202451703734e-05,-1.6956776380541326e-05,-4.391372203826732e-05,-1.5390664339060902e-05,-1.9149109721179346e-05,-0.00012262780219316575,-5.782470107078148e-05,-1.8094200640917915e-05,5.446337163448066e-05,-1.9710510969161733e-05,-2.4766661226808816e-06,3.21078114211532e-06,-4.734843969340561e-06,-7.78162851929671e-05,-3.655180335044966e-05,1.783762127159834e-06,0.0003051886335015256,-1.1099874973300539e-05,-3.4607201814649515e-05,0.0002554684877395611,7.559061050415172e-05,6.943941116391284e-07,0.0015798687934875499,7.233321666717552e-05,1.8651783466335592e-05,0.0017698138952255231,-0.00013044029474258822,1.9744038581816677e-06,-8.89888033271078e-06,-4.3278932571414495e-05,2.0541343837969793e-05,0.00011201426386832423,-2.0396988838909825e-05,-3.998875617980545e-05,-1.462362706660951e-05,-1.1018756777054555e-05,-2.9491726309058313e-05,1.217843964696067e-06,-1.9084662199023124e-06,-7.941573858262708e-06,3.4421682357778157e-07,-2.8456747531887373e-05,-2.5562010705492908e-06,4.562456160778046e-06,-1.8277205526830575e-05,-1.614727079868981e-05,-0.00011685714125632995,-0.00011105639860033425,-3.2819807529486178e-06,-7.096808403729693e-05,1.9601080566642323e-06,-0.00018410161137581037,-1.1279108002780442e-05,4.928745329379411e-06,-3.565684892238124e-06,7.294304668898487e-06,1.5943031758070948e-05,-6.234738975762499e-06
43,9.950995445251305e-05,5.717985332011828e-05,0.00017931982874869906,0.00022726058959961063,0.00019256770610808852,0.00011221393942832981,0.00024146735668181853,1.5390664339064005e-05,0.00013987720012664738,0.00020160749554634324,0.00042234659194946437,-1.7729029059410073e-05,6.524287164212127e-06,0.00020136684179305784,0.00013510435819625677,-5.0447881221772196e-05,-0.00014794915914535458,-6.605684757232264e-05,-0.0005158796906471277,-9.624660015106426e-05,-1.0059401392934676e-05,-7.11161643266591e-05,0.0001436650753021268,-6.471648812293856e-05,-1.5362724661828045e-05,9.072571992870687e-06,-1.533050090074342e-05,-6.933510303501532e-06,-1.294463872909696e-05,-1.338198781013615e-05,2.0905584096906283e-05,-0.00010479763150214555,-1.1433660984040417e-05,-7.545109838248959e-06,-2.2392068058244775e-05,-1.909648999571438e-05,-2.66805291175854e-06,-3.939811140298718e-05,-3.675483167171195e-05,-3.398135304450698e-05,-4.939059726894254e-06,-2.1050870418546596e-05,-1.4406628906724452e-05,-3.675092011689938e-05,-0.00010123737156391061,-1.0024383664129915e-05,-2.3632775992151168e-06,-9.074388071893278e-06,-1.5156017616389347e-05,-1.979870721697571e-05,-5.490565672515846e-06,-1.5150755643846949e-05,-2.150833606719957e-05,-5.199573934045797e-07,-1.3964483514427415e-05,-1.801755279302062e-05,-6.200745701789715e-05,-6.620958447456476e-05,-0.0003572002053260836,3.097429871558588e-05,2.0001269876954867e-05,-8.166581392287883e-05,-0.00017604380846023585,-0.00012127757072448344
44,-6.067156791687185e-05,0.0016639545559883138,-3.0559301376343725e-05,-0.00020980834960937551,8.225440979004101e-06,0.0002963468432426458,0.0010934501886367806,0.004694917798042298,-0.0001147493720054608,-8.558258414268706e-05,-6.757676601410026e-06,-5.3778290748593915e-05,-5.603432655334578e-05,7.336996495724212e-05,-9.178929030895012e-05,3.539584577083689e-05,-0.0001364752650260913,-7.705204188824662e-06,-8.00490379333439e-05,-0.0001066021621227231,1.7427839338781286e-05,-2.289316616951966e-05,-3.495384007691839e-05,-0.0001264281570911405,1.139380037784489e-05,-0.0003065451979637124,-2.132467925548593e-05,-7.481426000595007e-05,-9.777955710860769e-07,-4.491955041885406e-05,-0.00045738816261291416,-0.00010432600975036222,-0.00033445358276367246,-0.00011872947216033556,-0.0002597182989120427,-0.0006953448057174722,-0.00010932385921478263,-0.000669401139020918,-9.27355140447622e-05,0.00026516616344451747,0.006167793273925781,0.00048632621765136626,0.0002379775047302256,0.00024032592773437465,0.004895073175430297,3.953278064727765e-05,0.0025245144963264485,0.00014879330992698586,-0.0007001101970672623,-2.3086369037630934e-05,-0.001210516691207885,-0.0006063044071197519,0.00023964643478393562,-0.00037349462509155056,-0.000744059681892394,-4.345923662185546e-05,-8.424818515777947e-05,9.882785379886552e-05,3.926679491995877e-05,0.00025644227862357816,9.165108203888181e-05,0.00031198114156722915,0.00018219500780105317,0.0001344844698905942
45,-0.00010287053883075909,-0.0006262034177780134,0.0007563650608062775,-0.00013037472963333237,-0.00015024617314338416,-0.0003759786486625695,-0.00011100098490715227,-0.0002895891666412351,-0.00010925792157650272,2.077594399451605e-06,-5.433857440948752e-05,-2.0059384405608336e-05,-1.9243662245568956e-05,-2.100653946399548e-05,-2.348516136404981e-06,-6.594266742467756e-05,-1.200437545776707e-05,-3.784373402594856e-05,-1.683523878455037e-05,-4.4384505599732085e-06,-4.874924197792524e-05,-9.869150817394006e-05,-4.9828551709652476e-05,-1.7303042113778963e-05,-4.491545259952528e-05,-6.841477006674123e-05,-3.815190866589255e-05,-3.505335189401953e-05,-0.00010309293866157855,-1.2296624481678014e-05,-6.977515295147997e-05,4.296377301210704e-06,1.4539901167150641e-05,1.0171486064788809e-05,-3.6362186074258014e-05,-2.0463019609450237e-05,-6.283707916737339e-05,-6.756708025932607e-05,1.9786600023505884e-05,-7.920898497105055e-06,-1.4141947031022784e-05,-2.0340550690887444e-05,-0.0003494232892990126,-1.7801299691202462e-05,-1.8906965851782035e-05,-0.0007076621055603003,4.765391349791162e-06,1.379586756229072e-05,-0.0006083995103836053,-7.086917757988208e-05,5.6013837456702435e-05,-0.00017380341887473738,1.2928619980816596e-05,-3.555417060852147e-05,-0.0005255527794361093,-0.0005705282092094406,-3.431811928749258e-05,6.68466091156026e-05,4.5121461153036016e-05,-0.00019222497940063382,-2.1417811512946612e-05,5.3533539175991036e-05,-7.253438234329217e-05,0.00019884705543518006
46,-0.0005388446152210207,-3.6634365096682936e-05,-2.927738241850818e-05,-0.00012897886335849748,-8.622473105788253e-05,-0.00015996582806110206,-2.439273521303771e-05,-7.798913866281207e-05,-1.0656192898761427e-06,-8.611269295216024e-05,-1.3599311932919534e-05,-7.003545761118257e-08,-2.029649913310532e-05,-3.853216767310631e-05,-7.187947630882022e-05,-2.958895638584915e-05,-3.322018310427609e-05,-2.3942254483699974e-05,-0.00023084431886673,-1.846761442720806e-05,-7.677078247070139e-05,-3.3769384026526055e-05,-1.745009794831309e-05,-2.614604309200549e-05,2.217665314673576e-06,-3.901906311512183e-05,-3.840960562228885e-06,-5.337595939632309e-06,1.3381242752086865e-06,-5.5448338389398176e-05,-7.715728133920235e-06,-7.576122879981878e-06,-7.830858230590759e-05,-1.0341405868553513e-06,-2.9239989817140122e-05,9.083487093448346e-05,-5.6428648531435784e-05,-4.165135324000879e-05,-3.0886102467774976e-05,-0.0001505047082901052,-0.00021813549101352292,-0.00015396997332572666,-0.00028089955449104215,-5.933791399001321e-05,-0.00033272057771682837,-0.0002874929457902885,-0.0002336174249649017,-2.7306191623208206e-05,-0.00010486878454684759,4.72087413072086e-06,-0.00015676431357860163,-7.658302783966156e-05,-2.9186159372332644e-05,-0.00014418642967938978,-4.2608380317690646e-05,-3.0637718737122774e-05,-0.000115600600838655,-1.2672040611488514e-06,3.5936944186686684e-06,-2.802126109599903e-05,-6.164563819767178e-06,-9.99029725789009e-07,-1.6064755618571654e-05,-7.491968572139577e-05
47,-1.3790954835709492e-05,-2.6699155569039613e-06,-1.8179789185524456e-05,-0.00010064039379358467,-1.0417960584162123e-05,-0.00024370849132537777,-2.4354830384252405e-05,-1.94974243640902e-05,3.343187272548525e-05,0.0003051489591598512,1.7701089382170792e-05,2.60062515735714e-06,5.314629524946217e-05,0.0004615128040313719,5.9311091899872507e-05,0.00018401220440864783,4.433393478393416e-05,0.00036780089139938404,6.58333301544194e-05,-1.8720701336860817e-05,0.00014650523662566994,-8.360445499420127e-05,0.0006518840789794938,-3.674719482660012e-05,-4.078363999723931e-05,-4.004593938588774e-05,-1.2704264372588551e-05,-2.1100789308542467e-05,-1.3641547411680845e-05,-2.7355179190637302e-05,9.03843902051189e-06,9.908154606817455e-06,1.0757148265834642e-05,-8.278638124466353e-05,-0.00023865550756454055,2.626255154609284e-05,1.7900019884106007e-06,1.6577541827751652e-07,-3.75360250473163e-06,1.553446054454746e-06,-0.00012166053056717301,-0.00011317711323499892,-1.0728463530543472e-05,0.0004335373640060404,-0.00018392056226730307,4.2915344238529363e-07,-2.2574141621592137e-05,1.1658295989037536e-05,1.3565830886370157e-05,-1.0409764945505369e-05,-7.87694007157992e-06,-6.148964166639362e-06,-9.276904165746052e-06,-1.073516905308002e-05,2.270191907878294e-06,-1.548267900943374e-05,-8.404701948165815e-05,-0.0009741842746734629,-0.003193786740303038,-0.0012944489717483527,-0.00029203593730926585,-0.00021139830350875568,0.000259125232696535,-0.00035384595394134783
48,-7.037930190563505e-05,-1.551248133182767e-05,-1.556249335408121e-05,-5.926750600338203e-05,-0.00020599216222762657,-0.00019852221012115322,-5.457550287236367e-07,-1.6766600310800976e-05,-9.246170520782642e-06,-1.7329677939413943e-05,-3.384575247764413e-05,-0.00012616440653800764,1.632478088140394e-05,1.8402468413128221e-06,-4.943348467349643e-05,8.932407945393795e-06,-4.955753684041776e-06,-7.763225585223377e-06,-4.0768645703829486e-06,-1.5869922935959496e-05,-0.000206741690635684,2.943538129329759e-06,3.0906870961189446e-05,-4.856958985328633e-05,8.435547351840103e-06,7.812380790710357e-05,6.710812449455453e-05,6.0124881565575126e-05,4.519708454608916e-06,1.9054394215342452e-05,3.393739461898727e-05,5.384720861909879e-06,0.0009843498468399038,0.0007539153099060056,0.00014176592230796706,1.2519955635068774e-05,-8.49574804306092e-05,2.5298213586215702e-06,-2.8704106807713364e-05,2.348423004152536e-06,-0.00011869780719280093,8.895061910167479e-07,-7.477626204490596e-05,-1.4477409422388614e-06,-2.136044204235046e-05,2.2784620523451745e-05,-7.03185796737678e-05,-1.6299821436403247e-05,0.00017081871628761187,-4.804246127605612e-05,-0.0001496408134698857,2.1162629127501124e-05,-0.00047654658555984486,-5.103349685668836e-05,-0.00044137760996818264,-0.00015494879335164796,0.006134605407714844,0.0028117954730987544,0.0004358887672424325,-0.0003571391105651857,0.0010269373655319215,0.0002932593226432735,0.0006528079509735081,0.002987366914749145
49,-9.57965850830075e-05,9.655356407165436e-05,-0.00019086599349975563,0.00012677982449531836,-0.0002422571182250981,0.0006177037954330437,0.00038687959313392676,-0.0016570925712585457,-2.680490724741889e-05,-1.3855565339321586e-05,-3.132820129394441e-05,-2.736877650021746e-06,-4.271976649760921e-05,-1.2887455523014481e-05,-4.0293578058480886e-05,-0.0001405313611030595,-7.095560431479525e-06,2.0131841301914196e-05,7.637776434385205e-07,9.36752185225088e-06,-1.784143969416421e-05,1.4930125325916851e-05,4.0479656308888526e-05,-2.093650400638274e-05,-2.7714855968954932e-05,-1.4556292444467347e-05,-2.9588583856817645e-05,-2.3926049470898794e-05,-5.535176023841608e-06,-2.1550804376585563e-06,-4.7137401998042445e-05,-1.564342528580643e-06,3.211703151463784e-05,3.75289469957281e-05,3.664866089820303e-05,-4.608975723389697e-06,2.0314753055569497e-05,-2.321070060133965e-05,-8.735805749894716e-07,8.908519521350317e-06,-1.9191950559615876e-05,-4.7835335135457e-05,1.4959834516083396e-06,-2.6706932112576236e-05,-5.3680688142771445e-05,-4.205200821161365e-06,-1.3935845345257092e-05,-9.263195097446075e-05,-5.1359087228777736e-05,-1.901909708976787e-05,-9.64328646659644e-06,3.13278287648916e-06,-4.474148154258742e-05,8.65543261170032e-06,-8.668825030326942e-05,-1.3108551502223349e-05,-0.0015618816018104539,2.593602985144027e-05,-0.003117385506629943,-0.0003087755292654004,-0.0003090266138315168,-0.00028726160526275954,-0.0003362908959388672,-0.00011369138956069907
50,1.4169141650200863e-06,-9.583309292802642e-07,-2.569910138845407e-05,-4.007155075671066e-06,-1.5974882990116452e-05,-3.510750830172898e-05,-1.041144132613995e-05,-5.402211099862828e-05,-2.625584602356909e-05,-6.536534056066517e-05,-7.027052342891655e-05,-4.679095000028497e-05,-0.00017909221351146578,-2.1930038928981476e-05,-0.00015069358050823456,-4.570959135889883e-05,-5.846209824085101e-05,3.1773000955592807e-06,-7.250811904670174e-06,-9.151268750426987e-06,-3.994461148977194e-05,-2.0564906299116e-05,-1.46487727761235e-05,-3.2697245478631226e-05,-2.5114044547079726e-05,-7.290598005056309e-05,-1.114429906010372e-05,-0.00011914782226085544,-9.246990084647994e-05,-0.00032112896442413507,-3.738068044184986e-05,-1.8184632062911325e-05,0.000271402299404148,-0.0001337528228759762,0.00022673010826111233,-0.0008052289485931394,-0.00017783641815185752,0.000487756729125975,4.715919494628811e-05,-0.0005157977342605585,-8.098334074019912e-05,-0.00018804818391799182,-1.538689248263135e-05,-3.422982990741636e-05,-4.833657294511203e-05,-4.670349881052055e-05,-4.2213685810564734e-05,-2.493634819983725e-05,-0.0002266131341457372,-5.996730178594322e-05,1.7192214727399917e-05,-1.844353973865509e-05,-8.5290521383283e-05,-0.00016285758465528133,-4.3191760778426964e-05,-4.573259502649219e-05,-6.466801278291082e-06,-5.746185779570773e-05,-3.824867308139307e-05,-1.1552032083270804e-05,-0.0001209583133459059,-3.1497329473490076e-05,-7.547065615655477e-06,-1.6844458878037483e-05
51,0.0002551764249801644,-0.00015230812132358562,-0.0003669023513793938,1.7007440328597096e-05,2.8447806835171656e-05,-4.185736179351656e-05,-0.0002612560987472523,-0.0003442240878939647,-9.935796260834344e-05,-2.8298795223232078e-05,-4.64335083961479e-05,-0.00011599287390709016,9.305868297814014e-06,-2.3431703448291353e-05,-3.358796238899526e-05,-4.0484685450787954e-05,1.5140464529393715e-05,-2.5011971592903213e-05,1.937150955200433e-05,-3.359569236635624e-05,-4.680119454860512e-05,-1.6919150948523997e-05,-0.00011555682867765841,-4.243720322846938e-05,0.000295254588127138,0.0009191274642944343,2.047792077064337e-05,-0.0002563163638114929,0.0004320591688156138,0.000911784172058105,0.0005853056907653806,0.0006260767579078668,-2.156943082809493e-05,-8.652172982693057e-05,8.229985833167712e-05,-1.4349259436131287e-05,6.937049329284916e-06,1.0771118104465219e-05,-7.802513428031842e-05,-2.5007314980028926e-05,-6.190761923790088e-05,-5.356641486286693e-05,5.747377872469266e-06,8.714385330643644e-07,-4.433020949363433e-05,-2.057296223938172e-05,-6.17146492004363e-05,-4.517175257205668e-05,-4.692561924457493e-06,-4.270439967512089e-06,-7.731877267360978e-05,-7.448997348551082e-06,-1.7269141972062938e-05,-2.4111755192277352e-05,2.129748463633995e-06,-3.578364849090642e-05,-0.00015237927436828787,-0.00202805995941162,1.2930482625959276e-05,-0.00028185844421386834,0.00023537874221801563,-0.00012106597423553677,-0.0009349673986434948,-0.0007874011993408219
52,-0.0008977681398391694,-0.00099532902240753,-0.0005105465650558491,-0.0019497871398925775,-0.0003084532916545849,-0.003046517819166182,-0.0011620134115219109,-0.0003453791141510052,-0.00012012198567390152,6.23937696218477e-05,-0.00013015512377023296,-4.905276000499348e-05,-0.0001036293804645518,-1.2912787497043935e-05,-1.7041806131595144e-05,-0.00044796839356422215,-0.001283133029937745,-0.00010293424129486067,-0.00029104985296725985,-0.00014780610799789725,-0.00035070553421974064,-0.0009749323129653929,-0.0032036304473876953,-0.00011681914329529128,0.0030395567417144777,-0.00012274384498596187,0.0017467409372329719,0.00033735036849975625,0.0023891448974609373,-5.21540641784681e-05,0.0010423630475997936,0.0022405624389648443,-2.177581191062832e-05,-5.633346736431036e-05,0.0005673676729202257,-4.5698881149296284e-05,0.0001975327730178832,-0.0004633516073226919,-0.00010873284190893393,-3.549717366695679e-05,1.0691396892070753e-05,-1.7237057909367322e-05,1.803413033485506e-05,2.9240734875240057e-06,-5.0642900168891555e-05,-8.282158523793908e-06,1.9085127860308263e-05,-2.1506100893017682e-05,8.865892887115178e-05,-2.279728651046542e-05,-0.0006960943341255166,0.00014198198914528153,0.0004038438200950626,0.0005805313587188732,0.001044392585754395,0.0011839091777801523,0.0007229298353195216,-4.44874167442296e-05,0.00047377347946166924,0.0001052889972925186,1.2269150465727438e-05,-3.596544265746999e-05,1.7505139112476986e-05,1.080688089132016e-05
53,0.00017542690038681273,0.0012803614139556881,0.001912975311279296,-0.0003543913364410402,0.00017530918121337754,-0.000946867465972902,0.0006702542304992675,-8.005425333976577e-05,-4.3177790939802596e-05,-1.9558053463693333e-05,-0.00014300551265477972,-1.0900292545555635e-05,-5.936734378337343e-05,-1.2869201600549886e-05,-2.488931640982204e-05,-1.589478924870198e-05,-0.0002184391021728487,-0.00042293220758438316,6.564185023308082e-05,4.684748128056714e-05,-0.00018469914793968,6.299689412117252e-05,3.5763811320068504e-05,-0.00036898851394653084,-1.8736440688367144e-05,-7.176948711275836e-05,-1.965463161468555e-05,-0.00019425265491008646,-1.1801160871980289e-05,-9.092548862097871e-06,-6.071440875529796e-05,-2.225777134298835e-05,-6.450675427913315e-05,-5.046837031841287e-05,2.451054751873167e-05,-0.0012243598699569647,-7.226839661597987e-05,-0.00030514206737280314,-0.00022724047303199495,-3.13259661197217e-06,3.013107925653223e-06,-3.2357405871173557e-06,-0.00011960566043854206,-2.5367084890601516e-05,-3.165910020470809e-05,6.580725312223586e-07,7.311441004275473e-06,2.2973958402871264e-05,-1.2464076280593522e-05,-4.212558269501824e-06,-5.655102431774155e-05,-1.1540204286577368e-05,-1.56188383698465e-05,-0.00010095108300446976,8.30031931400553e-06,-5.663279443980066e-06,-3.2238103449343505e-05,2.0738132297991803e-05,-9.980220347642664e-05,-5.669519305229535e-05,-6.694942712783904e-05,-2.6670005172492965e-05,-1.6704201698301932e-05,-2.160836011171106e-05
54,-1.7222063615913297e-05,-3.008162602781183e-05,-4.637883976101287e-05,-4.226379096507604e-05,-0.00010477686300873763,-6.0442462563516246e-05,-3.574453294276593e-05,-2.2934377193445458e-05,-0.00011213719844818132,0.0009033024311065681,0.00038161352276802846,-0.0011034563183784502,0.0001747846603393555,-0.0014783561229705824,-3.476403653622222e-05,-0.0004685923457145691,-5.140211433171944e-05,-1.5305122360583624e-05,-1.740842126309647e-05,-5.472172051669006e-06,-1.1995108798144606e-05,-2.4467706680291895e-05,-9.596049785613771e-05,-6.167124956845828e-05,-0.00034360438585281813,-7.110461592673944e-05,-0.00048581287264823955,-1.5102326869966768e-05,-5.859881639482721e-06,-0.00021264664828777826,-1.9593350589276164e-05,0.00023484528064727562,-0.00019037686288356071,-3.487830981612018e-05,-5.045789293943059e-06,-4.0993560105563945e-05,-5.4629333317276674e-05,-5.5572390556335146e-05,-2.078032121062058e-05,-2.490980550646221e-05,1.504272222518139e-06,-8.067954331633772e-06,-1.388527452945469e-05,-5.484744906422311e-06,-1.919046044348983e-05,-5.771964788438259e-06,-1.478940248489046e-05,-3.305301070213069e-05,-3.4978613257427503e-06,-9.898212738339432e-06,8.094981312751875e-05,3.953836858267917e-06,1.9773840904250475e-06,-9.86978411674759e-06,-9.411945939064195e-07,3.765914589166069e-05,-0.0001388863660395107,-5.773575976490265e-05,-3.5416148602960986e-05,-2.3821368813514594e-05,-4.1214935481547724e-05,-0.00011116117238998296,-2.4328753352162626e-05,-3.753397613763212e-05
55,0.00010863468050956912,-0.00025292187929153295,-0.00011157542467117251,-0.00011233836412429797,2.3347139358519823e-05,-0.0002823650836944535,-5.5402703583236413e-05,8.966326713562276e-05,-1.356424763798538e-05,-4.731016233562855e-05,-2.1440908312796825e-05,-0.00010281205177306766,-4.9915071576830345e-05,5.8525940403322335e-06,-1.5903916209934344e-05,-6.639519706367354e-05,-0.00035425052046775946,-8.192937821149986e-05,-0.00021031945943832258,-0.00010887961834669176,-0.0005328729748725863,-0.0007769122719764675,-0.00027311742305755624,-1.6318541020156635e-05,-6.602965295315003e-05,-2.070702612399781e-06,-5.224719643589724e-07,-4.391223192215179e-05,-3.2017286866903145e-05,4.030242562293412e-05,-1.5917234122754082e-05,-5.066487938164649e-06,-3.382619470357633e-05,-4.420485347508622e-05,-3.6733224987948745e-06,1.9401311874390373e-05,-7.546320557590979e-06,-3.313217312097314e-05,-2.8886273503299602e-05,-3.493307158350747e-05,-0.00024929195642471347,-5.748122930532007e-06,-1.4671217650171343e-05,-6.266906857490195e-05,3.992803394794946e-05,-2.584736794232971e-05,-5.476661026477217e-05,1.1906260624526232e-05,-5.700848996639415e-05,3.395313397050291e-05,-9.676907211543101e-07,-5.877353250979997e-05,-3.084456548094517e-05,6.055552512407963e-06,-4.4006761163470495e-05,-4.759505391120689e-05,-0.0001184783875942204,0.00016104727983474605,-0.0003652572631835941,0.00011213049292564418,-9.983777999898638e-07,1.1789798736568758e-05,0.00017305612564087148,6.143152713775771e-05
56,0.0013185620307922376,0.0005054786801338204,0.00048298686742782496,0.00029196292161941576,0.0009141921997070319,0.0006033718585968031,6.793439388274846e-05,4.101693630218619e-05,0.0006582260131835938,0.00015622116625308745,0.0007196882739663121,0.00030101239681243846,0.0004180915653705537,0.0002085980027914042,9.233802556991444e-05,-0.0006052382290363327,0.0008061170578002924,0.0015708684921264655,-8.603185415267866e-05,0.0013580679893493643,0.0001812875270843498,0.001422119140625,0.0024995282292366045,0.0005865395069122308,-2.4997908622026443e-05,-2.9634684324258313e-05,-0.0006062269210815438,-0.0005281984806060781,6.318502128124432e-05,-0.0013097897171974143,-0.0011082261800765966,0.0002705454826354971,-9.397696703675398e-06,-0.00024981647729873654,0.00041552633047103676,-6.0576945543264575e-06,-0.00012973025441169372,7.587298750880527e-06,-1.4101341366766829e-05,-0.00010600164532661661,-0.0011888861656188963,0.0010538160800933837,0.00046141147613525314,0.0003207683563232431,0.0007866427302360547,0.002179622650146483,-0.001201066374778748,-0.0024516701698303204,-7.71064311265895e-05,-1.7622392624615354e-05,-0.00015106126666069203,-4.715379327535785e-06,-0.00010495632886886553,2.7059018611910772e-05,-2.1709501743313857e-05,-1.3445550575850245e-05,-1.2370478361839666e-05,-0.0001420480199158149,-3.760363906621687e-05,-1.54704088345163e-05,-9.62718389928269e-05,-3.085986245422884e-05,-1.3726856559513924e-05,-2.5555770844214806e-05
57,-7.662661373615541e-05,0.001601082086563111,-0.0006823033094406102,0.00022012814879417424,0.006361389160156249,-0.00035563409328460537,-0.0006124109029769893,0.00014743804931640752,-6.999522447586027e-05,-2.853050827980284e-05,-0.00013460256159305184,-0.0011347770690917976,-0.0001087773591279992,-2.4385005235672723e-05,-0.00011730249971151516,-0.0003490850329399086,-0.00016849525272845934,-0.0006972469389438605,-2.7165655046697665e-05,-2.2232555784280303e-05,-4.375334829091834e-05,-2.8985692188138558e-05,-0.00010767318308352882,-1.4264148194340079e-05,-0.0003299871459603259,-0.0019394248723983768,-0.00018138885498046668,-0.00046203508973121624,-9.325146675109611e-05,-0.0001801321282982865,-0.0004112251102924301,-1.0136980563400866e-05,-0.0006627142429351787,6.07967376711207e-07,-0.00017513409256934772,-0.0002483479678630827,-0.0013167232275009138,-0.00015112571418285473,-9.952373802661651e-05,-0.00017503760755062267,-0.00018467120826243553,-6.392933428286658e-05,-8.675158023833757e-05,-0.00010729404166340598,-9.593339636920896e-05,-0.00018256455659865909,-2.5720568373799128e-05,-0.00029076859354972484,-9.385123848914982e-06,-6.498862057921654e-06,-2.7292780578133572e-05,0.00036435127258300837,-5.0356052815912644e-05,-3.139050677418517e-05,-1.0361149907110986e-05,-4.029422998428057e-05,-6.858184933661304e-05,-2.0893197506663586e-05,-6.027575582265084e-05,-4.11004759371211e-05,-8.459910750388343e-05,-1.724427565931723e-05,-1.3317773118612396e-05,-7.815975695848253e-05
58,-2.8833746910063286e-06,-1.272559165954593e-05,-0.00021137297153472418,0.00042497813701629676,-0.00010994672775268467,2.655107527969998e-06,-0.0005788445472717284,-0.000801491737365723,-2.9435474425545736e-05,-5.1852688193316574e-05,-0.00014925189316272616,-4.138145595787884e-05,-7.28901475667897e-05,-4.191948100923648e-05,-7.33374617993729e-05,-4.362352192401132e-05,-5.965167656539659e-06,-1.678850967436808e-05,-1.44158490002135e-05,-1.366697251796326e-05,-1.7324462532994224e-05,-1.3766763731835396e-05,-1.2573320418590406e-06,-7.539913058280726e-05,-0.0003621026873588576,-0.00028992742300033446,-0.0005923874676227563,-0.0005651690065860742,0.00014741420745849424,-0.0007666582241654388,-0.00042807012796402107,-0.0004190653562545788,-0.00011821752414106646,3.3734366297744117e-06,-2.713017165660688e-05,-6.354972720146059e-05,-1.4160946011539522e-05,-2.9809097759423646e-05,-3.0452664941547156e-05,-0.00020468719303607473,-6.091175600885736e-05,-8.839489892124376e-05,-4.302514716982652e-05,-3.976863808932127e-06,-3.187609836458767e-05,-9.864079765973035e-06,-3.0183885246509024e-05,-1.867725513875129e-05,-1.5858281403775217e-05,-5.527916364371757e-05,-4.004798829555258e-05,-6.606103852389016e-06,-5.245469510555456e-05,-7.312837988137945e-06,-6.70287758111915e-05,-3.187116235494307e-05,-4.443740472197009e-05,-7.368810474870265e-06,-9.39184799790381e-05,-2.6131048798559107e-05,-9.033642709255197e-05,-0.00015707798302173274,6.143655627964678e-06,-0.00014733672142028562
59,-2.1485472097991374e-05,-1.5438720583914657e-05,-5.311216227709778e-06,-1.132345059886143e-05,-8.680168539285202e-05,-9.738840162751013e-06,-4.5648217201231854e-05,-6.688339635729179e-05,-0.0003877971321344405,-4.6932091936467456e-05,-1.1186022311447606e-05,9.231269359575558e-07,-0.00012872517108916925,-7.493980228898938e-06,-5.6514330208306616e-05,6.586313247681251e-05,-0.0003163437359034965,-0.00011906549334525672,-0.00036474764347076404,-0.00020797122269868482,-0.00014797709882259085,-0.00017592702060937414,-0.00019710008054971183,-0.0003494381904602066,-5.028173327445987e-05,-0.0001103674992918932,-7.483582012355023e-05,-4.9873907119033814e-05,-0.00029239356517791364,-0.00030080638825893247,-0.000109117384999989,-5.635451525449251e-05,5.412846803669203e-06,3.7193298339862697e-06,-0.0005130894482135765,-1.8998980522158343e-05,-1.9966065883634284e-05,1.2922659516331642e-05,-0.0005541712045669575,-3.98799777030841e-05,-2.251844853162836e-05,-1.9462779164316364e-05,-0.00011203512549400251,-1.6378238797189872e-05,-9.51178371906261e-06,-8.40552151203144e-05,-6.195530295371646e-05,-3.033429384231649e-05,-0.00010709222406149054,-6.210710853340272e-06,-7.302835583686545e-05,-3.0327215790748547e-05,-5.198572762309295e-06,-5.842279642815963e-06,2.9674731194952495e-06,-1.1606514453891163e-05,-0.0024556070566177364,-0.0011924624443054213,-0.0015880286693572992,-0.00020096600055694407,-0.002000474929809569,-1.6573257744311583e-05,-0.0008397728204727159,-0.0017365753650665286
60,-5.98276033997529e-05,-1.4778971672056916e-05,-2.4543516337869307e-05,-6.640758365392295e-05,-1.3818591833119644e-05,-0.00011904723942280426,-5.478169769048472e-05,-2.619996666907052e-06,0.00015397667884826686,-0.0013914704322814928,-0.0001987978816032436,0.00026611387729644285,0.00031591355800628833,-3.968179225921709e-05,-0.0007240951061248788,-0.0007794946432113631,0.0004973411560058582,0.00013714581727981395,-0.0019975788891315486,-0.0006076082587242123,-0.0020746797323226924,0.0016133483499288555,-0.0014250069856643658,-0.0004949197173118595,-0.0012133598327636707,0.0028254508972167997,0.0030242949724197388,0.00039547979831695504,-0.0010023772716522199,-0.0030948318541049943,-0.007281297445297241,-0.001967167854309082,-3.4986063838001935e-05,-0.00011077672243117952,3.76924872398357e-06,-3.20068560540648e-05,-4.9653276801107284e-05,5.608610808847245e-06,-6.66892156004834e-05,-3.1585991382597234e-05,-7.474888116119161e-06,-5.061812698841407e-05,-3.597326576709271e-05,-4.4340267777443305e-05,-9.21031460165991e-06,-2.0040525123476476e-05,1.99903734028346e-05,-4.125200212001508e-06,0.0006261765956878627,-0.00015572868287563548,0.0002239942550659223,0.00023757182061672245,-9.645223617553294e-05,-8.342862129211465e-05,-0.0002783000469207714,0.0008713364601135243,0.0015593096613883961,-0.00034190565347671625,0.001287819445133212,-9.181872010231208e-05,0.00014826953411102307,-8.078422397374949e-05,0.0019114837050437938,-0.00013031363487243868
61,-0.0006920695304870607,-4.4202804565429425e-05,-0.0014864653348922706,-0.0004915729165077201,-0.0003110393881797789,0.002138620615005494,0.00047767162322998123,0.00024943947792053004,-2.4679303169244058e-05,-4.532106686381553e-06,-8.875839412212101e-05,-2.5498983450233585e-05,2.207234501810549e-07,2.570077776906863e-06,-3.470946103337609e-06,-2.7163513004774895e-05,-1.0495120659468137e-05,-8.753291331230735e-06,-5.1897205412381875e-05,-2.2774562239646132e-05,-7.000938057902893e-06,-1.5956838615232064e-05,-1.095230691134621e-05,-1.6918499022722948e-05,1.6937032341958322e-05,-2.8885155916210063e-05,0.0001167058944702163,-2.9425229877233477e-05,-2.8677284717557548e-05,2.2046267986322835e-06,-3.6697275936602626e-05,-2.5302916765211684e-05,-0.0001209620386362068,-1.8943985924120127e-05,-1.9449694082134615e-05,-1.429812982681544e-07,-0.0010592900216579468,-1.4753267168997255e-05,-1.975782215594841e-05,-3.742370754480247e-05,6.6702719777836755e-06,-9.8945572972252e-06,6.353436037898259e-06,1.4819204807280342e-05,-2.8853863477705895e-05,2.005160786210787e-06,-2.198121510445925e-05,4.563853144646805e-06,2.3664906620895368e-07,-3.609135746956118e-05,-2.5975424796340195e-05,8.512567728759284e-06,-0.00010859072208403704,-0.00010531842708587423,-9.022969752549886e-05,-8.071735501289313e-05,-3.366759046911761e-05,-1.9157351925970648e-05,-3.6695133894674875e-05,-2.6401132345201734e-06,-1.1220481246704394e-05,-0.0001029938459396314,-0.0001176239922642618,-9.768903255462025e-05
62,-2.6774546131486054e-05,-7.829754613339305e-05,-6.913002580404035e-05,-3.1532905995840344e-05,-1.7290888354180855e-05,-1.6851816326378234e-05,-6.936548743393598e-06,-0.00012024473398923156,-4.415959119797441e-06,-7.731057703495307e-05,-2.2117421030998424e-05,-1.4251051470635918e-05,-5.088374018668699e-06,-0.0001135215163230899,-1.3790931552650807e-05,-4.0995888411995916e-05,-0.00010672733187675567,-6.977543234824561e-05,-0.00010712817311287121,-0.00013095401227473927,8.042156696319428e-06,0.00024145906791091031,-0.00020287241786718464,0.0001401755958795463,3.931857645511396e-05,-0.0001334965229034376,1.2888386845588602e-05,-0.0001757580786943401,-2.9804650694130913e-05,-1.9926205277438946e-05,-1.0889023542388901e-06,3.5688281059241927e-07,-2.4144537746903292e-05,-3.191595897077936e-05,-0.00012215636670588885,-3.8546137511725876e-05,0.00017045885324478075,-3.0801445245737996e-05,-8.573364466428616e-05,-0.0001269266009330752,-2.7729198336600356e-05,-3.7390738725646796e-06,-0.00017285998910665358,-2.3594684898852874e-05,1.1624768376347669e-05,-8.759219199418686e-05,-1.5940051525828566e-05,-1.452816650271113e-05,-2.003912813961457e-05,-4.175626672803941e-05,-3.7508737295859356e-05,-1.3402197509999295e-05,-2.1818792447448285e-05,-0.00014706887304782458,-0.0002729997038841188,-2.8883479535579073e-05,-0.0001348175108432784,-1.9377074204381844e-05,-1.614941284060144e-05,-4.0219724178310264e-05,-1.5861098654563742e-05,-6.901295855640959e-05,-2.5772675871844002e-05,-4.7934986650941374e-05
63,-2.0146975293751294e-05,-2.523101866244758e-05,-1.981668174265015e-06,-0.0001142166554927811,-0.0016234636306762696,3.5187229514076107e-06,-0.000210665352642539,-0.0006847053766250589,-1.4859484508658422e-06,-3.3431779593226114e-05,-7.825959473847654e-05,-1.652557402849213e-05,-4.143090918660472e-05,1.304373145103279e-05,-2.0310562103986523e-05,-4.362687468531949e-06,-4.560630768537617e-05,-4.903282970189885e-05,-0.000542229413986209,-3.7571601569654486e-05,-8.571334183218986e-06,-3.9556249976160525e-05,-3.9099156856535274e-05,7.057329639785998e-07,-1.584133133292167e-05,-8.927751332520871e-06,-1.4550704509019326e-05,-5.14863058924345e-06,-3.800578415393341e-05,-2.870168536901183e-05,-3.422144800424615e-06,-4.3924432247876884e-05,-0.0009732365608215362,-5.060099065303461e-05,-0.00032334700226783016,-0.0003836400806903795,-0.00011101206764578611,-0.0008425615727901459,-0.0003812335431575773,-0.00029426999390124483,-7.717125117777525e-06,-6.017927080393483e-06,1.0401941835888882e-06,4.762783646591177e-07,-6.07460737228416e-05,-1.795738935471118e-05,1.3232696801421506e-05,4.712454974651165e-05,7.415376603601039e-06,3.476832062005901e-05,-7.943389937280417e-06,8.928170427680054e-06,-1.4112703502180792e-05,-1.8888339400290078e-05,-1.2273900210865354e-06,8.369889110326864e-06,-0.0008048206567764285,-1.825019717212781e-06,2.2168830037116376e-05,-0.00018128752708434926,0.000500576198101043,6.244704127311499e-05,0.00019262433052062876,4.843622446061191e-06
64,9.268522262584545e-07,-7.768906652928375e-06,-7.668696343898891e-05,-4.0010828524820926e-05,-6.721951067447548e-05,-5.597434937953606e-05,-3.57132405042646e-05,-2.2283522412178966e-05,0.001263946294784547,-0.00010985415428876523,1.545716077088817e-05,5.729380063712224e-05,7.85933807491879e-06,1.423121429979676e-05,-7.088109850887116e-06,2.5541894137856893e-05,-2.8071366250514023e-05,-7.29649327695192e-06,-2.0538829267020465e-05,-8.93590971827471e-05,-6.189476698639587e-06,2.095475793079814e-09,-1.4265743084249479e-05,-2.3084599524733106e-05,-0.0005651175975799567,-0.00020207017660141296,-0.00033868849277496067,0.00014322996139526343,0.00044037699699402133,-0.0006894171237945559,-0.0002620652318000797,3.890097141265486e-05,-5.320515483617179e-05,-1.2856139801439243e-05,-1.981691457330458e-06,-2.481867559253642e-05,-7.060430943965382e-05,-3.3558299764987565e-05,-1.363554038107311e-05,-1.9765878096220144e-05,0.0003264576196670518,0.0006089031696319559,-0.00012550055980682163,-0.0008118480443954475,-0.0008052825927734378,0.00061037540435791,-0.0008241176605224582,0.0011643573641777066,-0.0008497439324855755,0.0009810812771320345,-0.0010045722126960715,4.416406154632428e-05,0.0018881797790527381,0.00018609836697578084,0.0010147273540496837,-6.743073463439949e-05,-0.0001651018857955965,-3.7154182791710076e-05,-5.361449439078049e-05,0.00015519177541137177,-2.9129162430757255e-05,-0.0001490140333771656,0.00031015984714031315,3.096372820436906e-05
65,0.0013608574867248538,-0.00044706761837005573,-0.001218178868293762,0.00032902956008911126,0.000257766246795655,-0.0001025084406137502,-3.4707784652710046e-05,-0.0009296715259552018,-6.808293983337197e-06,-1.649609766900215e-05,1.0725739412016729e-05,-1.1187884956596933e-05,-4.192627966401205e-06,-1.5723006799813024e-05,-1.1693406850099586e-05,-4.895031452129624e-07,-0.00011965055018663042,-8.16858373582406e-06,-8.196579292416031e-05,-6.34741038084009e-05,-5.7053193449969494e-05,-0.00010203532874583814,-4.182718694210154e-05,-6.754510104655935e-05,-8.147023618221432e-05,-8.228980004784104e-06,1.4107674360289123e-06,-4.517380148171344e-06,-6.744451820850244e-05,-8.206814527512554e-06,-7.124831900000478e-05,-3.950074315070952e-05,1.6477704048149318e-05,6.367284804582112e-05,1.1003389954558518e-05,2.722511999308977e-05,-0.00011679269373416726,-3.347173333168393e-05,-9.992551058530822e-05,0.00025233477354049154,-4.75021079182599e-05,-3.0987523496150596e-05,-0.00010902080684900071,-2.249134704470482e-05,-4.1157007217409625e-05,-8.248463273048699e-05,-3.992589190602082e-05,2.457201480862494e-06,-7.276842370627668e-06,-1.302398741245395e-05,3.11322510243001e-06,5.326233804204245e-07,-9.29449684917879e-05,9.045936167213776e-07,-8.215289562943427e-06,-1.4398992061609951e-05,-7.3637813329734375e-06,-7.495144382118999e-05,-5.33782877027934e-05,-1.5925732441244653e-05,-6.653834134339714e-05,-4.2412988841537034e-05,-0.00019631870090961595,-5.002799443900748e-05
66,-2.863211557268942e-05,-0.0005740657448768613,-4.537701606750688e-05,-0.00022042095661163472,6.224513053894405e-05,1.1815503239626158e-05,0.00020709931850433202,-6.424486637114887e-05,1.304377801716521e-05,-3.852322697639172e-05,3.784028813243262e-05,3.149658441543874e-05,8.05845949798857e-05,1.0723760351540435e-05,-1.227147877216167e-05,-3.87802720069246e-06,6.844243034720615e-06,-1.7493963241570504e-06,-2.2163614630653644e-06,3.3574411645488884e-06,0.00010364353656768537,2.0565651357173155e-05,5.976017564535023e-06,-5.570780485868727e-05,2.434710040688532e-05,0.0005824942141771283,-2.1241605281835147e-06,-6.437860429286657e-05,0.0001055255532264721,-5.972199141981778e-06,-1.2500723823905499e-05,-8.375309407711326e-05,-0.0005024850368499755,-0.00030246898531913555,-0.007270413637161255,-0.0011569000780582406,-0.0026040077209472648,-0.00027984082698822037,-0.011432377249002456,-0.00042381584644317593,-5.077212117612119e-05,-7.366435602304175e-06,-6.621107459068276e-05,-1.5262514352779109e-06,-4.71040606498719e-05,3.077927976844761e-06,-5.707144737243502e-05,-5.7509634643789596e-05,-1.20923854410637e-05,-9.022653102850341e-07,-4.536695778370025e-05,-7.799314334986503e-06,-9.133890271186709e-05,-2.729576081037418e-05,-4.028752446174291e-05,-1.249164342880333e-05,-0.00013014450669288313,-7.28074461221736e-05,-2.7472805231813225e-05,2.7527846395970444e-05,-9.894780814647557e-05,-0.00013103503733873345,1.772865653037939e-05,-8.191801607609115e-05
67,-9.524077177045796e-06,-1.1408003047104998e-05,-3.278665244579088e-05,-1.5449477359650663e-05,-1.7796177417036354e-05,-1.9408576190470693e-05,-4.874258302152059e-05,-2.7354806661626556e-06,-7.715262472630444e-06,3.549717366695195e-05,5.420297384256871e-06,2.324539236724412e-05,-4.79364767670641e-05,1.6179308295249744e-05,-8.734576404095131e-05,-2.7502467855811e-05,-5.6869536638264276e-05,0.000597478076815606,-0.00026931837201118797,-0.00043421313166617994,-0.0001031026244163465,0.00013463497161865208,-0.000119072943925853,-5.1833689212801044e-05,-0.0005620881915092465,-0.0007627561688423152,-0.000704834237694739,-0.0010848408564925211,-0.0005031958222389172,-0.00058436654508114,-0.00017695324495434734,-0.0007143639028072305,-4.52675856649874e-05,-1.3901153579352448e-05,-7.949071005021522e-07,4.479661583906239e-06,-2.893444616346673e-06,9.646825492378826e-06,3.4242868423467184e-06,1.0736286640160597e-06,-2.2843107581130898e-05,-5.037486553192097e-05,6.10854476690058e-07,-2.0837318152186305e-05,2.6188325136909713e-06,-4.065036773679748e-06,8.7756663560846e-06,-1.2805685400962459e-05,-2.9377639293670854e-05,-0.00019187033176422015,-0.00016808640211820843,-0.0004107341170310969,-0.0001510582864284498,-0.00010303091257810146,-0.0002484768629074044,-0.00038757920265197624,-0.0013442844152450537,0.0002466291189193729,0.0015264585614204428,6.417334079742389e-05,-0.00088142901659012,0.0008283287286758437,-0.0005948305130004874,4.836618900299097e-05
68,-2.8332509100437848e-05,-2.3534800857304045e-05,-1.913290470838459e-05,-3.118598833679805e-05,-6.848014891147393e-05,-4.9080699682235914e-05,-4.621781408786519e-06,-2.421587705611589e-05,-0.0006620191037654893,-0.00031811594963073467,-0.0007521778345108021,-8.134879171848084e-05,-0.00019789179787039327,-0.0004549250006675707,-0.00022746510803699351,-0.001073526218533513,0.000590178370475768,0.0012464880943298337,0.001424384117126462,0.0017841279506683357,0.00513705611228943,0.0005338758230209355,0.00099976658821106,0.0002709880471229545,-4.517436027526887e-05,1.1608004570005698e-05,-0.00019910931587219035,-8.894503116607686e-05,5.0418078899381634e-05,-4.16263937950135e-05,-0.00016162097454070905,0.0001614391803741469,-4.216767847537563e-05,-2.5351718068119195e-05,-6.798841059207564e-06,-1.8858909606933047e-05,-7.372153922914871e-05,-3.5800039768231145e-06,-2.623554319143555e-05,-6.623659282922916e-05,-8.389074355366855e-06,-0.0002542138099670365,-0.0011773377656936642,0.0002307973802089686,8.23467969894423e-05,1.7959624528884298e-05,-0.0011722266674041748,-0.000672669708728791,0.0010152578353881832,6.443262100220063e-05,0.0008934527635574323,0.0011245191097259519,-0.01181478500366211,-6.2227249145512585e-06,-2.7297437191006785e-05,0.000318071246147155,-2.865493297576835e-05,5.2997842431070135e-05,-0.00017359852790832623,2.9265508055689704e-05,6.718188524246353e-05,0.001563936471939087,0.003097921609878539,0.00015143752098083712
69,-1.4881789684299053e-05,1.0438077151777467e-05,-1.809727400541198e-05,-1.944862306117906e-05,-3.433423116802862e-05,-3.3167144283645e-05,-5.902908742427785e-06,-5.032271146774331e-05,-9.898096323011115e-06,-3.046663478016574e-05,-3.422405570745257e-05,-5.577970296144464e-05,-2.0817480981352387e-05,-5.357600748538729e-05,-3.950372338294647e-05,-1.645097509026221e-05,-0.00024200975894928103,-0.00012378199025988416,-8.145263418555033e-05,-6.497800350188612e-05,-0.00014648046344518522,-0.00015661157667636836,-0.0002095282077789338,-7.35454261302952e-05,2.8899684548381077e-05,-0.00018534027040004614,-0.0001460477709770213,1.872032880782866e-05,1.812539994715984e-05,-9.01997089386021e-05,-0.00011016726493835731,3.36684286594393e-05,-0.0019802898168563825,-0.006290072202682498,-0.005135843157768249,0.0003864660859107936,0.0017800554633140564,0.000287747383117675,0.0005578458309173581,0.004217076301574707,-0.0003403574228286742,-0.0002551423385739289,-6.604222580789891e-05,-0.0002407209947705254,-0.00021454617381095608,0.00016061067581176874,-0.0002004003152251275,-6.593447178601598e-05,-0.00015143454074859666,-3.797542303800354e-05,-2.090763300657559e-05,-0.00017267242074012304,-0.00012650080025195505,-2.769511193037252e-05,-3.82035970687819e-05,-4.700808785855348e-05,-0.0001343350857496148,-0.001602464914321898,-0.00033444650471210264,-0.00023300610482692227,-0.0005200542509555832,-0.0007352866232395153,-0.00048033297061920186,-0.00020010545849800045
70,6.564371287822628e-05,-4.517361521720312e-05,-2.7982518076898853e-05,5.42730093002284e-05,-6.101671606302241e-05,1.3304944150153609e-05,-1.7562136054033764e-05,-8.473545312881742e-05,-0.018553489446640016,-0.0002663239836692838,-0.0005970537662506114,-0.003815364837646485,-0.0030552685260772693,-0.0007764905691146844,-0.003727847337722779,-0.00023098737001418985,-3.509856760501889e-05,-4.9395114183423754e-05,-1.3394281268120088e-05,-4.839375615120041e-05,-9.068287909030149e-05,-2.6816129684444297e-05,-7.746368646623756e-06,-2.0327046513560382e-05,-0.0007398784160614018,0.00014503151178359874,0.00024315118789673126,0.00017603039741516228,0.00038325861096382525,0.0005883738398551932,0.00033845305442810125,-0.0008701935410499578,-0.0002206057310104394,-0.00037646219134330626,-0.0002000711858272537,-0.0005267262458801278,-9.085610508918329e-05,-0.00018067285418510738,-7.143188267945945e-05,-0.0006145659834146484,-0.000250611081719395,-0.00028154514729976723,-0.0008220076560974109,-0.0003341808915138235,-0.00020586773753166339,-0.001411803066730501,-0.0007209353148937257,-0.00038947761058807316,-4.469268023967291e-05,-4.396811127662748e-05,-0.00011068508028984025,-7.341131567955105e-05,-0.00043279305100440903,8.699074387550495e-05,-8.835811167955704e-05,-0.0009418487548828137,-3.358069807290875e-06,2.7641654014586406e-05,-3.7621706724135224e-06,-0.00040623396635055766,5.0064083188778295e-05,-0.00031566172838210356,-4.698149859904087e-06,1.4865025877953124e-05
71,-0.00030047595500945826,-0.0019517987966537454,-0.00037406757473945905,-0.000493602454662323,-0.0028362177312374103,-0.00042775571346283193,-0.0016304582357406655,-0.0009166933596134184,0.0012362182140350333,-0.0001884907484054541,-0.00013962388038635498,-0.000499182939529418,-0.0031942173838615424,-0.0006832256913185127,0.00017241500318050567,-0.010813379287719728,-2.2307038307192083e-06,-0.0015519380569457982,3.241002559657244e-06,-8.163321763273402e-06,1.4247000217437353e-05,-4.6293437480924695e-05,-0.0007650390267372111,4.315916448831239e-05,0.0006218910217285165,-9.383857250213545e-05,-0.0005292683839797977,-3.5649165511131775e-05,3.2965093851105346e-06,3.4952163696289705e-05,0.00011302083730698075,5.787238478650596e-07,7.688999176025513e-05,-0.00032006949186325366,-9.720474481582764e-05,0.0016073636710643787,0.0003890275955200194,0.0029996156692504885,0.00022477209568023542,-6.827414035797476e-05,-0.0001398965716362019,-3.962079063054365e-06,-0.0002463147044181821,-5.9008132666350536e-05,-3.835335373878413e-05,-8.402261883020402e-05,-0.00014232322573662153,-0.0001204915344715121,-0.0010202914476394654,0.00011344701051712244,8.606687188148545e-05,0.0002333585172891655,0.0001539252698421479,7.213596254587314e-05,0.00040930211544036664,8.285986259579888e-05,-0.00010966546833514699,-1.0348157957196353e-05,-0.00022761896252631968,-1.930352300405102e-05,-0.00015461556613445313,-0.00023016706109047196,-0.00012371595948934333,-3.690775483846491e-05
72,-0.002007238566875455,-0.0010391473770141602,-0.01156185120344162,-0.0006169691681861889,0.00038285255432128813,-0.0038794159889221184,-0.004025635123252868,-0.01619217246770859,-6.769001483916871e-05,-0.00013341996818780436,-0.00021773725748062243,-0.00016071870923042522,-7.98590481281245e-05,-0.000386171787977215,-0.00044731944799423064,-0.00011679828166961821,-0.0002184376120567274,-0.000765208899974824,0.00010510608553886024,2.6226788759229612e-05,-2.0444393157958595e-05,-0.0006560444831848172,-0.0021003738045692446,-0.0005600258708000145,0.0004410065710544595,0.0007043100893497507,7.93363898992523e-05,0.0003799285739660293,0.00022425558418035164,1.848060637712369e-05,0.0002914518117904653,0.0008297681808471684,0.000276947021484375,-0.00025799274444580125,0.0007892429828643812,0.001058769226074219,-0.001214498281478883,0.001037424802780152,-1.401305198669568e-05,0.00016265064477920659,-0.00027878582477569217,-0.00011695399880409445,-0.0004621341824531551,-0.00031993724405766086,-8.004680275917309e-05,-5.476176738738761e-06,-0.00016011968255043215,-0.00019596740603447263,-2.5068223476404175e-05,-9.218007326125869e-05,-0.0002188891172409069,-5.314722657203667e-05,-1.4418363571166256e-05,-0.0006088469177484518,-0.0004443034529685988,-0.0004837751388549787,4.197061061859367e-05,6.416141986846505e-05,0.0006211474537849456,-7.892102003097402e-05,-6.974898278713475e-05,-9.724497795105063e-05,-0.0002495586872100825,-5.304813385009626e-05
73,0.00484684109687805,-0.00015353262424468305,0.0016950130462646494,-0.0013098284602165223,-0.00016975998878479185,0.0005427584052085859,0.00048109292984008684,-0.0002776831388473513,-0.0008580207824707019,-0.0025466680526733407,-0.0007258892059326145,-0.00590950846672058,0.0005286343395709975,-2.228617668151938e-05,0.0005216151475906381,-0.006504124402999878,-0.00016308277845382714,-9.4678252935409e-05,-0.00025516375899314864,2.6385486125941004e-05,3.9219856262205425e-05,-0.0005837999284267398,-7.07231462001839e-05,-0.0002493068575859096,-7.049366831780706e-06,-0.00012445300817489938,0.00010834597051143666,-2.449685707688308e-05,-9.299693629145463e-05,0.0002815052866935726,1.0419264435776097e-05,-0.00011990824714302752,2.6070326566698074e-05,0.005849599838256833,0.003355860710144043,0.00036878287792205787,-6.443262100219874e-05,-0.0026974961161613476,-0.0017863512039184583,0.0003615319728851326,-0.00024249553680420226,-0.00045202225446701517,-0.0001512167975306479,-1.8320977687804237e-06,0.0004174873232841469,-0.00017379820346832378,-0.00013134852051734889,-0.00036328136920928957,0.00012314915657043378,-5.770307034254445e-05,-0.00048291012644767646,-0.00032697841525077464,-0.000776536017656325,-0.00015490986406802666,-0.0005523800849914525,-0.000448077917099,0.0007497593760490421,-0.0002495869994163518,-9.48831439018251e-05,0.00035450309514999345,0.0022327899932861337,-0.00019083321094513127,0.00046760141849517823,-6.795078516006997e-05
74,-0.0017968267202377278,-1.5529990196226663e-05,-0.002982795238494873,-0.00015905126929283608,0.0019354075193405169,-8.582584559917403e-05,-0.0006061017513275151,-0.003257550299167633,-0.0001367602497339289,-0.0018833585083484626,-0.0011904630810022326,-0.0005650252103805533,-0.0009535297751426707,-0.0007331058382987961,-0.0003693133592605593,-0.0008321769535541527,-0.00014199614524840906,-0.0002008683979511264,-2.6498734951020198e-05,-8.68242233991629e-05,-5.205646157263869e-05,-7.497668266296413e-05,-0.0012795612215995766,-3.327354788779846e-05,-0.0003727726638317102,-0.00018828362226486298,4.319986328483098e-05,0.0018983364105224598,0.0003133855760097479,-0.0037918686866760254,0.003194379806518556,-0.0020782649517059317,-0.00015125460922717983,-6.160177290439177e-05,-9.522140026092373e-05,-0.00021110102534293809,-0.0003450155258178722,-0.00015022754669189565,-0.00016179233789443862,-0.0001242786645889221,-0.00070000886917114,-0.0003509670495986948,-0.00043501406908035104,-0.0005498468875885013,0.00030329823493957563,-0.00025075674057006934,-0.0001743443310260764,-0.0004472017288208027,-0.00011191517114639319,-6.139241158961868e-05,-5.461126565933356e-05,-6.190054118633426e-05,-4.00359043851476e-05,-4.199496470391567e-05,2.6101619005203313e-05,-1.4035776257516339e-05,-0.00039713382720946746,-4.639178514480194e-05,-8.267555385827046e-05,-0.00032207928597926736,-0.00022877678275108528,-0.0009488388895988476,-0.0003734707832336411,-5.131214857100802e-05
75,6.221085786819349e-05,-0.00011210814118385571,-0.0015475511550903293,-0.0002674438059329979,1.2102350592608493e-05,-0.00123835802078247,-0.00019543766975402814,0.003238606452941895,-0.002839344739913939,7.843114435672913e-05,-0.0005895823240280118,0.0005821526050567631,0.00010243952274322479,0.0009983569383621204,-5.699098110199132e-05,0.00010398477315902653,-0.0010720618069171904,-0.001567986607551575,-0.001575082354247569,-0.00105620324611664,-0.000141677260398863,-0.0013991147279739382,8.450523018836914e-05,-0.0002030402421951314,-0.0007281541824340837,-0.0008451752364635453,-0.002507671713829045,-0.0011405490338802352,-0.0014618217945098857,-0.0019389986991882303,-0.0009840235114097582,-0.001419930160045625,-0.0018764466047286976,-0.005462306737899782,-0.004824434220790862,-0.0014518044888973223,-0.00021182447671890358,-0.002972614765167237,-0.001815541833639139,-0.001777029037475587,0.0020952999591827394,-0.0003199554979801168,0.00038131177425384735,-0.0058808669447898854,-0.0019141733646392835,-0.0023014634847640996,0.0014936581254005401,-0.0042519867420196525,0.00030722618103027374,9.262040257453547e-05,0.00035033915191888797,0.0001612693071365323,0.0006106704473495487,0.00013566622510552368,0.00033346228301525617,0.0004466876387596112,0.000186556577682495,0.00022372007369995248,-0.0002935588359832772,0.0001795798540115375,-0.00018677711486816327,-0.0009145483374595608,0.00042057335376739574,0.0004821613430976859
76,-0.00021800547838211472,-0.0032330200076103217,-0.0003670565783977481,-0.000277487933635711,-0.0005882957950234417,-0.00021915063261985585,-0.000681960582733152,-0.0005177482962608331,-0.0002978444099426262,-0.00019929185509681772,0.000783509016036985,-0.0017572999000549296,-0.0001721534878015506,0.0002540409564971925,2.2172927856450083e-06,-0.0034604787826538093,0.00011831372976302745,2.2512301802632036e-05,9.306222200393875e-05,1.0764040052887804e-05,0.0001824093982577309,0.0004448600113391886,0.00020682886242865984,0.0001583978533744763,-0.00027943849563598626,0.0012410759925842293,0.00010818541049957119,-0.000730976462364195,-0.000722523033618928,-0.0005993008613586424,-0.0008459806442260732,-0.0005802720785141009,0.00047752261161804687,0.0003448337316513088,-8.838996291164213e-06,0.00032419217750430314,0.0003559872508049011,3.8651004433628066e-05,0.0005541414022445654,0.0003633692860603325,-0.0015836238861084,0.0006372839212417594,-0.0038082659244537353,-0.001772087812423705,0.005269956588745119,0.0009950160980224613,-0.0031637310981750496,0.0022973537445068366,-0.00017875432968139724,-0.0012817420065402965,-0.00032406747341156157,-0.00021041929721832362,-0.000830683112144469,-0.00037738382816314474,-0.0010654807090759249,-7.643103599548314e-05,0.0022394895553588872,0.004257637262344361,-0.000821799039840698,-0.0004960983991622932,-0.002404206991195678,0.011100757122039794,7.87384808063519e-05,-0.00011334419250488138
77,-0.0018247842788696258,-0.00019176006317138562,-0.0008642077445983901,-0.0002681776881217985,0.000561100244522095,-0.0002435423433780658,-0.0005716904997825624,0.0013152241706848142,-0.00023047551512718383,-0.00025183372199535296,-0.0025362730026245108,-0.000580701231956483,-0.0010708272457122807,-0.0002756446599960364,-0.004417130351066589,-0.0008325904607772817,0.0001844432204961738,-0.001494872570037844,-0.0008774816989898674,0.00028783679008483564,0.00031965374946593884,0.00017907032743095803,0.0005840048193931523,0.00047883987426757874,-3.5714358091394784e-06,-8.955374360084138e-05,-0.00012129396200179961,-0.0001911643892526592,-0.0002633035182952859,-9.2948973178867e-05,2.577602863311438e-05,-1.4142692089079249e-05,0.00041061043739318813,-0.0007718086242675781,-0.007907247543334961,0.0006818234920501706,-0.0014342010021209737,-0.0008355662226676947,-0.0002553895115852347,-0.00041838735342025784,-0.0014365971088409423,-1.3838708400726433e-05,-0.002619104087352754,-0.004554760456085207,0.0002090126276016241,-0.0016331970691680932,0.00038752555847167873,-0.00024665445089340124,-0.0011215075850486752,-0.0013468146324157725,-0.0009243756532669063,0.0004246324300765988,-0.00048743486404418876,0.00040700435638427613,-0.00146123766899109,-0.00010485649108886753,-0.0008967489004135116,-0.0015145957469940223,-0.00042812526226043614,0.0007190823554992685,0.000784856081008911,0.0009660929441452004,-0.0022125869989395165,-0.00427084267139435
78,0.002103900909423828,0.001678091287612915,0.0003711521625518791,-0.00012865141034126541,-0.0005384802818298325,0.0019465565681457513,0.0005361646413803089,-0.0007965445518493639,0.0001338552683591816,-0.00040352344512939437,-0.0001510154455900209,0.00027110129594803023,-0.00031601935625076577,-9.095966815948718e-05,0.0007274150848388675,0.0005507946014404293,0.001394906640052796,0.00010271072387695314,-0.0001944109797477724,-0.0001751773059368115,-0.0010485023260116588,-0.0014278769493103012,0.00018424391746521277,0.00021618679165840305,0.0031749725341796873,-0.00013446547091007307,-0.0005801543593406671,0.0004161369055509552,-9.715855121613481e-05,6.950497627258181e-05,-0.0005758211016654963,0.00038322359323501897,-0.002111675962805748,-0.0021341286599636067,-0.0008491873741149935,-0.002421922981739044,-0.002083333395421511,-0.0003984665498137489,-0.027085155248641975,-0.0008196316659450579,-0.00019332915544509837,0.00011465921998024036,-0.00015782341361045833,-0.00019468367099761827,-0.00010137856006622303,0.0001230631023645382,-0.0005004838109016449,-2.5874376297000382e-05,-0.00045219212770462305,-0.00039280652999878156,-0.0006170153617858904,-0.00013448130339383533,-0.000962752103805538,-0.0013772636651992805,-0.003368374705314636,-0.00045911967754364117,-0.0001655634492635737,5.786530673504375e-05,-1.28522515296924e-05,-7.38026574254023e-05,1.0883063077925811e-05,-0.0002335652709007248,-0.0003741204738616936,-1.4814920723438518e-05
79,6.117820739746124e-05,-0.00016937013715504919,-0.00019050911068915955,-0.00015398859977722252,-0.0007037211209535579,-0.0002251647412776899,-0.000701890885829927,-0.0004373930394649536,0.0008889824151992815,-0.0003761813044548028,-0.0024532169103622433,-0.007619452476501465,-0.0009590461850166323,-0.0018593460321426388,-2.6747901671342326e-10,-0.0041408419609069835,-0.0011904552578926105,-0.00033091492950915993,-3.252071328461141e-05,-4.374738782644406e-05,-0.0004468001425266218,2.1988525986617737e-06,-2.6739947497841805e-05,-0.000864306092262271,-0.001233080029487611,-0.0006946161389350866,-0.0006414592266082757,-0.0006804309785366037,-0.002872574329376219,-0.0003691352903842918,-0.0001155698671936948,-0.0001903261989355066,-9.620636701583873e-05,-0.00011921748518944076,-4.618503153324166e-05,-0.0003495529294014007,-0.00012125670909882071,-0.0003459632396697988,-0.00017701089382171688,-0.0002092964947223666,-8.445698767899917e-05,-0.00013550072908401542,-0.0003946118056774129,2.5868415832518508e-05,-0.00021618939936160803,-0.0001243919134139984,-0.00023610815405845567,-1.1135637760162875e-05,0.0016207814216613772,-0.0007358185946941386,6.53237104415945e-05,-0.00015777945518493964,-6.323903799056658e-05,-0.00026032701134681474,0.0003112062811851547,7.673352956771865e-05,-0.0008102551102638245,-0.0003481656312942508,-0.00039767175912857006,6.709992885591898e-06,-0.0007834717631340028,-0.0003359049558639488,-0.0002733021974563628,-0.00019256025552749325
