layer,0,1,2,3,4,5,6,7,8,9,10,11,12,13,14,15,16,17,18,19,20,21,22,23,24,25,26,27,28,29,30,31,32,33,34,35,36,37,38,39,40,41,42,43,44,45,46,47,48,49,50,51,52,53,54,55,56,57,58,59,60,61,62,63
0,0.0005150322962288949,0.0006232598815301485,0.0006898629544961343,0.0011063778039180879,0.0005784371886590515,0.0007067786322699657,0.0007751541908341253,0.0007257943201546708,0.0003951872238005041,0.0012031131320529506,0.0032346320874763286,0.0005182304767647181,0.0011079383618903878,0.0005911432131372303,0.001590921421243688,0.000572050460661303,0.0002054734663529828,0.0006179809570312576,0.0003925284954032505,0.0006241075920336172,0.0006888418486624071,0.0006007859201142323,0.002030343720407197,0.0008091782078598475,0.0013587258078835232,0.0001300705803765262,0.0006781684027777778,0.001969462693339648,-0.001372366240530303,-0.002436474116161616,0.002107870699179293,-0.0003822018401791354,0.00018202656447285353,0.000389571141714998,-0.0004944464172979798,-9.022337017637274e-05,-3.6817608457620195e-05,-2.2124790708826046e-08,1.737806532117777e-05,0.0005411764588018819,0.00033438326132417617,0.0008297159214212484,0.0015926553745462433,0.00020443309437144847,0.0017402340667416354,0.0005748633182410041,0.0002247685133808788,0.00045952652439926455,0.0002727797537139018,0.00042398048169685056,0.0006524673616043242,0.0003379619482791753,0.001951930498836016,0.0010406802398989909,0.00032490431660353537,0.0010087754991319445,0.00044572232949613026,0.0001060071617665934,0.0003591691604768384,0.00016158036511353943,0.0005668678669014394,0.0005040216927576566,0.00025633609656131414,0.0011330806847774627
1,-8.50624508327888e-05,-0.0019361707899305598,-1.7161321158361187e-05,6.104358518966711e-05,5.9180187456585466e-06,-0.00015108272282764653,3.5940998732442794e-05,-0.00011990046260332953,2.6229957137443425e-05,-1.1664448362409426e-05,-1.2752383646335689e-05,-0.0002764210556492598,-3.802776336669723e-05,-4.424681567182734e-05,-0.0010543206725457696,-0.0020086693041252344,7.674669978594366e-05,0.00012025929460621718,-2.988721385146761e-05,-3.9982073234783836e-05,0.00017226043373647117,-4.448071874753084e-06,-2.7923872976591738e-05,0.00046075955785885876,4.456380400995434e-05,-2.6866041048605643e-05,-5.332689092616587e-05,4.014884582673344e-06,-8.783436784841011e-05,-5.7510053268580116e-05,-3.2367429347952086e-05,-2.2613114178779985e-05,-9.552156082307172e-05,-0.0005080097853535354,-0.00013253183075875145,-8.693849197542495e-06,-5.250687551016377e-05,-2.3453524618433413e-05,-9.142027960882855e-05,-7.384473627263824e-05,-0.00023529264662001113,7.22287881253892e-05,-0.0005006115845959596,-4.801184240010819e-06,-4.771983984750839e-06,-0.00012241710316051514,1.6352142950504775e-05,2.3812958688444428e-05,7.069351697208603e-05,-0.00010256574611471013,-0.0001297671385485697,-5.2179953064581603e-05,-4.99956535570515e-05,-0.0001986941905936768,-0.00023527819700915555,1.015566816233897e-05,-0.00025203071459375617,3.115095273413167e-05,0.001464227233270202,-0.0008890171243686869,-0.00023741673941563888,-8.204007389569393e-05,0.00010372893978851087,5.736856749563715e-05
2,-0.0021942312067205275,-0.0004032489025231526,-0.0004946487118499465,-2.1010938316877593e-05,-0.00012962264244002856,-0.00016194160538490404,-1.4524267177385813e-05,-8.786447120435548e-05,-7.529090149233441e-05,-0.0013868736498283637,-6.931959980666415e-05,0.0002683533562554232,-0.0006252731939758929,-0.0008479224310980869,-0.00010674409192017779,-0.001585681029040404,7.290310329860908e-05,-0.0012862080275410353,0.0003868642479482323,7.110292261297254e-05,-0.0005814330746429121,-0.0017383459842566314,-0.000468976569898203,-0.0021568837791982325,-0.0015787933811996931,-0.00023572372667717207,-0.00032403252341530576,-9.758303863831002e-06,0.0001342465179135101,-0.0002169368242976667,-0.0007650201970880676,-0.000893718064433397,-0.00012003773390644949,-0.0011626638547338657,-0.0005346548677694895,-0.00017878021856750876,-8.426531396731006e-05,-0.00024976634015940505,-0.0004174974229600697,-0.00014073040449258053,0.0006401033112497025,-0.00010800602460148584,-0.003004748411852904,-0.0008513903377032031,-0.00028467659998422017,-0.0005413016887626263,-0.00017610884676075907,0.00045626091234612025,-5.5395292513294796e-05,-0.001666608482900294,-2.6854601773348855e-05,-7.539144670119926e-05,-0.00021854313937100158,-5.858835547861414e-05,-6.362073349230406e-05,-0.00016006315597379798,0.002104826647825914,0.0003374080465297506,-0.00011417119189946262,-4.9279193685515557e-05,-8.599806313562237e-05,-9.681720926303777e-05,-0.0009734413840553992,0.0003261373500631313
3,-0.00010034773084852019,-7.647938198513632e-05,-0.0009136392612649949,-2.157326900598132e-05,0.00036006503634982426,-0.0002547063008703401,-0.0001199510362413192,-0.0004301697316795933,0.0030049025410353535,1.6171522814809398e-05,0.00022745614099984547,0.00027458113853377476,0.00036497790404040504,0.0001613828870985253,0.00031765061195450605,0.00036756920092034047,-0.00010788561117769698,-0.00015912874780520404,3.3272637261275944e-05,4.510686855123024e-05,0.0007676403931897131,0.00029376179280907335,6.858959342494693e-05,2.5363883586841732e-05,3.891761856849925e-05,2.6560793019306018e-05,-2.2252400716149505e-05,-4.7625917376888896e-05,-0.00031033910886205655,-3.7857980439203937e-06,-5.415834561743049e-05,-4.32525018248808e-05,0.000339122733684502,-5.457618019797573e-05,-0.0006098410095831352,-0.00014396628948173436,1.832692310059923e-06,-8.034043841891306e-05,-6.678369310167368e-05,1.3818644513992085e-05,-8.250727797999184e-05,-0.00011595331057152826,-0.0005926845049617238,-0.00037307450265594946,4.406649656970067e-05,-0.00021310045261575396,-3.187584154533635e-05,9.584908533578506e-06,0.00015800649469549082,-0.00042120615641276065,0.00014349426886047878,-2.6047831833962632e-05,-5.145867665605769e-06,0.006209556502525253,0.002689245975378788,0.0018118559712111365,-0.0001358143006912371,0.0003047061688972303,0.00013775596714983012,-4.784025327123337e-05,0.00016832833338265656,0.00016315055615974153,0.00024713651098386185,-0.00010334361683238384
4,-0.00014674061476582627,-0.0001725957851217293,0.0002658439405036717,-4.524293572011513e-05,-4.4877782012474386e-05,-6.446693882798083e-05,-0.00017924019784638646,-0.00011627601854729282,0.0006643738409485494,9.005117898031081e-06,-7.32113616632315e-07,-0.00011440238567313918,0.00012576941287878788,-1.582262491938744e-05,-8.288296786221142e-05,-8.884102407123971e-06,4.278770600906122e-05,0.0003397007181186869,7.540288597646336e-05,-1.2872195003008939e-05,-0.0011245265151515152,-0.0007288383715080515,9.319035693852729e-05,-0.00023327451763731312,5.390668156171212e-05,0.00021636847293738184,-0.00011471546057499012,-3.352249511564062e-05,1.3436933960580889e-05,-0.00043327639801333335,-0.00020016564263237476,-2.0127705853395073e-05,0.00015457471211751365,-6.165167297979776e-07,1.1017828276633103e-06,-9.935311596802594e-05,-7.506572838980854e-06,-6.382152287646416e-05,-1.804944541718565e-05,-2.5591163924241927e-05,0.00017954123140585479,-0.0004173481103145658,0.00023364057444562826,0.0001983642578125,-1.949132090867408e-05,-0.00012677727323590396,-0.0004461269186000647,-0.0002285759858410746,1.7733284921358518e-05,8.496371182528686e-05,1.952804700291112e-06,1.0379637130607143e-06,-7.03924834126092e-05,-0.0004966427581478828,0.0007501081986860787,0.0008247837875828575,0.0002437553020438778,8.267104023634344e-05,0.0008322879521533687,-7.278750641177476e-05,0.0001861109878077707,0.0002105741789846717,-7.181035147772806e-05,-0.00033143072417288194
5,-7.064896400528988e-05,0.00018392909656871604,-3.3368968000314125e-05,-0.00015133559101760102,1.141519257516363e-05,0.00016430170849116162,-3.325337111347577e-05,-1.9770680051857948e-05,0.00022957541725852426,0.0017472084122474747,3.6991003787879805e-05,-0.0006218390031294404,6.06113009982697e-05,0.00018726695667613637,0.00036690451882102226,5.73167897233939e-06,-0.00021282711414375978,3.146402763597385e-06,-5.573696560329621e-05,-1.8148711233428156e-05,-0.00028883808791035556,-7.840840503422643e-05,-3.3046260024549115e-05,-0.00010502910373186824,0.0007723798655500304,-5.683272775977782e-05,0.0006392122519136697,9.44811888415404e-05,0.0006283076122553678,-2.3234974254258578e-05,3.988092595880503e-05,6.312794155545164e-05,-3.2511624422943843e-07,-0.00014364237737174394,-0.0004510590524384485,0.00012399211074366924,-2.2624478195652945e-05,-7.492604881825698e-05,-1.2031709304961478e-05,0.00023562739593814352,0.0008242202527595284,-3.5584574998024234e-05,-6.497508347635477e-06,-5.625715159404708e-06,2.7801051284326233e-05,4.119102400962728e-05,0.0005312832919034091,7.11884161438889e-06,-3.4089040274571276e-06,0.000488939911428123,9.536743164063726e-07,0.0003730504199712,5.7499818127567686e-05,-0.00011768726387409018,3.896578393799746e-06,2.4996622644293366e-05,6.059203485048504e-06,0.0002406462274416597,2.7588220557803226e-06,-0.00011735010628748284,-4.2351809414943465e-05,-9.817547268338081e-05,7.368819882171382e-05,-2.100491764569523e-05
6,3.514145359848485e-05,8.61967452848798e-05,0.00019317443924721152,-0.00013239696772411616,-3.467906605090901e-07,0.00018248895202020303,-9.937479038431313e-05,-0.0004090588502209596,9.563715770991213e-05,0.00021170124863133553,-5.847275859180868e-06,-1.3554939115888076e-05,-3.179275628291896e-05,-4.305984034682148e-05,-3.4713985944031446e-05,-3.649008394491989e-05,2.352878300831015e-06,-4.7256248165860606e-05,-2.1674416282484148e-07,9.004997484611818e-05,7.399164064966288e-05,9.240044487847372e-05,-2.297999882938479e-05,0.00013594193892045453,0.0001310724200624346,-6.19226031833143e-05,-6.908599776450965e-05,2.7242332997948566e-05,-2.3452922551316697e-05,-0.0003043738278475722,-4.6469948508524245e-05,0.00027481233230744646,3.352309718276667e-05,0.00019264221191406667,2.8051511205810094e-05,0.0030805799696180555,9.988293503266472e-06,0.00027658481790561614,0.00028791331281565656,-2.502672600023485e-05,-7.05141009706667e-06,-6.173250049051586e-05,-8.738161337496163e-05,-0.00026261686074613433,-7.237087596546347e-05,-0.0008738739321930282,-0.0001362164815266883,-0.0006206782177241171,0.0002684930358270202,6.497869587907503e-05,-5.045804110439798e-05,0.0004694774897411616,-0.00013234880235459798,-6.963508297697777e-06,3.810603209216114e-05,-8.944309119018466e-06,-0.00029249082912098076,4.325611422759907e-05,-5.508191657789093e-05,-9.556009311868789e-05,-0.0003792011376583232,-0.00033684691997490026,-0.00010251998901367353,-0.00012785015684185658
7,0.00022683962427004443,0.0004512902462121192,0.0002551464119342813,0.0007262567077020202,0.0020382813733033464,0.00013042218757398585,-0.0003593907211766141,-4.373897205699587e-05,-1.290831903011111e-06,-8.758390792692728e-05,7.981001728710764e-06,-5.82090531936805e-05,0.00013047035294349798,-0.0001420914524733403,-0.00018611098780776564,0.000289300475457702,0.005287709862294823,0.0007230946511933271,0.00038152752500592116,0.0008810024068813131,9.779496626420693e-05,0.0006601352884311859,0.0009753294665404052,0.00027564077666311816,4.7902868251613594e-05,0.001268637300741793,4.4136336355500044e-05,0.00017961829599707775,4.774151426373637e-05,6.442599826388991e-05,7.506091185290607e-05,0.00025450581251972823,9.230893067640357e-06,0.0003389108060586382,7.354851925008525e-06,0.0065506829155816,0.0004151565860016192,-7.298016788983636e-05,1.902434259954207e-05,0.002239034633443813,0.0001349449157714798,0.00021023220486111213,7.265625577985052e-05,0.00017127605399699645,6.32429363751662e-05,3.087400185941819e-05,0.00033446032591540406,9.522534380055665e-05,0.00039896338877051346,5.527457805595051e-05,-0.00020063766325363033,0.0005184135051688768,-8.498598830868064e-05,9.11770444927774e-05,-0.00020139566575638274,3.413238910714228e-05,-9.063819442130961e-06,-1.617754348600349e-05,9.764083708175556e-05,0.0004768756904987374,-0.0004986994194261952,-1.7349166099472707e-05,0.00031386481391058993,0.00019658936394584687
8,0.00016368519176136363,-0.000583410263061523,-0.00045464496419887355,-5.319865062983272e-05,-0.00016029194147900084,-0.0011173691412415152,-3.380968113137939e-05,-0.0003121850466487375,-1.903977056945761e-05,-0.0001428512611774368,-0.0001334373397056495,-5.815968368995159e-06,5.476884167603939e-05,-6.728039847479519e-05,-8.376921066130102e-05,0.0003429759632457425,-0.00018833622787937633,-9.54444962318495e-05,-0.00041793091128571166,1.0904639658303033e-05,4.5159850457701007e-05,-0.00014008416069878588,-0.0002065282879453687,-0.00010287641274809087,2.5985517887154577e-05,-4.069492070361821e-05,-0.00011032879954637247,2.2296351615825162e-05,-0.0003022039779508981,-0.00010789042771464647,-1.4613448369380429e-05,-0.0004360314571496212,-0.00013645128770308287,-0.000217904948224918,-0.0001898040675153648,-0.00022551507660836323,-0.00018790996435916383,-0.00019411607222123738,0.000264789118911283,9.999130711411113e-05,8.356691610991991e-07,-3.0582601373843673e-05,-0.00013732910156249794,-0.0002624819977114899,-0.00016265926939068394,1.2236412125412298e-05,-0.0001178413930565394,-9.991183425440964e-05,-9.954336917761322e-05,4.3685388083408955e-05,-1.1300574047390633e-05,-6.99746488320707e-05,0.0006562579761851898,-3.544971196338282e-05,5.837642785274446e-05,-7.282001803619474e-06,2.049918126578586e-05,-0.00017488484430795167,-0.0001712278886274879,0.0012034454731026081,8.331404791932731e-06,0.00021354598228377777,-0.00014316674434777771,9.037027455331631e-07
9,1.155487214676172e-05,8.365361377446161e-05,2.4811788038774477e-05,6.409124894576233e-05,-8.220985682323819e-05,0.00022487447719381516,-0.00021693682429766464,0.0006451028766054131,-1.4172659979917985e-06,-0.0010066176905776515,4.009526185315316e-05,-7.836746447014159e-05,9.469552473588461e-05,-0.00185848968197601,-0.0003781414995289794,-0.000283108817206481,-5.029969745212346e-05,-0.0001354410190774909,-0.000408249672013101,-0.00015203218267421757,-0.00018857705472695454,-0.00010331750217109595,-0.00025174112030953836,-9.663899739583028e-05,0.00250552398989899,-0.0005626678466796848,-0.0002496254564535748,4.672040842982629e-07,0.0003358474885574495,-0.001768786497790404,-0.0003419259581903009,0.00039321244365037175,-2.3465565960811927e-05,-7.619761457346868e-05,-0.0004511601997144308,-0.0004625922501689223,-0.0003336198402173563,-3.791577888257739e-05,-6.183470138395918e-05,-7.159300524778887e-05,-0.00019585363792650465,8.843161843040004e-05,4.346322531652225e-05,-8.501187719479898e-05,-3.407218239524606e-05,0.00021843958382654276,-0.00011186888723662361,-0.0004973748717645193,4.190387147844242e-07,0.0001246543845745051,-3.982071924698102e-06,0.0006149176395300677,0.00025823622038870274,-0.0002246216090038546,-0.0003639887077639849,-0.0011153558287957726,0.000237301142528802,-0.0002476711465854812,-0.00010527745641842477,-0.0002221964826487515,0.00018204583062066162,-0.0015175559303977273,-0.00040854829730409395,-0.0007497421418777576
10,0.002025719844933712,0.00016700619398945425,1.831247348978284e-05,4.3600496619633826e-05,0.00012638592960858585,0.0002786125799622172,0.0020380549960666225,0.0013384578203914142,-0.00031533385768080913,1.8765227963223223e-05,0.00016871365633877673,0.0009963680999447607,0.00020629227763474748,-0.00010388306897095553,-0.000643214794120401,-0.0002203758316810697,-0.00028483072916666766,6.011038115531319e-06,-0.001476711697048611,-9.644633591776969e-05,4.575710103969495e-05,-3.5204068578852575e-05,1.3293641986270722e-05,-0.0001452667544586495,-0.0005326704545454545,0.00011195438076751285,0.00010531960111675704,6.009111500749754e-05,2.5979196182404374e-05,-0.00019447731249260002,-1.9044587106416153e-05,-0.00023870757131865415,-0.00045210905749388483,0.0002256451231060606,0.0001287363996409475,2.1982674646862634e-05,0.00697033814709596,0.00011051062381629092,0.012209497316919192,-6.912934659707637e-05,-0.0001415580210059596,6.839000817501297e-05,-0.0004592278991082707,-0.002382100230515604,-5.130575160787373e-05,-0.0003943395132970323,-2.1606984764640475e-05,-5.7309564917977126e-05,-3.6673112349079265e-05,-7.931873051806668e-05,0.00011887213196417372,0.0007008061264500475,0.00012643168670962732,-0.0010459206321022727,0.004552407698197805,9.217075627259218e-05,-0.0005047586229112449,0.00015693240695529293,-7.694417780095831e-05,-0.0003044051353377525,-6.46319052185663e-05,-6.715456644693793e-05,-0.0010326992381702797,-0.0002913571367360149
11,-0.0015195018113261535,7.892317242092285e-05,0.0013948691011679293,0.0003325240780608868,-0.003946487349693222,-0.00023819942667026943,-0.0014866915616122162,-7.398200757575664e-05,-8.7660972518111e-06,-6.451751246600078e-06,3.9815902709956784e-05,-0.00010333398375848524,-9.887266640711361e-05,-0.00017468736629293406,-0.013644016150272253,-0.00014108118384775355,-0.0005230373806423636,8.206415658045352e-05,-9.194769040502423e-05,-0.00036509350092724015,0.00012606803816978286,0.0017997279311671424,-0.0003634173460681061,-0.0011447752364958182,-1.703247879490622e-05,0.00021864428664698676,0.00012640278748791742,-0.00011856869013622706,-9.515068747781122e-05,-1.4579657352335312e-05,3.256460632940806e-05,-0.00036912975889263856,-1.554567404467533e-05,-0.00016163756148983898,-4.363300824406152e-05,-0.00019014423543756476,-5.878101695667491e-05,-2.9761381823612606e-05,-8.584092361758517e-05,-0.0001670242560030242,-0.00014256949376577878,-0.0002476085316051121,0.00011372084569448439,-1.3442653598209405e-05,-0.0008577626160901014,-0.00011315550466981055,0.000947249056112883,9.308559725983356e-06,0.0015260330354324495,1.0397699144159549e-05,9.902799972380305e-05,-6.290397258719695e-05,-1.1559688683712121e-05,-0.0015699598524305555,-0.0002520313166608672,-2.9862529099590915e-05,-4.820390181107979e-05,-0.0008845160705874641,-0.0011290058945164555,-0.0009238382782598932,-0.0003958591307052491,-0.0011727015177408848,1.4190721993494646e-05,-0.00011689735181404445
12,1.9805599944760593e-05,-0.00036012464099460274,-0.0005466191455571333,-0.00020040646947995557,-0.0004321782275883838,-3.5559288179029274e-05,-0.0001812246110704236,-0.00010501134275185366,-0.0004296375043464408,-0.00027413801713423435,4.0636520193086626e-05,-0.0003994643086134798,-5.2894456217984965e-05,-0.0004968450526998495,1.6313610654888117e-05,-0.0006437181222318472,-0.00031956036885579187,-0.00011358839092832752,-0.00028330870348998184,-0.00034238834573765146,3.815660573014948e-05,-0.00039013949307528683,-3.778633445200398e-05,-0.0006245844291918218,-0.0006938317809442089,-0.0006057951185438394,0.0001268579502298401,-0.0010305751453746413,-0.0008975809270685363,-0.001067354221536649,-0.00011245168820775546,-0.0007077563892711301,-0.00019410643914733033,-0.00026297689688326096,-0.00030669539865821126,-0.00011563541913273434,-1.8330535503342982e-05,-0.00016321919181129838,-6.135936939355168e-05,-0.00019827274361041935,-7.913570211390817e-05,-0.0004755655924479162,-0.00045641504152856867,-0.0003650694182424844,-0.002721921362058081,0.0001525011929598735,-8.789216629182122e-05,-4.463484792998128e-05,0.00025682738333037173,-0.0001238452063666343,-2.3153093126081187e-05,-1.2875205338602466e-05,-0.0002233331853693182,-5.5640634864268296e-05,-1.0171773457769786e-05,-2.009639836321491e-05,0.0004081099924415024,-1.5013145677972513e-05,-0.0003386603461371525,6.775904183435963e-05,-0.0001749384282815377,3.689467304884546e-05,8.446279198232323e-05,-0.0010359022352430555
13,-9.052681200429271e-06,-0.0006510609328144728,-0.0008932460438121444,-0.0006957102303553075,-0.00017157227101952016,-2.9774025233106166e-05,-0.0006042056613498283,-9.056895670263811e-05,-0.0001451367079609616,-0.001947133228032278,-0.0010488250038840504,-0.0009265379472212362,-0.0004589003745955677,-0.0002975873272828419,-0.0008162248014199647,-0.000947350203388868,-0.0022836309490781854,-0.0009343696363044516,0.00226456227928701,-6.939666439788577e-05,0.002646744853318341,-0.0013992665994046949,-0.0012823451649058928,0.00028296191282946623,-0.0002785210657601404,0.0005964028714883191,0.00010991939390548934,-0.0002628191552981009,0.0001577054611360147,-8.445315890842089e-05,5.55605599374473e-05,4.286717886873602e-06,-0.007119535195707071,-0.00014624932799677068,0.001980637059067234,-0.00022133913907137776,-0.00020928816361860607,-0.0032595432165897255,-0.0015472354310931637,-0.0035799777869022272,-0.00019278670802261007,0.0003149389016507868,-0.00011619413741910645,-0.0006385186705926464,-0.0004464737092605771,-0.0001815834430733101,-0.00024940991642499543,-0.00013077861130839796,-0.0012522996074021465,-0.00031724120631362445,-4.695521460639179e-05,-0.0014052005729289971,-0.00016276523320361667,-0.00023108058505588266,-0.0004183258673157332,-6.743211938876812e-05,-0.00021479828189117591,-0.00012573088058317577,-0.00010800181013164421,-0.0006717720417061232,-0.00016252922289298888,0.00028868395872790406,-6.176726986663434e-05,-1.7819531036142377e-05
14,0.00024076904913391617,-0.0027552132654671715,0.000852642637310606,-0.0005423324276702574,0.0011681450737847222,-2.92074800741788e-05,0.004484542692550505,-0.0008967235834911616,0.009224323311237374,-0.0027777931906960234,0.0023279671717171715,-0.0031885474619239274,0.0012606611155500322,-0.000418846053306503,-0.0034777419735686913,0.004788947827888258,-0.00022053959393742432,-1.4230458423338778e-05,-0.0011337164676550678,-0.0011093014418476718,-0.00024436218569977373,-2.439094312263333e-05,-0.0003579939254606625,0.012617631392045454,-0.001169397373392122,-7.928019822245043e-05,0.00039935834480054304,-1.9775496588808356e-05,-0.00020778299582124702,-0.0004558996720747475,0.00021725471573646617,0.013833094124842172,-0.0001233804105508212,-0.004929051254734848,2.342763573232323e-05,0.0021874013573232325,0.004905623619002525,0.0010308159722222222,0.0009272411616161616,-0.0014992145576862373,-0.00014063083764277772,-0.011415269639756944,0.0008269415961371525,0.0008396957859848485,-0.003533295910767835,0.0011332059147382031,0.00678091338186553,-0.0006035891446200263,-0.000498574189465458,-0.00048017020177359743,-0.001848856608072916,-0.0002893004754577036,-0.00042708473976212275,0.00014940656796850498,-0.0001502867900963922,-0.00017741713861022012,-5.7027797506313134e-06,0.00015613286182133838,0.0006569949063387777,0.0005630387200249581,-0.0008239360770793868,0.00032885387690380764,-0.00015391725482362926,-0.0002089221068102899
15,-8.539569498312284e-05,-3.72080489842517e-05,-0.00013521945837772088,-4.281600316362436e-06,-0.0005465998794093293,-0.00023552384039368383,-0.00035539299550682525,-1.3452587705671808e-05,-0.00028086190271859186,-0.000491402365944602,-0.0007727651885061545,-0.00036453959917781407,-0.01135870422979798,0.0014970374829841374,-9.300883370216332e-05,-0.0009332329335838868,-0.0003876300773235246,-0.0034498734907670455,-0.0025104007335624316,-0.0023285066238557446,-0.0002667831652092262,0.030471031111900252,0.00027119029651988686,0.017042988478535352,-0.0011696333837027503,-0.0017693644822245889,-0.00012160792495264851,1.0660200408011026e-05,-0.0033521844883157748,-9.24452988788322e-05,-0.0003042004325173142,-0.00045200309368095116,4.7009400647094944e-05,0.00020696418453948593,-0.0002048376834753778,-0.0006285966044724555,-1.9651470762310097e-05,-0.0008677954625601716,0.00024978560630721064,-0.0001771666786887436,-0.0023256552339804295,0.0006724656230271465,-0.0021756490071614567,-0.0007221722843671081,-0.0007294934205334596,0.003664883700284091,-0.003587279656920771,-0.006863989011205808,-3.416369659732376e-05,-0.0012928741146819758,-0.00018056233723958277,-0.003138378413036616,-0.002677455092921401,-0.002333987842906602,-0.0023092019437539455,-0.0002140059615626479,-0.002359525121823706,-0.0005853826349431819,-0.0014616841017597848,-0.0002447198135684231,-0.0052070810337259315,3.492952597261725e-05,-0.0024952551331182938,-0.0009995277481849747
16,-0.0009232434359463788,-0.000867583534934304,-0.0016655199455492425,-0.0014077099886807525,-0.0029357563365589494,-0.0022936541624743526,-0.0036090889362373735,-0.00013255109690656463,-0.00042369148947976197,1.5607987991488722e-05,-0.00016784186315054443,-0.001133466007733585,-0.001483844988273855,-0.003073783835979424,-0.0013776740642509062,-0.0022762664640792736,-5.883881540009192e-05,-0.006409307922979798,0.0014395665640782828,-0.0009492816347064394,-0.0005910107583710636,-0.003313006776751894,-0.0008848556364425505,-4.950918332494997e-05,-0.00023164652814768985,-0.004635281032986111,0.0007213245738636364,-0.005322851315893308,-0.0020326556581439395,-0.004058606696851325,-0.00011871800278172122,-0.004440153488005051,-0.0022654485220860937,-0.0005369860716540404,-0.00020653310448232322,-0.00040589920198074445,-0.006997696076980745,0.0002609599720348,-0.0004768756904987374,0.0005720793598830081,-0.0004996868095012621,-0.00066223048200511,-8.999217640269799e-05,-0.0022599962022569445,-0.001709870617799085,-0.0013279770359848485,-0.004917183307686237,0.001313450360538982,-0.0007067208338265464,-0.0001895788944128798,-0.0020055289220328315,-0.00011352095941100709,-0.0007213438400114425,-0.0008674390388257576,-0.0028227218473800505,-0.000685720732717803,-0.0009576335097804214,-0.0007334333477598232,-0.0005655938928777538,-0.0029292829108960704,0.00013524835759943035,-0.0013509422841698243,-0.002785306988340435,-0.0020813219475023675
17,0.0001552080867266413,4.4191726530461326e-06,-0.0015064586292613637,-0.0002947816945085616,-3.108592948528207e-05,-0.0003386651626741076,-0.0002912246819698437,-0.003672195203376538,0.0003737632674400243,-0.005323005445075758,0.0034635909880050505,-0.0013388431433475373,-0.03347439236111111,0.00015407138400607678,-0.0015683414960148364,-0.0013967186513573222,-0.00360723938604798,-0.0015841590033637172,0.001522488064236111,8.446279198232323e-05,-0.006359601261639836,-0.004630233302260891,-0.0018132335007792777,-0.005446771178582702,-0.00230182300914418,-0.0017499056729403414,-0.0035495950718118685,8.549353088995353e-05,-0.0004003457348756101,-0.0018846916429924242,-0.007410531092171717,-0.002360449896918403,-0.00010805900650795092,-0.0031713379753960528,-0.00013125544846660496,-0.0007921661993469807,3.009372287325966e-05,-0.0002274970815639301,-0.0022775765621300906,-0.0003418777928207869,-0.0021926802818221284,-0.002627478705512153,-0.0036919719040995895,-0.002576808736781882,-0.0003560384114583333,-0.008539989741161616,-0.0013119957663796143,-0.000271862203424629,0.0009493586992976659,-0.0025510113648693983,-0.00636827102815262,-0.0016251140170627193,-0.0029392049770162565,-0.003015999842171717,-0.011022163159919508,0.0009966378260140485,-0.003993949504813763,-0.002549701266818577,-0.0021057080740880486,-0.001694688893327811,0.0002711132319286616,-0.0004827229663579162,0.02771612610479798,-0.005277248344036065
18,0.0006313901959043555,-0.0009318650370896465,-0.001984875611584596,-6.689206518308081e-05,0.005044339883207071,-0.005197852548926768,0.00805956907946654,0.0002108487215909091,-0.0068161511662030464,-0.0003292199337121212,-0.002620196101641414,0.0004219334534924422,-0.005280521180894642,0.001912030306729403,0.00023851731810907076,-0.0009660142840761143,-0.0008232039634627535,-0.000331974992848404,-0.011140149049084596,-0.002369119663431187,-0.0007230970594618062,-0.0003491218643959121,-0.00043711036142676866,-0.000642102174084596,-0.0003319460936266929,-0.0006951996774384505,2.466066919191919e-05,-0.0012342279607599454,-0.00047571972163036835,-0.002797945581301294,-0.00023375617133246872,-0.000582338583589805,0.00029685280539772725,-0.0006267952196525788,0.00034591886732313174,0.0024944652210582385,-6.0688365589488884e-05,-0.0015172476720328283,-5.4482257727417334e-05,-0.0007200963569409928,0.004473445391414141,0.0002546214094065657,-0.0003904670175879889,0.008170811816899463,0.006401447334674874,0.0025378140536221586,0.0012980759745896465,0.006458321002998737,0.0028865313289141415,-0.00388603981095131,0.001570113981613006,-0.008942343971946022,-0.0032232072618272574,-0.005443226207386364,0.0010584050958806818,-0.003054647734670928,0.005043511438851405,0.00023090478145715046,-0.0036312835385101023,-0.02292078191583807,-0.003525396790167298,-0.0009967148906052706,0.0006446645717428202,-2.2811119002525254e-05
19,0.0009203824129971597,-0.0014280068753945707,-0.004257019120033341,-0.0034364642518939395,-0.0006362067328559061,-0.001844598789407751,-0.0012672212388780393,-0.004512786865234375,0.0009418738008749595,-0.0008428939665206783,-0.003626967921401515,-0.0007556231334956028,-0.000886589589745107,-0.0024571804085163173,-0.0007274512088660051,-0.0010770547269570707,-4.269860007546174e-05,-0.0031324829718079217,0.004166420059974747,-0.0012880575777304293,-0.00012258086541686158,-0.0017113252119584515,-0.000690074882122001,5.5997058598684606e-05,-0.0011601207232234435,-0.00013746396459714646,-2.026798749211111e-05,-0.0008846244426688757,-0.0005934744170217798,2.5508379695390923e-05,-0.0011216751252762001,-0.00031033910886205855,-0.0005865578699593616,-0.005224285703716856,0.0017573038736979183,-0.001086784131599194,-0.010444409919507576,-0.002558679291696261,-0.0019404864070391415,-0.0018953650888770546,-0.00014406021195228648,-0.0023478691024009617,-0.00029176654237689394,-0.0026601155598958335,-0.0003050312851414508,0.0009102098869554918,0.00046778688527116354,-0.0006219786827010343,-0.0007928790468158132,-1.6125765713778197e-05,-0.002007378472222222,-0.0002639847572403695,-0.0025329204520793875,0.0003109941578874698,-0.0008276929759015939,-5.2692914249925504e-05,0.0004664141722399788,-0.00042366740679500444,-0.0005773125272808622,-0.0004587077131175007,0.0002751157741353975,-8.207860619130754e-05,-0.00016805138250793527,-0.0016753167817086894
20,-8.298893167517166e-06,-0.0012753419201783453,-0.0017722351382477121,-0.00031313270029395557,-6.990480904628052e-05,-2.1790013168799994e-05,-0.0021750710227272725,8.527197019018198e-05,-0.0010638766818576383,-0.0006368617818813131,-0.005150573422210388,-0.004239477292455808,-0.003204037444760101,0.0013192687371764527,-0.006055803009957981,-0.0032212999131944445,-0.000512267604018704,-0.0008654353594539151,-0.0004580806602131247,-0.0002546214094065637,-0.0008996135056620888,-0.007386910794961333,-0.0010689545159388075,-0.0007121153552122788,-8.520935520981062e-05,-0.00042423816642375646,-7.602542337745384e-05,-0.00018976794348822724,-0.00016206442707717138,-0.0001196608398899885,-0.0005997070158370788,-0.00011557039588388346,-0.0004134178161621067,-0.00047917679102733445,-0.00035553749161537374,-0.00021233191393842506,-7.912004836882135e-05,-0.0018682046370072849,-0.00988881274907276,-0.002060162900674225,0.00012248453467783026,-0.00017194073609631512,-0.0005177969884390778,-0.0006484214705650253,-0.00013258962920217781,-0.00024414062500000103,-5.433535335039528e-05,-0.00025367736816406266,-0.0015276513918481677,-0.0004457608617917445,0.0006826766813644264,0.002277913719716698,-0.0012650923295454545,0.002179232510653409,-0.0005209373705314859,-0.00025936088176688887,-0.006017280347419508,-0.008914523654513888,-0.0018029646439985786,-0.002823068638040563,-0.0025785041577888242,-0.001690903095283892,-0.0028581715593434345,-0.0004161102603180253
21,-9.609954525725829e-05,-8.773803710937328e-05,-0.00016349734682025375,-0.0005403961798157354,-0.00018021554657907273,-4.816536952484169e-09,-0.00039603493430397574,-5.6141554707226275e-05,-0.00012076021444917768,-6.880182208436912e-05,-0.0002260208129882805,4.00320448056633e-05,0.00011493942954322948,-0.0001532429396504091,-8.139947448135219e-07,-0.0005769247960562643,-0.002221964826487531,-0.0018859246764520202,-0.0015451450540561868,-0.003233321989425505,-0.0016656259093621767,0.002130604753590593,5.3752552379261645e-05,-0.002780798709753788,-0.0038057577730429295,0.0010607170336174253,0.0037323922821969695,-0.000768526635988796,0.003657023111979168,0.003564969457761205,0.004337811710858586,0.006092033000907513,-0.00047101878156565656,0.006055350255484533,-0.0005286630958017688,-0.0010240728204900576,-0.007348571160827019,0.0003207139294556889,1.0211058337272732e-06,-0.0005232685744160354,-0.0009398990207248272,-0.003948789654356061,0.0004024312953756313,0.0005807105941001814,-0.00035326408617424244,-0.0006484985351562495,-0.0016080682927911932,0.001964010373510497,-0.002954521564522175,-0.0013528303666548304,0.0008030130405618686,0.000776965208727904,-0.0036777727531664287,-0.00018255638353752501,-0.006510108408301768,-0.0013137538023669305,0.005626023417771465,-0.006670171564275568,-0.0031954062105429295,-0.002045371315696022,-0.005647293244949495,-0.008774266098484848,-0.0007476035994712747,0.001069242304021661
22,-2.5742884838220037e-05,-0.00024074978298611012,-3.6567148536145464e-05,-8.503475574531901e-05,-5.5279394592908076e-05,-2.550055282284546e-05,0.00010647556998512767,-0.0006980895996093747,-0.010885103784426295,-0.0015051870635061576,0.0001685980594519404,-0.007899486657344934,-0.004928511802596275,-0.00019588855781940603,1.4728969997833419e-05,-0.0002505707018303158,-0.00012307215218592627,-4.891193274302768e-06,1.647135224004832e-05,-2.9992575597284002e-05,-4.772224811592918e-05,2.489908777101691e-05,2.309409054843602e-05,6.763260773937375e-05,3.2039603801692716e-05,-0.00033557776248816363,-0.0002876146875246586,0.0001227325863308407,-0.0011143539891098494,-0.0002882601034761697,-3.2241898353649484e-05,-0.001203286527383207,-0.0003149870670203019,-0.00039281748762034547,-0.001327437583846276,-1.961278794991288e-05,-0.00020629468590322505,-0.0003176843277131656,-0.0006089643998579545,-5.0949327873460596e-05,3.2665753605390846e-05,1.79054761173788e-05,7.780031724409586e-05,1.5172091397371914e-05,8.652426979758586e-05,1.8254675046356275e-06,-5.153995571719195e-06,4.86759224323303e-05,-0.0010884313872366244,-0.0003308960885712606,-0.0009643092299952637,-3.3908420138888887e-06,-0.000908360336766099,0.0007150823419744334,0.0028608206546667852,-0.0006434989698005445,-0.0002594572125059182,-3.916326195302642e-05,2.179482970575149e-05,-0.00037308413572985794,0.00011100431885382546,-0.00048727941031407977,-0.0007567550196792151,-0.0006480746799045126
23,-0.00017225862753511518,-9.441616559268746e-05,-0.00032750283828889465,-0.00024984340475063034,-0.00011722487632674786,-0.0003066400084832666,0.00015758564977934246,-1.5176004833648633e-05,-0.008017732639505405,0.0032615276298137603,-0.0037446262860538967,0.00022574145384509294,-0.0015918269301905797,-0.002841525607638889,-0.0008746060458096597,-0.0050384251758305715,-0.003984932947640468,-9.266053787386021e-05,-0.00016952524281511585,-0.0011259329439413668,0.0001799361874358825,0.0001231299506293394,-0.00018436740143131105,-0.001794930660363399,-0.00012789711807713073,-2.5318126485803443e-05,-3.22033660580433e-05,0.00016316500577060318,-0.0006825610844775878,-0.0002460383405589104,0.00016755527920193317,-0.0001268567460956003,0.0004995326803188131,-0.0003254052364464959,-0.0005058134445036313,-0.00303291551994555,-5.0881896356137416e-05,-0.002916586519491793,-0.004547735657354798,-0.0037179812036379424,-0.003333611921830614,-0.019828411063762628,0.0013632726187657838,-0.003933376736111112,0.0005409548981021163,-0.006917009449968434,0.0034476771499171413,-0.0011856050202340802,0.005020873715179134,-0.00043418190696022725,-0.0021310671411379416,0.00048667252665818256,-0.00021258267489346566,-0.004039032290680241,-0.0013826928957544192,-6.067873251558284e-05,-9.280142157969357e-05,1.2060608526671903e-05,-0.0007535375729955808,-0.0001497244594073065,1.0060541557542367e-05,-0.00010554236595077054,-3.228043064926926e-05,1.050426502420205e-05
24,0.007954915364583334,-0.0038590864701704545,0.004249611286201862,-0.0033462119824958585,-6.117001928464242e-05,-0.001813368363813921,0.006891057948873499,-0.0035838117503156565,6.31447994347818e-05,2.4897281569663228e-05,-2.426992763172639e-05,-0.0002560856366398354,0.00017001953991976565,-4.417968518806125e-05,-0.00048373443911774037,-7.113543423739511e-05,5.8703952365449635e-05,-1.255430356420564e-05,0.0003203864049429899,2.3971904407850912e-05,0.00015784273243914349,0.00010473077947443336,-0.001799535269689079,2.0931465457185978e-05,-6.547600331932525e-05,5.2403922032828275e-05,-0.0001677358993376136,0.0002143286695384021,0.0004217672829676182,-0.0005877716372711463,-0.001920757871685606,-0.0003388915399108273,-0.0006686123934659091,-4.519838275331415e-05,0.00027741326226128437,0.000542775549069798,0.00014037796945283115,-0.004698628126972854,-0.0014065829190340897,0.0009862726384943163,-7.600013655845422e-05,0.0001752834127406889,0.0005118341156930626,-3.732334483753642e-05,-0.003294781000927241,-0.00021643590445470472,-0.0011209430116595636,-0.00048396563289141413,-0.0008141681401416495,-0.0007867427787395394,-0.0006226818970959596,-0.0007523478883685516,-0.00017267525798142134,-0.00012020872096822633,-0.00010448995262685049,0.0023752462984335545,3.184573818938994e-05,-8.4631370775622e-05,-7.179289153128245e-05,2.3558284297135137e-05,5.8487509236196875e-05,-1.1777636980775542e-05,-2.4218751926611962e-05,-0.00022060341305202885
25,9.662695605345581e-05,0.0002234873145517682,0.0001246760589907856,1.7403653173741957e-05,-4.523209851197851e-05,0.00011267084063905844,5.94216163712356e-05,9.184533899479655e-05,-0.0006450691608467496,-0.0015168141837071899,0.00010512814377293904,0.0021734141340159423,-1.4305114746038555e-06,0.0002681631030458445,-0.0017982588873969201,0.0011545046411379413,5.338017386619582e-05,2.151065402560943e-05,0.00010579884654343686,0.00012437201509572362,2.643992804517801e-05,8.877118428548079e-05,2.3504098256429808e-05,0.00011387316867558851,-0.00010819868607954647,0.00019944316208964753,-4.2903302895900736e-05,-3.520587478021245e-05,-0.0005709595150417756,-2.1096431847703524e-06,-4.5311571371641615e-06,-0.00018160270922111616,0.0010775941790956433,-0.00017198890146583032,-0.00017966646136659557,-0.00022942128807607176,-0.005721121123342803,0.005028002189867424,-0.00024374566896997218,0.004218669852825126,7.838673061794945e-05,4.9196108423097724e-05,2.8176741166547897e-05,7.436733053187866e-05,0.00015725511493105255,0.0002694948755129424,0.00014219139561508858,3.2225642541445564e-05,0.00015804623112534568,-2.4251263551031367e-06,-8.429902972596969e-05,8.355005823000998e-05,0.0003463379060379181,6.816092163625108e-05,4.524654812283501e-05,0.00035074022081163286,0.0014335555259627525,-0.00010954731642597769,0.0010650519168738163,-0.0026607320766256323,0.008817036946614584,0.003022588864721433,0.007251546840475063,-0.0034097613710345645
26,-0.00014310894590435452,-7.373154765427507e-05,5.264474888041425e-06,0.00024635141546075907,-0.00047015180491437775,0.0014776364721433071,0.0003348071165759191,0.00030949139835858587,6.248132146969647e-05,-3.34363995176384e-05,0.00044945996217053333,-5.9847879891445496e-05,-4.64886125892108e-05,-2.4836472790644024e-05,-8.700110695578534e-05,-9.848493518251719e-05,2.9035288878162892e-05,6.242231889209496e-06,-7.406870524088981e-05,8.807519469597863e-05,0.0007557074228922514,4.996434606687152e-05,-5.753594215469893e-05,-0.0002712673611111116,0.010318447845150727,0.0054013705012774214,0.005810785775232795,0.005396871855764679,0.003196485114820076,0.009156429406368372,0.01449307528409091,0.005105220910274621,0.003759634615194919,-0.0005906615594420787,0.006210789535984848,0.0016993127688012951,-0.000587945032601406,0.0025694105360243055,-0.0006853354097616799,0.006675489021070077,-0.00017166137695312633,0.00014046165678236432,3.4109209523055794e-05,9.484724564985107e-05,0.00022304660142069446,-0.00014845530192057174,0.0003915700045498929,2.8483494363662618e-05,-0.0002193258266256313,0.0001180966695149773,0.00033979704885771613,8.574399081143636e-05,0.00015547781279592825,-0.0003054840396148959,0.00011282256155302847,-0.0001665895635431468,-0.0004965367943349505,-1.5711543535945323e-05,1.8077065246334991e-06,0.00017081366644965349,-1.007017463144429e-05,0.0001265719683483387,-0.0001286521102442817,-0.00010685968880701513
27,-0.0001636924165667916,0.0009799148097182778,3.520226237749881e-05,-0.0005772571371059228,-0.0005194346110026051,-0.0017416501286053898,-8.158852355648414e-05,-0.006277575637354993,0.001722624807646781,0.005701199926511205,0.0007087052470505838,0.0010597151939315032,0.0008129736389776687,-0.0037404069996843435,5.926267065183032e-05,0.006686567056058632,-0.0018606860228259161,-0.0018384528882575758,-0.0014420326309974747,-0.0018355244337910353,0.002512459803109217,-0.005861918131510417,0.0008490206015230435,-0.00352169768978851,-0.0014182967369002525,-0.00038482203628077607,-0.0004697472158104485,0.0006426223600753626,-0.00536346435546875,0.0027348874795316445,-3.1162994076506065e-05,-0.0006731014059047515,-0.017460678562973484,0.0022392658272174866,-0.00023566351996527667,-0.006884565257062816,-0.0010617959378945707,0.0008532976863360162,6.40406753077666e-05,0.010460728346699416,0.0038201110531585363,-0.0001192622714572457,0.0012578675241181354,-3.1712079288984846e-05,0.013787317757654672,0.0004324720363424323,0.0017699039343631626,-2.170572377214621e-05,0.0035009095163056345,-0.0014457317313762627,0.0015806718306107948,0.0007119997583254425,-0.002217697374748461,0.0005840436376706524,0.0001870164967546555,0.000935747165872594,-0.0005310906304253455,-0.0011170608828766184,-0.0005540173463147091,-0.0007051410097064384,-0.0006356672807173323,-0.0007015189739188757,0.0013877406264796405,-9.798762774226568e-05
28,0.008900652028093434,0.002997253880356298,-0.0015637176205413504,-0.005235960989287407,-0.0013592170946525818,-0.0028251108497080184,0.0029305352105034716,0.0005420723346748728,-0.0014039338237107385,0.002619136463512074,-0.0014735135165127838,0.0003320231582179222,-0.0012313380385890152,-0.0002904179120304606,-0.005169030391808712,8.510820793382826e-05,0.01365808043817077,0.011439005533854166,-0.01049839366566051,-0.0011766607111150578,-0.0033165517479482325,-0.0020133413449682372,-0.00732568297723327,-0.005075599208022608,-0.00019697709517045453,-0.0006816363093828919,-0.00012239783701270302,-0.00043762091434363114,-7.696826048571413e-05,-0.0005962487423058718,0.00014977984958224982,-0.0014579079367897727,4.144870873653831e-05,-3.0748771898673734e-05,-9.188025888770707e-05,-0.0002011385830965909,-7.907188299930618e-05,1.1065391579056513e-05,-4.222898772262842e-06,-8.34416861485889e-05,-0.005447830816712042,0.005448119808929134,-0.003080734098800505,-0.006806575890743371,0.0024155221804223895,-0.000689723274924538,-0.007947208905460858,0.0016158373668940372,-8.042773815116654e-05,-6.765307802141401e-05,-5.477365821298205e-05,-0.00016422464389993232,-1.7376560153381745e-05,-8.729672191118197e-05,-4.184366476653902e-06,-4.131023329917673e-05,3.724868851478841e-05,0.00014562317819306702,2.9851089824332372e-05,-0.000524386010988795,-0.00024829247985223233,-0.0001613660292191956,-0.0001403948273321641,-0.0006819445677477898
29,-4.588353513466494e-05,-0.0003635907413983559,-0.0001700622866852101,-8.490591338186414e-05,-8.07733246773286e-06,-0.00022177262739701617,-0.0023466842343108827,9.54577417085517e-06,0.0034612405179726947,-0.001573196565261995,0.003222243954436949,0.0012969200057212735,-0.002434547501380998,0.00017347239484690705,0.0005328245837279051,-0.007059887202099116,-1.9032545764038878e-05,-0.00027106506655914743,-0.0030633945657749374,-0.000687262024542298,-0.0001317611848465025,-0.00028644908558238686,-0.00022120186776825813,-0.0004492095022490525,-0.003424403643367266,0.001719792683919272,-0.008856532549617267,-0.011564929075915404,-0.0033426381120778095,-0.0041396979129675665,-0.008244023178562973,-0.006600736367582071,-0.0007839106550120323,-0.00032901763916015424,-0.00011674683503429393,-0.0007860299312707141,-0.0003273198098847421,0.0001304438619902624,-0.0013911507346413344,-0.0009772946136166354,-0.0008935928344726566,-0.00020902807062322525,-0.0017496744791666667,-0.0004258565228394775,-0.002150949805673926,-0.0005727247758345172,-0.0035816250425396543,-0.0005543231964111341,-0.001920449613320707,-0.00192569000552399,-0.0005517054085779656,-0.006228360262784091,-0.000545713636610243,-0.004912097044665404,-0.0003310502177537071,-0.008067892055318814,-0.004601141419073547,-0.0005373713946101637,0.005091195154671717,0.004285407788825758,-0.0024116785839350527,-0.0030233595106336796,-0.004665413288154988,-0.008251614040798612
30,-0.002080743963068182,-0.0005741697369199788,-0.002961361046993372,0.0006809427280618686,-0.0002978979939162144,-0.0028413714784564395,-0.00101582690922901,-0.00290094240747317,-7.741138188526065e-05,-0.00023882316820549173,-8.496130355680537e-05,-0.00015807392621280803,-0.003142539900962751,-0.00039379042808455764,-0.00022263960404829292,-0.0001309688645179865,-0.00014340335672551936,-0.00024488237169053635,-5.464601998377107e-05,-0.0003116106746172636,-6.852005467270506e-05,-9.331197449654985e-05,-0.00018690089986781784,-0.0007384232800416256,-0.001404155384410511,0.01161825777304293,0.00047995827414772725,0.0012492459229748647,-0.0025440562855113635,0.024220476246843436,0.07936265733506945,0.00445198290275805,-5.910372493242727e-05,0.0034616932724461404,9.464374696365271e-05,0.000539953058416194,-0.00012394635364262375,0.00018806168527314257,-2.6095997203478792e-05,-0.00836798157354798,0.00014503556068497475,-0.00018136669891049024,-0.0033499207159485476,-0.00048489040798611015,-0.0003583118168994619,-0.002091070618292298,4.932133838382857e-06,0.0018511300135140485,-0.0018748225587787027,-0.0014590639056581423,-0.0006144456189088162,-0.002429037383108427,-0.002890769881431503,0.0024531586001617736,-0.0016334610755997475,-0.004905007102272727,9.238599526762258e-05,0.0020026004675662867,0.005965261748342803,-0.0016944576995541354,-3.511135024254049e-05,-0.0033704969618055555,0.0003554218947285333,-0.00452385526714903
31,-0.0003623095425692465,-0.002859944044941603,0.000920960397431345,-0.007499926017992424,-0.0004311763879024626,-0.00029716347203110244,-0.0011001644712505898,-0.005420723346748737,-0.00040407855101305863,0.0006090029321535667,-4.711536446002627e-05,-0.00025520421037770704,0.00015742610199282408,-0.0023722118801540798,0.00013081955187248815,-0.001496324635515309,-0.003882167315242266,-0.001386700254498106,-0.0008424701112689394,-0.0003789121454412275,-0.002534808534564392,-0.0016528428202927717,-0.0037353592689591225,-0.0032462495746034574,0.0006395132854731409,-0.0006505407468237061,-0.001923185406309186,0.0037171720254300824,0.0008601949672506323,0.0018106903692688607,0.0017578047935408747,-0.012032094627919824,-0.0041332148542307864,0.0006296384816217949,0.026702187278053978,-0.0008658977470012626,0.025638156467013888,0.05699327256944445,0.00781411835641572,-0.00023100111219617972,-0.009026421440972222,-0.0038232899675465595,-0.03313900726010101,-0.010254599831321022,-0.014288468794389204,-0.0017535084425800978,-0.00291523788914536,0.018347923201744002,-0.0036195697206439395,-0.011475225891729798,-0.0008525655727193807,-0.005526687159682764,-0.0003936459319760101,-0.0008725253018465909,-0.0016104572951191587,0.0011140842630405615,0.0011859084620620272,-0.0001391015871606687,0.0007550788648200758,-0.0012131507950599747,3.506438900726059e-05,0.0007839395542337434,-0.0004969124842171717,-0.0007985336611969302
32,-0.005745550598761048,-0.003917501430318813,0.002997947461677319,-0.00018520307059239648,0.01288953453603417,-0.0014136535952789626,-0.0002303267970229636,-0.00010557367344095597,4.700940064709596e-05,-1.7250427091965763e-05,-0.00017403111313328207,-0.0019460157914595166,-0.0007113832415956433,-0.0003386603461371515,-0.00019177523526278282,-0.00023547085848721252,0.00470278961489899,0.0025134038443517213,0.007394925512448705,-0.0068052079942491316,0.0028298888543639516,-0.0021224262738468664,-0.010982783153803662,-0.0018093610050702333,-0.00013125544846659737,-1.0847142248438165e-05,-0.0006213428998234273,-3.895615086410789e-05,0.0002670649326208845,-0.0002166574651544745,-6.818169295185691e-05,-0.0003896843303333587,-0.0009497584718646414,-0.001055669302892203,4.741639801950334e-05,-0.0026664348563762625,-0.0013772983743686868,-0.0015334312361900253,-0.0002729435159702495,0.0007755009814946344,-0.001808031640871606,0.0007617642181088222,1.5622437602345193e-05,-0.001960600265348801,8.703482271444646e-05,-0.002291592684659091,0.0007089846061937738,0.0014347981924962515,-0.008670845417061238,-0.00021081982236919694,-0.0030864176124033313,-0.0009371824938841535,-0.01333309905697601,-0.008268182927911932,-0.0012554977879379748,-0.0002720717227820189,-0.00037032907659357363,-0.00021387350679648084,-0.000520080026954109,-0.003011645692767519,8.675546357126066e-05,-0.0004173577433884735,-0.00044852073746498285,-0.00013516647647125556
33,0.000466939174767699,0.0007127896703854958,9.609954525725934e-05,-0.00023523966471354244,-0.00016764438513553536,-0.00031658134075126165,-0.0002259630145448626,-9.253169551039591e-05,-0.002106401655409069,-0.0006697876284820848,-0.0007798551308988322,-0.0008123523057109176,-0.00722815773703835,-6.719069047407677e-05,-0.0028101795851582212,-0.0013001711681635687,6.761936226276371e-05,0.0015604231092664939,-0.0023843013879024616,-0.0008716968574909253,-0.00012100104129675859,-0.011482123172644413,-0.0021639737215909116,-7.758477721551515e-05,0.0028228759765625013,-0.0008014524825895697,4.716955050073947e-05,5.5311906217326385e-05,0.0013728671603732655,0.003651782719775884,0.002406573054766414,0.0019876114045730736,-0.0004153010821101636,0.000404232680195511,-0.0006108139500473485,0.0007307457201408637,-1.355855151860407e-05,0.0012732611762152778,-0.0010762455487492101,0.0008116924401485555,-0.003351616136955492,0.004611940094918914,0.019236246744791668,0.03193125098642677,0.0003342291321417292,0.0018156321361811466,0.006936468259252683,0.0013038172866358898,0.0017059210574988171,0.002177999477193815,0.0011697730632743444,0.000686375781743213,0.0003317702900279658,-0.0004132588704427101,0.0003650164363360161,0.0015150224319612142,0.0022423098785708646,1.564411201862421e-05,-0.00020926889747080197,-7.349072080669999e-05,0.00018729103936088946,-0.00042329653344973136,-0.0002575450473361551,0.00037426900381993725
34,-0.0032812128163347385,-0.0005682020476370127,-0.007725108753551136,0.002289126617739899,-0.0037919150458441842,-0.0021188138711332083,-0.0008886318014125616,-0.0025041223776460907,3.056935589723481e-05,0.0002280172675547018,-0.0006232213492345323,3.56038411458313e-05,0.00018715135978929895,0.0002060755334719241,0.0001822083887427728,-1.65207217438e-05,-0.0008847304064818092,0.0008738353998974122,-0.00029103924529720805,-6.751580671829955e-05,-0.0014681575274226636,-2.2233134568338208e-05,-0.00011184480455186486,-0.0001182556152343737,-0.001895557750355113,-0.0013476188736732534,-0.004335499773121843,-0.003009333755030778,-0.001799920592645202,-0.0008641830598465111,-0.00031030057656644347,-0.009589301215277778,-0.007239755958017677,-0.0067502609407058866,-0.004586267952967172,0.0011123888420336192,-0.0026232208868469838,-0.003625118371212121,-0.0010288508251459884,-0.004014911073626894,-0.0005904303656684031,-0.0016645566381589321,-0.0004694774897411616,0.0008022905600191384,-0.005086340085424558,-0.0018657433866250375,0.0002845224708017677,0.006237261223070548,-0.0018453116368765778,0.005010508527659406,0.006363493023496684,-0.0006778023459694585,0.0011586661290640767,0.0005322851315893304,0.001925381747159091,0.005787974656230271,0.0004765481659860314,0.0001011472759824788,-5.305897105823913e-05,0.002884200125029593,-0.00012073131522747374,-7.714165581597271e-05,-0.00040483956385140707,0.00037158619273792976
35,-0.0011839047826901839,-0.004118562948824179,-0.002326127254601683,-0.0060656576445608425,-0.003522547808560456,-0.0006126249679411303,-0.0005756628633749596,-0.00452700528231534,4.433772780678818e-05,6.0468611091071914e-05,-0.00019886517765546057,0.00014881654219193948,-6.761936226276611e-05,-4.5486170836168364e-05,-3.0190053612297785e-05,-0.00017580359873145557,-0.00022806302465573825,-0.002345846156881313,-0.006570989435369318,0.002409328113902699,-0.0006413315281723485,-0.005881492537681503,-0.003992138486919983,-0.0029121167732007575,-0.011428062361900252,-0.018029106987847224,-0.00030817166723386363,0.0010477316499960566,0.0007234245839745122,-4.477452750157772e-05,-0.00028164218170474513,0.0007643314323039949,-0.0005168529471965758,-0.0034591405078618215,-0.004193354134607798,-0.001677927344736426,-0.0012971704656427566,-0.004320298782502762,-0.003514838941169507,-0.008491284919507576,0.0013259540904652012,0.00030999231820154805,-0.0013270329947423433,-0.002350932419902145,0.0005280465790719697,0.011570940114030934,0.0017183862551294192,0.0030184273767952952,-0.0001104913576684819,-0.0014574455492424242,-0.0014866144970209908,-0.00018218069365530303,0.0001364235926156101,0.00015302619548759102,-0.0012284866487136988,0.0005221318716954697,-0.0003084293519607721,-0.0017011237866950758,-0.0006554969633468474,-8.931786122948283e-05,-6.800950175583535e-05,-0.0003903321545533444,-0.0005719637629961727,-9.314219156900908e-05
36,-0.0005634962910353535,-0.0006908744272559595,0.00010276563239819999,-2.444392502910064e-05,-0.0028860689413667917,-0.002416832278473209,0.0010783648250078908,-8.954905500315656e-05,-0.005131885258838384,-0.001016636087436864,-0.0019681525952888264,-0.0028450224134657113,-0.00021457190465444846,-0.000978797373145517,-0.0016829365431660353,-0.000742625708531856,-0.0017185644669966281,-0.001759562829528193,-0.0012168450789018105,-0.0019280790078519557,-0.00016206683534564443,-0.0023157909663036598,-0.002792948424214063,-0.00017339533025568092,4.604609325681833e-06,-0.0002451809969815343,0.00010157113123422326,-0.0001330905490451383,-1.705054080838389e-06,1.918908321496363e-05,-6.088102706755e-05,-3.644191857539613e-05,-0.0012612390999842172,-0.0018914155285767818,-0.00010588674834280405,-0.0001215693926570404,1.5268422136405055e-05,7.051410097064547e-05,0.0005189529573074495,0.00015120072798295453,-0.0029499362213443025,-0.0018253615408232668,-0.0004026323857933644,-0.003247039486663512,-0.0019385597922585232,-0.0006959835688273172,-0.0013159260605320779,-0.0010407573044902152,-0.003539904199465358,-0.002055495676368173,-0.001656715316001815,-0.006834550337357955,-0.006015305567269373,-0.004929176484695589,-0.0018536875946353181,-0.0005601969632235417,-0.0017613882970328283,-4.093695168543517e-05,-3.248152106695536e-06,-7.400127372356161e-05,-0.00011404355367024487,6.366980196249869e-05,7.88226272120699e-06,-0.0005649364355838664
37,-0.0019050318785388044,0.0008673619742345322,-0.004421657986111111,-0.0009848662097044656,-0.001803003176294192,-0.0002685026689009232,-0.0015790534741950758,0.0013665093315972233,-0.0008573724765970273,-3.4587551849052857e-05,-0.0004607788240066687,-5.6081347995333376e-05,-0.0004846327232592055,-0.0011273393727312194,-0.0008056332366635101,-0.001111724159934302,-0.0003850435969805457,-0.0015343367451369151,-0.00030792120731237875,-0.0002683292735706732,8.867244527793876e-06,-0.0006203651428222626,-0.00025729217914618796,0.0007008868034439825,-0.00042748692059757775,-0.0018078197132457392,-0.0005024659513223071,-0.0007291177306512415,-0.0004918069550485293,-0.00031926896837022623,0.00047904554039540723,-0.0015378720832593504,-0.00045771550650547957,-0.0006101155521893725,-0.0008171832922733197,-0.0013164558795967485,-0.0008381569024288308,-0.002300628507980193,-0.00019633167921894644,-0.0007149233962550265,-0.0003293836959684707,-0.0036943609064275574,-0.0005240006880326704,8.405338634144365e-05,-0.0008209498241694272,-0.00029651323954263994,-0.0015824057839133533,-0.0006889959778448586,-0.00013929424863872927,0.0003180046274204454,-0.0002051266756924697,2.2075995050289847e-05,-1.0536174581577306e-06,-5.2962640319205053e-05,1.2115998701620187e-05,-0.0001173079615891578,-0.0011906479344223485,0.00289300475457702,-0.0008128773082386364,0.00023273506549873737,0.006693618466155697,0.0006737564549301586,-0.0003682916814630697,0.0008895228607485993
38,-0.00020010543592048245,-8.831602154356144e-05,-0.000129824936991998,-1.730581726690609e-05,-0.0001151176414104498,-0.00010832632430876498,-0.00039509330132995036,-0.00020923036517518892,-0.0002953211466471374,-4.059618169611283e-05,-0.0002001704591693313,-0.0005581306688713314,-0.0001161784836740156,3.112687004937523e-05,-0.00019125986580896933,-0.0002116193675031549,-0.002474139435122711,-0.0009180897414082221,-0.0017120476925011822,-0.002199423433554293,-0.0002549730166040291,-0.001198007602884313,8.597036804815893e-05,-0.002411023534909645,-0.0018681757377855743,0.0001947325889510344,-0.0008258241595643929,-0.0009934589116260262,0.0002789112052532162,-0.0006308314776179758,-0.0037809815069641743,-0.00048404269748264045,9.894611859563192e-05,-0.0004632352578519566,4.0054321289064655e-05,-0.00014356892518323068,-6.75471142084909e-05,-0.0003804727034135314,-0.00033077085861051703,9.077968019427587e-05,-0.00011907803891884791,-4.997638740924577e-05,-0.00036052742389717374,-8.868508868747464e-05,-4.163294127493607e-05,-0.0001201147984976741,-4.799438245369139e-05,-0.0004003601844864682,-0.0029435591264204545,-0.0026821560329861106,-0.0037713099007654653,0.0001594321896331495,0.0005270736386077535,-0.003721468376390863,0.0012480321556630758,-0.0013046071986959444,-0.0006314672604955798,-0.0007177025380760727,0.0023957454796993383,-0.0004891289605034717,-6.62948146010889e-05,-0.0002494905934189341,0.0010100037160545882,-0.0015499230587121212
39,-0.0012354898934412496,8.342723653773753e-05,-0.00014798568956779693,8.852794916943031e-05,-7.332214201339201e-05,1.6454494360767534e-06,0.0004852660978683313,-0.00030893990487762947,-0.000557119196111508,-9.783349855981717e-05,0.0003065942513822266,-0.000784045518046673,-0.0003892809453636647,0.0026331429529671685,-0.002065581504744712,-0.0005583714957189071,-0.00016233054074374457,-0.0005020131968488548,-7.030217334477772e-05,-0.0001310158257532606,-0.00023159595450969892,4.85506924716468e-06,-0.0001093016730414486,8.165234267111148e-06,-0.00017798067343355255,-1.483493381075858e-05,-1.2966719540678155e-05,1.826551225450443e-05,-0.0002501661127263821,-0.00038170092033617376,-9.278576783459192e-05,-0.00024668375651041414,-0.00013557829038060885,-0.0034027099609375,-0.0010489839496034574,-0.001357059286098288,-0.00016732649369673335,-0.00042968566971595925,-0.0020725173179549404,-8.865317913017478e-05,-0.0012275040751755849,-0.001184887356228298,0.001131346731474905,-0.0010162507644807452,-0.0010601197830354327,0.0023354809693615836,-0.0016846512303207838,-0.0007410531092171717,-3.644011237404304e-05,-2.0576245856998928e-05,-0.0011470679080847535,-0.0004909592445450596,1.5013145677970855e-05,-7.82012939453111e-05,-0.00048044474437983225,1.1508211945039815e-05,-8.982961828057947e-05,-7.039850408380706e-05,-0.00111080901791351,1.5291300686916158e-05,-0.0001524096787577896,-0.001177749248466106,-3.223708181670228e-05,-0.0009607642587989262
40,-0.00024238740554963535,-1.120446908353575e-05,-8.70492723253033e-05,-0.00021092096964518253,-0.00045265332616940796,-0.0003463668052596252,-0.00035394321788441164,-0.000171584312361899,-0.0003139611446496212,-0.0002738297587693344,-0.0002557003136837152,-0.002626110809017913,-0.0022805531819661455,-7.184828170621885e-05,-0.0001262992319434535,-0.00011987397165010732,-0.00032075487001977364,-0.00018486049440171942,-0.0025565214831419665,-0.00021937158372667209,-0.0003389782375759526,-7.465632274897171e-05,-0.0002065909029257394,-0.0001662451811511165,-2.2982708131429564e-05,6.972238270919461e-06,-7.724159895772092e-05,-9.893166898478578e-06,-7.87515832920244e-05,-0.00016230766219322594,-2.7884136546744644e-05,-0.00042999151981238385,-0.0007060465186533299,-0.0010358637029474435,-0.0011562000621448858,0.0004957179830531878,-0.0002020248258956758,-5.641128077651417e-05,-0.00029372205637922226,-0.004177363231928662,-1.1560591784392333e-05,-0.0004962092698222445,-0.00037925893610174017,-4.832792763757745e-05,-0.00011968371844050766,-0.0002355142073197825,-2.2945379970049204e-05,-0.00046730523157601634,-0.0001403418454256956,-0.0008397535844282648,-0.001966861763385811,-8.400040443497372e-05,-0.004848711418383049,-0.0004820631007955532,0.00011230237556226466,-0.0010280416469381323,0.00017206717019128585,-0.0007527669270833334,4.055253182998634e-05,-4.123196457372045e-05,-4.560658426045014e-07,-4.990474142209785e-05,-9.89918756967233e-06,1.761648390028486e-05
41,1.7318460676404527e-05,6.731110389782219e-06,-2.92791260613338e-05,-0.0001492464181148603,-0.00011325845814714799,-0.00011089835504088259,-1.7267284971317389e-06,-4.43461567464452e-05,-0.00020414891869130505,1.7396127334752837e-05,-0.00010591444343027159,1.5563435024682523e-05,2.51489456253793e-05,-0.0007082043272076223,6.015011758514668e-05,-0.0001620596105402122,-0.0020721512611466234,-0.001439662894817313,-0.00040610390480118303,-0.0002760212830822908,-0.0003105221372662096,-0.0006916643393160104,-0.0009052006885258829,-0.00014366043938530764,-0.00016392601860894588,-0.0005278394679830531,9.756377249053131e-05,-0.0005423709599658697,6.831776012073636e-05,-3.110037909613391e-05,-0.0007795468725339333,-7.182419902146464e-05,-0.0002523094716698246,-0.00018147025445494633,-0.00016033769858004034,-0.00033664221715444954,-0.00010482289574363189,-0.00015318694740834834,-2.503274667143385e-05,-1.554778127959473e-05,-9.635963825264142e-05,-6.260354109484964e-05,-0.0007510715060763889,-0.00017812396540785658,-5.4528014828463046e-05,-0.0002161830362647482,-0.0004133985500143041,0.0005212648950441938,0.00019655926058990722,-0.00010109911061296563,-1.3559755652840257e-05,-0.00014561595338763664,-0.0001027969398883835,-0.0003322374941122679,-0.00016688337229718266,-8.801679418545295e-05,9.293026394314243e-05,-0.0003494301227608075,-0.0012296667002668332,-0.0002698031338778394,-0.00021964371806443416,0.00014472730232007575,-0.0023811032073666354,-0.0010044791481711645
42,1.2873098103684932e-05,-6.87921890104634e-05,-0.00047046006327927474,-0.000126157144103391,-1.2902599392515144e-05,-0.000493473476833768,-0.00010524133239129597,-1.416302690602183e-05,-1.7693548491505034e-05,0.00014787972575485992,-0.0004140487825027606,-0.00010718239678276979,1.2354417280711357e-05,-8.631234217171414e-05,7.983891650883674e-05,-0.0003979615490845926,-0.00031842125786675355,-9.629762533940254e-06,-0.00015120915692261699,-0.00012765990363227176,-0.0005627449112709112,-4.172656271192852e-05,-0.000680468299172143,-0.00029053712132001296,-0.00014311857897825823,-0.00012249416775173534,0.000351279672950205,-5.577549789889914e-06,0.0013061099582248252,-9.443784000897421e-05,0.0006916884220007658,0.000851669696846393,-0.00024188166916972595,-5.769007133716931e-06,-7.642399181018747e-05,-0.0004217600581621892,-1.7039703600333138e-05,-5.65052032470709e-05,4.035655898277107e-05,-4.49984964698183e-05,6.734963619347488e-05,-4.303515559494806e-05,-4.691999367993504e-05,-1.8907315803296478e-05,3.6079474169794525e-05,-1.9970566335340806e-06,1.3324648442890385e-05,-1.2814697593145912e-05,5.1017963525018916e-05,-1.9432318331017128e-05,8.435983850497808e-05,2.191524312954403e-05,0.00010846359561187688,-5.850647435044255e-05,-1.1008195202766647e-05,0.00020084236607407748,-5.9061279200539495e-05,-0.00045807433850837356,-3.94667037809792e-05,1.3588654874568234e-06,-9.281587119054054e-05,-6.0735928891888565e-05,-9.870649588228711e-05,-1.1054554370916605e-05
43,-0.0002761946784125448,-0.00033731171579072126,-0.00014088852236969073,-2.7386829106494355e-05,8.729491570983331e-05,-5.8056128145467254e-05,-0.0004913638336489889,-0.00012195080217688795,-0.0004691403321545535,-0.0002780490451388888,-0.00031372995087594645,-0.00044690719758621315,7.017694338411093e-06,-0.00015873138350669695,-0.0005354351467556414,0.0002479264230439172,-6.379021538628022e-05,-6.129645337962387e-05,0.00019122374178183658,-9.749874924168293e-05,-1.193838890152859e-05,-8.699538731815489e-05,-5.868468621764346e-05,-0.00020502071187953735,-2.5977389981043317e-05,-6.691012719664662e-05,4.103689482717959e-05,-2.7910326466413404e-05,-3.7809815069619663e-06,-3.0822224087184956e-05,-4.0366192056674905e-05,-0.00014538837201667786,-0.00022454695268110908,1.5802455670902082e-05,-8.587403730912535e-05,-0.00015257705341685908,6.826116581156595e-05,-4.685647559888258e-05,-9.646921446828699e-05,-6.781563614353452e-05,-3.392648215245049e-05,-8.298351307108158e-05,-0.0008935446691031403,-0.0002730735624679391,-0.00027160090629500333,-0.00016133953826595786,-8.90535537642691e-05,-8.361809181438985e-06,-3.6268222211584656e-05,-2.5934041148532336e-06,-9.353790018293594e-06,-0.00047490813515402877,-0.00011505803676566446,3.409957644914141e-06,-3.6957890096347628e-06,-3.858497648527885e-05,-0.0005437099572383969,-0.0006004487625276212,-0.0007546935418639515,-0.0003957170428651768,-6.384440142698488e-05,-0.00018944403137823533,-0.00021579530504014596,-0.0007203997987689384
44,-0.0007555557019782789,-0.001000544037481752,-0.0036256963556463057,-0.004292497731218433,-0.0005395581023861627,-0.0015513102213541654,-0.000775298686942667,-0.0019419121019767956,-8.987176297891064e-05,-0.00018401338596536537,-1.506251518173265e-05,-0.0001240643587979412,-9.661130230836478e-05,3.5922635685310434e-05,-0.00037870503435231224,-0.0005956551041265892,-0.00011157628261682282,-0.0001741274438723081,-0.00026081035835574253,-0.00016830214346298772,-3.688594307562778e-05,-8.17027657922763e-06,-8.205331937231144e-05,-8.061317482379555e-05,-0.0008900960286458291,-0.0008525752057932838,-0.0007498384726167918,-5.5829081872493984e-05,-1.6808208793099356e-05,-0.0009993736190025263,-0.0014751126067806982,-0.0002597365716491081,-0.0008171640261255102,0.00017100151139076567,-0.0014177187524660666,-0.0010353242508088698,-5.442205101552445e-05,-0.0007867379622025924,-0.00018986307009301738,-0.000507923087688408,-0.00040443497474747475,-0.0023612590751262625,-0.00026901803835474,-0.0007761945628156566,-0.004146691524621212,-0.0022123799179539546,-0.001053858284998421,-0.000324653856682055,-0.0009125218246922335,-4.6946785666716636e-05,-0.0006920592953460394,-0.0003106473672269588,-0.0002642930156052687,0.00023686765420316466,-5.2707363860772115e-05,4.789082690922958e-05,-0.00045915083451704544,3.345566566544033e-05,1.6154664935490405e-05,-0.00012910004818078623,1.0037663007025036e-05,-9.71591833866005e-05,-0.0006339333274147727,-0.00012183430218937431
45,-4.676857379950636e-06,-0.001270255657157512,-0.0001657225868918677,-0.0005291471577653979,-0.00026768144935068733,0.00037946604719065656,5.5226412686431296e-05,-0.0006754904082327153,-0.0002768208282162457,-1.0006957583956049e-05,-9.494598465736025e-05,-3.161815681842277e-05,-1.8206509676849843e-05,-0.00013534047386862326,-1.5935286729019965e-05,-9.058972801825088e-05,3.955580971457858e-05,3.954617664066788e-05,9.524551304902004e-06,-4.3123659461430844e-05,-6.364090274078482e-05,-4.123617904354835e-05,7.450219356652487e-05,-3.0167175061772256e-05,-8.970318418560404e-05,-0.0005226135253906233,-0.00013254146383266465,-0.00014675024783972375,-0.0002502744848077926,-1.3255109690656566e-05,-0.00042863325639204544,-6.248975040937138e-05,-2.695845835136556e-05,-6.988494083102924e-07,-3.340147962474248e-05,-0.0001014760046294246,-0.0003815949565232384,-0.00012220637966888151,-8.453774933858497e-06,-1.5448440204961592e-05,-0.00023192588729087674,-5.124795316446366e-06,0.0012603143248895202,-0.00011056842225970606,-4.1213300493022026e-05,-0.000806827737827494,-0.00036627836901731816,-0.0009826795019284686,-0.003080233178957545,5.1219053942748494e-05,0.00012528294264668174,-0.0006049955734098798,-0.00025932234947127677,-0.0007136446056943936,-0.00022776439936473942,-0.00016006315597379896,-0.00016654380644210128,-3.2945112748525137e-06,-7.098792779325923e-05,-9.976011334043536e-05,-4.902512136131836e-05,1.9350437202836725e-05,-0.00033320320977104587,-0.0002301004197862379
46,-0.00013610088463984738,-0.00010583015403361927,-2.4835720206749566e-05,-0.00043920073846373894,-2.2075392983176394e-05,-3.2775931888160534e-05,-4.6067165605996996e-06,-0.00016975764072302898,-5.373268416433427e-05,-0.0017333945842704388,-1.519226064585319e-05,-0.000317005196002998,-6.0954479256057616e-05,-0.00023718072910501768,-0.0004271931118435333,-0.0001118761120420546,-3.177845718884683e-05,-0.0002917882167931749,-0.00031880898909135647,-1.5024885986789218e-05,-0.0003411842114997606,-0.00021437924317639788,-7.73174594146975e-05,-0.00010503512440305937,-2.1047363377578302e-05,-0.0002191138989997636,6.552898522579008e-05,-2.2541392933243123e-05,-8.262769140378082e-05,0.00013452587705670103,-4.375221753358791e-06,1.462421031913815e-06,-0.00023030030606973167,2.876225143971902e-05,-0.00026743219356344507,0.0007065378054223848,-8.530267561324671e-05,-0.00013365649213694457,-9.65185839720412e-05,-0.0015043297199287791,-0.0002334876493974129,-0.0008032297847246878,-0.0009342733055654192,-6.169020527540708e-05,-0.0008499068443221273,-0.00045121799815785044,-0.00026426893292051407,-6.510272170558143e-05,-5.133946736652945e-05,-0.00033091595678618244,-0.00022673486459134066,-0.0004426349293101919,-0.0001040579694690089,2.974753427986797e-05,-6.591430818185066e-06,-7.326795597269491e-05,-6.906432334822388e-05,-3.030354326421523e-05,-2.4843547079293087e-05,-2.9595211298778137e-05,-1.3076747306667928e-05,-2.4927986992724858e-05,-3.0691575522379585e-05,-0.000267192570850099
47,-2.128006231904865e-05,3.053684427281854e-06,3.20751257617092e-05,-0.00019923605100073097,5.636070713852311e-05,-0.0013624297247992656,-2.7917852305397544e-05,-0.00017598391783357675,-0.00043805921920622444,-0.0012056562635633676,-0.00033637008281669226,-0.0001644052640356171,-0.00029278523994214677,-3.3373784537266526e-05,-0.0002107186750932146,-2.6996689613418762e-05,-0.0019480002046835551,-0.0005223437993213384,0.0001412208634193505,-8.055266707834037e-05,-0.001145724094275275,4.475044481682218e-05,-0.003531956913495304,-0.0001744465394453626,-3.0135867571592385e-05,0.00012049650905108173,-0.00011182553840406505,-4.724119648782508e-06,-1.1724053007179705e-05,-0.00010991999597260084,2.4473727351482864e-05,-5.984547162298281e-06,-0.00011654694875081206,-0.0005722262642600315,-0.0031020520913480473,-5.230638715955706e-05,-0.00022343553677953653,-4.622596080856317e-05,-2.2873131915778695e-05,-0.00017799512304441132,0.0004930688877298372,-0.001508462308633209,-0.00013386360322586172,0.00018064421836776296,-3.560865768278823e-05,-2.13500526216302e-05,-2.858975921014949e-05,-0.0001154999540309657,-0.0001215115942136231,-0.00013820089475073235,-5.647991642807279e-05,-2.4451751901646075e-05,-5.673790218854368e-05,-6.497387934213276e-05,3.6039737739923387e-06,-0.0001955369506219485,3.0488678903290536e-05,0.00047548852785669194,-0.00045009574504813735,-0.0005378434152314152,-0.00011623748625167547,-0.0003245960582386354,-0.000352820964774699,-0.00022183042584043638
48,-0.00016554798742737478,-0.000348211538912074,-7.496096871115632e-05,-0.0004019014763109657,-0.00020876075282241514,-0.0001579414714466515,-4.796909563469151e-05,-2.1569656603264787e-05,-0.0002503467328620675,-0.00015844961609503335,-2.2655785685842608e-05,-0.0008319748772515201,2.4517377217610144e-05,9.313677296497557e-06,-8.852012229688735e-05,-7.192895870022299e-06,-0.00015273961153897483,-1.4142556623980341e-05,-8.655617935494257e-06,-2.5164298336917065e-05,-0.00017290163521815045,-0.00010630337878911501,-0.00026278543953943667,-0.0001463504752727444,2.9490451620080136e-05,-8.482373122012228e-05,-0.0005487865871853281,-7.975823951490013e-05,-2.8450079638545287e-05,4.176539604107767e-06,1.972371881660056e-06,-5.382781076909361e-06,-0.005399694346418282,-0.0032298155505247755,-0.00040681916053849113,-0.00021132194634640233,-0.00047027221833817077,-4.052634191031351e-05,-0.0001172658168908317,-0.0010731244328046122,8.48095826428374e-05,-1.7159213923450395e-05,-0.00063343240757181,-1.893862329348049e-05,-0.00014557501282355255,-8.71167038426215e-05,-0.0003691008596709293,-4.4882899582989787e-05,4.3493328672473744e-05,4.4013514663233086e-05,0.00014101736473314102,-0.00014650701272367082,-0.0001612191248421727,-9.60465633507899e-05,-0.0002963133532591515,1.5080878228850128e-05,-0.0018510529489228211,-0.0009443302347202495,-0.0011698308617177616,-0.0010486949573863637,-0.0015918654624861917,-0.0009350343184037647,-0.0010284269698942526,0.0009145255040640758
49,-0.001555779967645202,-0.001279541940400095,0.0015061407378225615,-0.00020033903796263234,0.0004186533918284412,-6.228745585740404e-05,-0.00021146523832070606,-0.004374070601029829,-1.6283507298943714e-05,-2.0860120503588187e-05,-0.0002918387904311687,-4.5792020932586615e-05,4.8880625252772645e-05,-2.781489882806421e-05,-2.2173529923562547e-05,-0.0001960330539279519,-0.00013103147949835412,-0.0010158076430812051,-0.00040946103105640784,-0.00046490177963719393,-4.44096748275001e-05,-0.0004165618106572306,-0.0001064406500922272,-0.0011092605012835888,-0.0002525213992956916,-3.1232231795180626e-05,1.606014039778582e-06,-4.935385000826331e-05,-5.6860422847238175e-05,-2.9411881861058502e-05,-3.615533462678153e-05,-3.5003279194680785e-05,-2.0681607602824015e-05,-0.00024491127091224647,-0.0019981114551274465,-3.0301737062854957e-05,-5.549613875571816e-05,-0.0003829435868696748,-0.0002560133885855611,-0.00020576245857007372,3.657437334157148e-05,-8.886390262179905e-05,-7.655433934144553e-06,-1.346824145075115e-06,-4.157153042879839e-05,-0.00033555127153493317,-2.2242466608685035e-05,-0.00017477285982381383,-6.9595948614277425e-06,5.664849522139305e-06,3.238940479779216e-05,7.225407494437189e-06,8.538515880859463e-06,-3.804462124602925e-05,-8.091300424903197e-05,-9.720373635347134e-06,0.0008092745385988787,-0.0007058442241013647,0.00019386561229975353,0.00038316514756944444,-0.00013370706577493736,-0.0007589128282335061,-0.0002785114326862364,-0.0005472741945825465
50,7.041777023158867e-06,7.97907511393181e-05,-2.6462054011802543e-05,-4.001037038938912e-06,7.105295104209704e-05,-1.2586213121509723e-05,-2.1929090673274803e-05,-0.0003565104320795828,-0.00017952678179499954,-0.00014924641811486596,-9.351788145122931e-05,-0.0004923849394827178,-0.00011710325876871871,-5.064588604552164e-06,-0.00012835468908753398,-5.92578541148873e-05,-4.704131020439971e-05,-1.4311135417269614e-06,9.340168249723488e-06,1.913850957697098e-05,-6.750376537598156e-06,1.8419641436952183e-05,1.1573084677103465e-05,6.409305514710944e-06,5.1795834242689044e-05,4.8358633060634025e-05,2.1660267704658116e-05,-0.0007155254633739747,2.912650204668271e-05,7.065378054223882e-05,4.4131519818538584e-05,9.077968019421608e-06,0.0008207956949869809,7.961735580906261e-05,8.123571222478278e-05,-0.0008281360973011364,0.00024571563258315635,-2.8285113247960198e-05,2.625253465440823e-05,2.011385830965958e-05,-1.5679784495424538e-05,-0.001805353646326545,-1.1079540156358591e-06,-2.5427552184660625e-06,-5.2449679133872334e-05,1.9398000505234512e-05,-0.00013608583296188296,-5.854109320977495e-05,-0.00036771128876040974,-6.956042665423593e-05,-0.0002117445974639,-0.00033197258457992693,-8.043616709068124e-07,4.685045492770551e-05,-1.1893835934743997e-06,3.3240125636855276e-05,-2.310131535385342e-06,-1.7592401215517e-05,-2.7593940195409596e-05,4.9369503753036254e-08,-0.000581912320069592,-0.00044635449997102063,5.006489127574414e-06,-3.2159415158325973e-06
51,0.0002206359246764505,-0.0008350719105113636,-0.000489514283459596,-0.0003269079959753788,-0.0011761886904938061,-0.0005095558937149771,-0.0005770018606474899,0.0005020854449031354,-0.00020582266528196727,-0.0001138858120850764,-9.328066700636233e-05,-0.0002995645157014448,-9.112737395547755e-06,-7.132358021205483e-05,-0.00019155186836165549,-0.00012257123234296426,-3.659725189208205e-05,-1.5519183091444537e-05,-0.00013273894184767903,-0.00017667418778544915,-0.0005349968418930548,-0.0004965560604827565,-7.060079863577395e-05,-0.0005144494952577567,0.0004916239266443727,-0.0007824825518059035,-0.00026534302066070733,-0.00023896405191132727,0.0005654710711854889,-0.0001662259150033055,-6.329170381179988e-05,-0.0009299191561612202,-2.424704908120035e-05,-0.0002716045186977168,-8.985610923382412e-05,8.705890539945683e-07,2.9336924504751923e-05,4.660601567738056e-06,-0.0001993600768272271,-1.1195438076755002e-05,-0.0007527187617138193,-4.1427034320254865e-05,-6.37372334798105e-05,-4.487386857620362e-05,1.97962679044144e-05,-1.2259892743038678e-05,-0.00020009219044386486,-0.00040994509302004234,9.186415359224315e-06,-1.730039866283743e-05,-0.0002122467214411009,-8.750142473162143e-06,-9.13895741857671e-05,-0.00020375877919823738,-0.00012472542849454015,-1.4606148305598056e-06,-0.0004264585899584209,-0.0013349899137863012,-0.00010125323979541413,-0.00016249069059737982,-0.0005404154459635418,-0.00020281232968725262,-0.000431291984789297,-0.0015270059758966616
52,-0.0013187292850378788,-0.0024861807775015776,-0.003232088955965909,-0.004958046807183161,-0.0008478261003590596,-4.506351971867072e-05,-0.00211415146336411,-0.0009929001933396465,-8.360544840495051e-05,-0.00039690070682101757,-1.642920754172712e-05,-3.358209976042056e-05,-1.7568318530763555e-05,-3.596146901448763e-05,-7.576638399951611e-06,2.5701041173457595e-05,-0.0029683931909426334,0.00016831388377180003,-0.00024778072280112724,0.004239169034090909,0.0001085201899210565,-0.000614816492254088,-0.0078081265844479955,-0.000671714243262705,-0.0036146375868055555,-0.0015926842737679534,-0.0010404394130514132,-0.0035671465324633015,-0.00015597873263888888,-0.003725201192528313,0.0006260727391098485,-0.002378521543560606,-1.1538917368103933e-05,-5.3034436823144755e-05,-0.0008201984444049879,-7.921035843666653e-05,0.00031446206449258185,0.0002762946215542895,-0.00039753769383285857,1.0936549215589364e-06,-1.5938372323007452e-05,-3.0190279387462025e-05,7.287179580842392e-05,-5.06458860455737e-06,3.6763422416914856e-05,1.8643008338060317e-06,-3.405532451590487e-05,3.8502192256249814e-07,-0.0005429971097695707,-0.0008622371789180878,-0.0014512033173532215,-0.00031654280845564743,0.00024277995331118917,-0.00022908172222099258,-0.0003529148872452559,0.0004793417574179293,-0.003986416441021543,-4.434705984712661e-05,0.0018976770266137951,-9.37364318154068e-05,-1.5655551293883315e-05,-0.00028500412449692226,-8.577048176466695e-05,-5.975877395783879e-05
53,0.006892348780776516,0.005242655975650056,0.0016393950491240537,0.0013902452256944456,0.001024024655120541,0.0011416348544034081,0.002215915256076389,0.0008836611352785677,-2.552644170896256e-05,3.262962957825418e-05,-0.00022596120834350805,-3.713248956082794e-06,-5.573937387177322e-05,-1.2453758355407688e-06,-1.0468140997064937e-05,3.012698708158472e-05,0.00013749286381885208,2.963133532591211e-05,2.7123123708151317e-07,-6.920761532277367e-07,-3.3007727728944025e-05,0.0001463143512456104,3.7689401646077046e-07,0.0001322621046894716,2.117831297594299e-05,-1.2162959936897955e-05,3.2972807836048166e-05,2.5185671719636697e-05,2.1757200510803475e-05,-3.5100513034134415e-07,-0.00015571081277095892,1.917719238936356e-05,-8.669766512783939e-05,0.00014225160232697373,-0.0001638874863133263,4.099836253157068e-05,-0.0002691240021676703,-0.0011426848594588473,-7.922239977904042e-05,-0.00012494096852311659,6.321855265685843e-06,9.068635979077487e-06,0.00019120447563402654,6.868773036533039e-05,3.9505236076576895e-05,8.548510195029131e-05,-4.0906246262367e-05,1.1827608551645191e-05,3.206007408373232e-05,3.354717986752634e-06,0.0001925434729065539,1.3915426803353728e-05,-5.0455632835926874e-05,-0.00039564961134785356,-3.500659056384489e-05,3.505957247031275e-05,-2.036492029825705e-05,6.39985306094393e-05,4.136682760835951e-05,-0.00017187089631051777,-3.8069305997904354e-05,-0.00010217169318536906,0.00011723210113216519,-2.6575242630156867e-05
54,3.6614711838552455e-06,3.7233034769695086e-05,1.8258889516195135e-05,2.259016036986743e-05,-9.653845218696916e-06,6.687460523660559e-06,-1.3292324964432988e-06,5.0775330476088506e-05,0.0003773082386363636,-0.0009740386346373865,-0.0002244506219420778,-0.000248803032769096,-0.00011940195102884158,0.0010019938151041678,0.00013678964942392727,0.0001140941273082414,-7.691527857924763e-05,-3.933003454494492e-06,1.2598856531008577e-05,-3.3600161773989214e-05,-3.583729267120048e-05,-0.00012310948034729746,-0.0011121191159643318,5.798628835967218e-05,0.0002726978725857172,6.655249932799815e-05,-0.0003011082157944174,0.00013770238317624487,0.00013296291081593125,5.1811487987787205e-05,-1.2424257066515794e-05,0.0009669486922447126,-1.1183998801491727e-05,-7.404943909307556e-05,1.87980406212035e-05,-8.338870424212528e-05,3.126895788943454e-05,-3.852206047136054e-05,4.162993093933293e-05,5.420530685270404e-05,9.687922217628507e-05,-2.4322307471068712e-05,8.220504028628718e-05,4.563307521319629e-05,-9.677325836339461e-06,9.091213496070305e-07,9.557213446107015e-06,-3.101247729676567e-05,-1.392822072963642e-05,-1.0317323183776388e-05,-1.9245075457050377e-06,2.0693799461970183e-05,-4.177201877940472e-05,-3.355019020308288e-06,6.425711843703633e-06,-2.336471971838737e-05,-0.0002220808857619172,-7.499799583897285e-05,-1.28974065635828e-07,-0.00015351085951834594,-8.227021405190841e-05,-0.0002036805104727678,-0.00018378700872863975,-0.00021272717100201898
55,0.0002131413931798495,-6.757601343019906e-05,-2.6298291755444527e-06,-0.000353158122361305,4.602923537746242e-05,4.763555045079833e-05,-5.3190221690166635e-05,9.398026899857979e-05,-0.0002840504501805162,1.4312941618640674e-05,-0.00011875171854038305,-0.0003584274137863005,-0.00010803010728624668,-0.00010950878413036159,-0.00030613908864030704,-0.00019957802512428585,-0.00012546115451388896,-0.0021116468641493072,-0.0001806779341264212,-0.0007418237551294192,-0.0009965992937184343,-0.00011630973430594947,8.753935496012664e-05,2.7259190877278143e-05,0.0001103372284860303,2.006027433607042e-05,2.2156220493896876e-05,0.00017106141706910415,-1.331471433542975e-06,-0.000182845375754621,-1.8003914091325944e-05,-2.674954106109232e-05,-5.683513602825107e-05,-8.453624417083065e-05,7.396996623338041e-05,0.00015448199378119626,-7.3994048918174e-06,0.00019043623799025559,5.962571712457764e-06,2.52826045257899e-05,-0.00021456708811750248,-6.87656980572319e-05,7.137505695073921e-07,-0.00016118300081503648,-2.14239563604845e-05,-1.659056152960882e-05,-5.9276518195572376e-05,1.1771917343139806e-05,4.633659064168089e-05,7.846018280645658e-05,-9.29188999262183e-06,-0.0001744609890562084,-3.856089380052215e-05,1.7238686783139995e-05,-2.2688297310258945e-05,1.6145031861588162e-05,-3.925959269205557e-05,-0.00035638520211884344,0.0002720620897081179,0.0001597211818502406,0.000323863944622004,1.0798675845365628e-05,1.1109342478738582e-05,3.06331750118384e-05
56,0.0002174184779928174,0.00016578038533528804,-0.0003330274061723196,0.0013379665336223567,-0.0002979317096748748,-9.929050098766464e-05,-0.0002034216216116273,-0.00011295742458767273,-0.0021487149325284103,-0.0010040938252150414,0.00013889929260870636,1.0904639658302049e-05,-0.0004168038416390464,-7.367374921085858e-05,-0.0009400724160550828,-0.002278164179638177,0.0029954621286103233,-0.0012190269701408615,0.00014731859920000883,0.0007799899939334768,0.0001163675327493697,-0.001270525383226799,0.00533867845631609,-0.0011322137081261837,-6.160290554316092e-05,-0.00018670342185280036,-0.001459246934062304,-0.0006372760040591445,-6.025487726385335e-05,-0.0014095980711657636,-0.0006207215665566809,-0.0005015447886303213,-1.745573197951676e-05,-0.0009982947147253814,-0.0006711314422915678,-2.4404188599247377e-05,-0.00019709510032576082,-3.2259358300098816e-05,-1.2679533524947203e-05,-0.00021801332030633308,-0.00018986788662997577,0.0006509260697798293,-0.0028956586664373235,-0.000786290024266099,-0.0014791006993765778,-0.0005609146272293256,-0.0005073740024759304,-0.00039043811836627984,-5.788167919775392e-05,3.310887500492213e-05,-0.00012545392970846384,-8.61464726804534e-05,0.0004480727995284866,-0.0036968655056423606,-3.846365996080998e-05,-3.999035165768348e-05,2.5732348663653167e-06,3.6846507679332735e-06,-5.7498915026897005e-06,-3.096039849098263e-05,0.00011020718198833418,-1.964785835959729e-05,1.3707563130538825e-05,-1.510887434987933e-06
57,0.00042208758267489176,-0.0004278240781841848,-0.0005162267973928727,-0.00017276436391503,-0.004765313081067017,-0.0008692115244239292,-0.0003692598053903303,-0.0006335720871434049,0.00016484116062973436,1.9463625821199716e-05,-2.2275279266668275e-05,-0.0006241244499129479,-4.207124613752015e-05,-0.0002829546880240375,-1.1860722243181258e-05,9.394173670296668e-05,-6.975549640077588e-06,-0.00012251343389953835,2.481419630725451e-05,2.7872697271479545e-05,2.7629462155431515e-05,-7.49212322813193e-06,-7.022510875355109e-06,-7.484409243168036e-06,-0.00030912534155026663,-0.002301379887744633,7.749085474495689e-05,0.0001389474579782195,-1.2474830704498985e-05,5.6420913850422234e-05,-0.00013498826460404468,8.988410535482927e-06,-0.004168346674755367,-0.0006530260798907031,-0.0002931175809918015,3.703314848620217e-05,0.00027348778464577294,-0.0007610092259416674,-0.00044607754909631146,0.00024834064522174945,-0.00011855664879385104,-1.2209243846664706e-05,3.677064722234445e-05,-0.00014037676531858894,-7.294645213119114e-06,-5.381938182946287e-05,-0.00013459752304385828,-5.74287742075316e-05,-5.0114260779484116e-05,-3.644522994455832e-05,-7.95481180907044e-07,0.0012432734171549471,-4.012476314198178e-05,-0.00012935472257209616,3.0919758960450205e-05,-7.314272601194949e-05,-2.3643175760905518e-05,-3.624444056037928e-06,-1.1587082737622683e-05,-6.580142059710879e-05,-3.693802188141323e-05,-8.986002267006649e-06,-1.1693046550560344e-05,-4.233179068324608e-05
58,5.164290919448282e-05,0.0006424585978190026,0.0013102280973183987,9.362625353264628e-05,0.0002961881232984135,0.00017719572842722438,0.002064271406693893,0.0009587702125009818,-5.704465538564266e-05,-0.00021178312975950837,-7.461839252049114e-05,-4.9852963649868225e-05,-6.591912471885906e-05,-9.978961462927116e-05,-0.00020595150764542278,-1.2148961876378892e-05,-8.461752323187179e-06,7.780212344523521e-07,2.677693511503632e-06,-7.995451339567692e-05,7.10824523309256e-05,-1.2855638157236178e-05,-7.551125805788283e-06,1.0252600968487932e-05,0.004884893243963069,0.0028488563768791436,0.0016600676257200917,0.0017816948168205525,0.002135035967586015,0.0005250025277185929,0.0013630992234355272,0.0007331925209122475,1.1405408984487968e-05,2.625313672152344e-05,1.0329364526151945e-05,-0.0009491467716717949,-4.797797612469353e-06,1.4590419302084094e-05,-0.00018330234469788803,-0.00012335030719487283,1.462421031913818e-06,-1.5197378216369799e-05,-0.00011011807605473542,2.404054005938322e-06,1.0471151332660984e-05,2.4485467660306585e-05,-3.182285963886597e-05,7.790748519123943e-06,-5.819099118011365e-05,3.820838350238197e-05,-0.00018258769102771157,5.394671902510042e-06,-0.00016754203372531347,1.2371275160046199e-05,5.88460402055116e-05,-8.55513293333697e-05,-0.00011317416875049372,-1.4028314388156518e-05,-0.00010267773059883633,-0.00010462842806420842,-0.0004597203900115654,-3.027885851233309e-05,-0.00011012530086016323,-0.00023136476073602305
59,7.504887051052474e-05,-2.1794829705753438e-05,-4.169766349019309e-06,3.3276550697551096e-05,0.00016509523295393525,3.073372022069422e-05,3.9588321339002825e-05,-4.253935332249943e-05,-0.0009079701972730243,-4.9176842275287254e-05,-3.8381778832637655e-05,-0.0010463685700387666,3.557494192411864e-05,1.7417801751031135e-05,-9.060146832707007e-05,-0.00011265157449125408,0.00010272710010259296,-3.222895391059196e-05,-0.00015417493955053747,0.00012909282337536212,-4.804495609168233e-06,3.0605479924363484e-05,-2.1177108841716626e-05,0.00019404864070391415,-8.660795712711795e-05,-1.3493076719417316e-05,-8.42600458799935e-06,-0.00012566946973704203,-4.858320409601161e-05,1.0707161643288616e-05,-9.507001048386815e-05,-2.094109853108238e-05,-2.329111701310798e-05,-5.142857330014388e-06,0.00023369837288904542,-0.0009101713546598798,-1.6166104210749565e-05,-9.706225058047797e-06,-0.00042925940619574444,-0.00016363943466032155,7.598990141743451e-06,-1.2388133039379418e-05,-9.21210857352881e-05,1.9448574143228688e-05,-4.1115163552638774e-05,-6.173897271202739e-06,-1.584881483907173e-05,7.185840395962709e-06,-4.113939675417883e-05,4.469746291039172e-06,-0.0004957830063020279,-0.0005673260399789525,6.953574190236797e-06,-9.847409797440355e-06,-2.3668462579901278e-05,-7.09090570006697e-05,-0.0010271843033607575,-0.001556666210444285,-0.00018689367506238982,2.0951935739225888e-05,7.523430718315958e-05,-1.3625983035930241e-05,-0.00010990374016039393,-0.0008533651178533367
60,-0.00016781657633154807,-7.550674255446737e-06,-5.1068838196564294e-05,-2.8927217830311544e-05,-0.00012131471826572687,-0.00026554772348115436,-5.814463201195808e-06,-3.152363228075578e-05,-0.0011341981213502201,-0.0014249050255977745,-0.0007188777730922501,-0.0006000875222562528,-0.0006723885584359202,-2.9274911591504036e-05,-4.469746291034337e-06,-0.0009549651483092646,8.873987679529798e-05,-0.00037714447638001307,-0.00023351293621641246,5.406081074416361e-05,-3.6596047757851534e-05,0.0013462220779573123,0.0005658323114568532,-0.00291226849411473,0.00014071994357638985,0.00821508542455808,0.006861831202651515,-0.0005024611347853535,0.005210182883522727,1.082324770965867e-05,-0.0035512230613014926,0.005710177951388889,-4.7678748766584725e-05,-0.0002803224505800182,-3.178191907477776e-05,4.059858996458785e-05,4.941766912287821e-06,4.2834065177223926e-05,-5.4937420469342415e-05,3.248152106699873e-05,1.8793148825885633e-06,-8.79183562114761e-06,-0.00016605071347168822,-3.927765470562557e-05,1.6810014994455337e-05,-9.11303842910401e-06,7.079436321450407e-05,1.8962404944679953e-05,-0.0006072593457771101,0.0010531936028991048,-0.000721835126780499,0.0004181428389115768,-0.00026851230197482426,0.00019428705928301471,0.0006780142735953283,0.00112606780697601,-0.00027903402694547943,-0.00034898218482431684,-0.00025793518682922726,3.584948453036566e-05,0.00038524107499556,7.473820387715327e-05,-0.00010679225728969399,-0.0001813666989104924
61,0.00012609452912301335,-0.0003489195698439481,-0.00440927707787716,6.29834454469024e-05,-0.00016157434444235183,-0.0003638026690242263,0.0008174241191208951,-0.0001908600932419899,-8.579456444933741e-07,-4.183643996113093e-05,7.102435285392126e-06,4.344817363853189e-06,-7.298408132612761e-06,8.500435135584716e-06,-1.789283270787771e-05,-6.823467485832432e-05,-1.380238870174576e-06,3.043569699682184e-05,6.065224156234986e-06,-2.308174817249265e-05,-3.384821342703086e-06,-5.624812058726764e-06,-5.212396082254238e-06,-8.82663510062462e-05,9.830551918107354e-05,3.670697862452187e-05,0.00013001157779886336,9.735064073042489e-05,4.776619901560518e-05,-3.74064300999945e-06,4.559544601826093e-05,5.743328971091922e-05,-4.1211494291952534e-07,1.8697043862001732e-05,-6.713530029913682e-05,2.610502821026158e-05,0.00226511618103644,2.305164481657533e-06,-5.007091194693453e-06,-1.5140783907184451e-05,-0.00015005198392001163,-2.538676213736026e-05,-4.8194494512347574e-05,1.6010168826942393e-05,1.6328060265739742e-05,-0.00010192710341829281,-2.413837596625702e-06,-0.00015800830089684323,-1.9064455321364166e-06,3.3273841395525327e-05,8.690838861940745e-07,0.00010003044147683384,-7.085607509420749e-05,-0.000458996705334597,-1.2653042571711993e-05,3.434130639740769e-05,-3.0554003185696735e-05,-2.2788541485566044e-05,5.286089097610584e-05,1.8944041897548396e-06,2.0561194179033142e-05,-2.2492324463043555e-05,-0.00014599766394104738,-0.0001282150095159334
62,-3.772793394146695e-05,5.093487826282447e-07,-0.00013404542749577777,-1.8544871397685807e-05,-9.649179198522266e-06,-2.3583721632911173e-06,3.6863064525079973e-06,-3.244840737545312e-05,1.6449677823770177e-05,3.273860372678283e-05,9.30554939038809e-05,2.650916576385201e-05,-0.00011071773490521183,8.846292592058373e-05,3.3759559043723016e-05,-2.726340534711406e-05,-0.0005258502382220625,-0.00022220129918570477,-0.0007288191053602434,-0.00017159755783851665,-0.00046506674602778304,-0.0014827612674597555,-0.000993709371547509,-0.00012688684945154344,-4.315376281737877e-05,-3.793263676190748e-05,-0.00013761448137687186,-0.0006967409692629394,-7.013118628299666e-05,-0.000977545073538115,-0.0005095607102519329,0.00015925397776594396,2.0696057213652943e-06,4.0729840596556066e-06,1.3397197530724237e-05,-2.8607821223710998e-05,-0.0004061496619022252,-2.5676356421576856e-05,-6.163240683198964e-05,-6.552416868883844e-05,-4.291082873489546e-06,1.8149877738467826e-06,-0.00011700331562697337,-1.2242733830150848e-05,-3.0046159570831987e-06,-0.00012335512373182658,9.811887837420808e-06,-4.9860188455273405e-06,-9.853430468627646e-06,1.8611550331115943e-05,3.286323162040328e-05,5.106507527709318e-06,3.053819892382059e-05,3.436117461233387e-05,-0.00012195712388163466,1.348389519586006e-05,-9.050513758804092e-05,-1.1324581473765409e-05,-1.278128286804528e-05,2.573957346905991e-05,-3.6553752542727565e-06,-0.00010377620205734911,3.1919529040652605e-05,-9.351155974647747e-05
63,-0.00011693106757269867,5.690377167980919e-05,-1.8481804866984694e-05,-8.779101901584386e-05,-0.002213256527679137,-3.352189304851991e-05,-0.0002159072895242603,-0.00013639950993085104,-2.163377675143177e-05,2.0668061092640345e-05,-8.633762899071204e-05,2.4166974154316197e-06,-0.0007610850863986536,-3.657768471072204e-05,-4.628692010440565e-06,-3.1312908789119026e-05,1.911322275797633e-05,-7.364003345219598e-05,-0.0002426378654711172,-8.297929860124782e-05,-0.00025918748643662635,-1.7728468384405446e-05,-0.0006392604172831838,-1.6720608027291902e-05,8.597518458509444e-06,-0.00019083360228875758,1.4412884760390066e-05,-2.122647834546682e-05,-8.127605072174414e-06,3.0639195683087467e-06,6.529116871382247e-06,9.081881455705511e-06,-0.000921461317274305,-0.00036043109315813684,-8.199190852617945e-05,-0.0009429334390043011,-1.34176678127677e-05,-0.0003872038138033161,-0.0009337434865007505,-0.0006418902464587283,-1.597645306828272e-05,-6.517015322289948e-05,0.0001475738756584434,-7.62012269761854e-05,-0.0020021380800189395,-0.00013511590283327073,-4.1605246187458046e-05,-0.0009172998293481718,1.1301251372906039e-05,6.826839061700481e-06,-5.481068534065601e-07,3.217220908463626e-05,3.797718972870899e-05,-0.0001210931575659578,3.3874102313106346e-05,-1.3591063143033924e-05,-0.009785970052083334,-1.49041715294419e-05,-1.921798243667459e-05,-0.0005853633687953767,-0.002273617368755917,8.56669262202118e-05,-0.001632343639026989,-0.001006116770734689
64,-1.690363643145314e-05,6.284256174106338e-05,-2.843954346397278e-05,3.788687966086147e-05,-7.779429657290899e-05,2.1842995075244875e-06,-5.862628570713639e-06,1.4859618562637568e-05,0.00011544516592314793,0.00016367555868745958,6.247349459714681e-06,2.7183330420286703e-05,5.324681599933632e-06,-1.3817440379856012e-06,-2.4227180866261995e-06,-0.0001035555444582609,1.7593605349764035e-05,-2.913342581854787e-05,-2.9639839523968896e-05,-1.1856959323682312e-05,5.970248068220312e-07,-1.0140541225970687e-05,-3.053744633992668e-05,1.4356290451197612e-06,0.00045232820992517994,0.0011258558793501435,0.00010281861430466709,-0.0002523480039654343,0.0005525434860075363,0.0003648526740796606,0.001009544940909956,0.0005452560655998478,-0.00014555574667574563,-8.689785244488893e-05,-4.174488812987562e-06,-3.0117805558020422e-05,-8.070649522723485e-05,-0.00013106278698853647,-3.37229834662527e-05,-2.5442754379425645e-05,0.00018963669285629694,-0.0010402082192777393,-0.0004234506626321788,-0.0002846573338364101,-0.003648931329900569,-0.0002233331853693182,-0.0019831031259864252,-0.0019770824547969907,-0.0004426469706525691,-0.0014177765509094838,-0.0007581253244419256,-0.0002158205918591402,-0.0009178224236074088,-0.00042073413579150833,-0.0028062444744688074,-0.0002390447289052621,-0.0002549441173823192,-0.0018008742669616072,-9.933625808870159e-05,-0.000574514119312018,-0.0009713943558509852,-0.00021389277294428584,-0.0013059076636728617,-0.000164576251097403
65,0.000178115536468199,0.0004158935161552024,0.0003710660067471586,-0.0002677609222103859,-0.0012734923699889514,-0.00022563549003216599,-0.00024421768959122426,0.0004172276968907828,-2.2294846448028372e-05,-2.5636017924606488e-05,-3.6835369437626184e-05,-1.0558187660543043e-05,2.4191056839210935e-06,-2.0081647718792907e-05,8.433154135038758e-06,-0.0001994046297940333,-0.0006124323064630698,1.9625581876197334e-05,-0.00011912018361717581,0.00014894177215268457,-4.992942617393231e-06,4.061303957544243e-05,-3.2538717443290994e-05,-0.00011708760502362595,-0.00016408767363038483,-2.7968425943390365e-05,-0.00019437857348509585,-5.761782328324067e-07,-0.00018351246612240469,-0.00016513376524954129,-1.4665752950339294e-05,-0.00011705629753344317,-0.0006369292133986333,-0.00019555140023279398,-3.0521190527715175e-05,-8.677533178618462e-05,-0.00028238392839528186,-2.8300766993051763e-05,-0.0006257975944364903,-0.0005066996873027142,-0.00016310690629361597,-2.8134295434660922e-05,-6.479687160916262e-05,-3.617008527119926e-05,-0.00014914647497311998,-4.0670838018861575e-05,-5.818135810620914e-05,-6.571562603265665e-05,-2.3651002633452732e-05,-1.7119025943278544e-06,3.566103752213412e-05,-1.3626585103039903e-05,1.71191764600388e-05,-3.843144936994792e-05,-2.7508898214859385e-05,1.4376760733252175e-05,3.4253254081262966e-05,2.2276031850562465e-05,1.7198047252620413e-05,-2.506969854082796e-06,0.0001501507229275101,7.218483722572371e-06,-0.00010696565261995049,-8.140022706502623e-06
66,-0.002904102055713384,-0.002340249340943616,-0.0007340209652679131,-0.0001543459266123114,1.3804495936690659e-05,-0.00022378593984276004,0.00039023582381431945,-0.00013047035294349598,-1.3574506297248749e-05,0.00013804315316556998,3.157710336675361e-05,8.013152112864734e-05,0.00020433796776665692,0.00017680619100127404,0.00016163154081864412,-3.630946380923136e-05,-0.0001064165674074624,-3.1951099935205076e-05,1.176439150413265e-06,3.2959562359436234e-05,-0.0010683367950747717,1.7965682829269266e-06,-0.0002512209343187758,2.5221795746770097e-05,-3.5497877332886622e-06,-0.00537552496399542,-2.0603639910920787e-05,-4.886376737345753e-06,0.0001514993532739526,-0.00014912419848972213,-1.7119025943256474e-05,2.6434960991444452e-05,6.009111500749897e-05,-0.000563958678582701,-0.001187372689295296,-0.0007094758929628303,-0.00034826452081853336,-0.0035258591777146465,-0.004092360987807765,-0.0022344492902659384,7.2335354005487375e-06,5.6726763946867045e-06,-6.46391300239984e-05,-5.7346291012228e-05,0.00010748824687919692,-2.8590662310840776e-06,-3.815209022676161e-05,-1.9352845471313383e-05,-0.00024263304893416243,-7.868716211032565e-06,-0.00020809005005191215,-2.974000844088133e-05,-9.187115262252993e-05,-4.4478912546173504e-05,-8.903368554934322e-05,1.9303777001200997e-06,2.5443356446583437e-06,-6.95026282108533e-06,0.000236712320886485,-0.00017806737109868142,1.0807104785034651e-05,-0.00014592421175253081,-1.0232130686443163e-05,-3.0470315856160516e-05
67,-5.124674903022126e-05,1.2370071025803669e-05,3.9821923381151255e-05,4.532963338525733e-06,4.69612352781802e-07,7.843188565186727e-05,-1.809813759543944e-05,0.00017227909781715865,0.00029015420663235574,-0.00018200729832504585,-3.1625005331907194e-05,-3.378168501034797e-05,-0.0001639440806225097,9.196394621723441e-05,-2.6319966171727537e-05,-0.0001284871438537014,-2.084055332221928e-05,9.756377249052634e-05,-0.00025765341941756827,-8.92106932823108e-05,1.5158243853637943e-05,7.35677853979251e-05,0.000796549247972894,3.225875623298601e-05,3.3908420138898878e-06,-0.0009667849299883606,-0.0019476738843050882,-0.00012923250294695043,-0.0013284008912365817,-0.0002229141466545341,-9.554263317223952e-05,-0.000529433741714017,-0.0032777111939709586,-0.00531818890812421,-0.00021287166711055858,-0.0022979216142134233,-0.00036541620890299383,-0.0004778197317412404,-0.00030287588485563394,-0.00028629013986298656,7.433180857186694e-05,-0.0002756004381661466,4.799077005096724e-06,2.6542731005741315e-05,-1.4021842166629704e-05,9.354467343797668e-06,3.5822993576882356e-07,-8.918781473179037e-05,-0.001112003519077493,0.004718905747538864,-5.547928087639265e-05,0.0018849806352095172,-0.0004110673461297566,1.5604375588774825e-05,6.961581682918313e-05,-0.0002278703631776745,-0.00044967188979640313,-0.0003617315581350606,0.0004821208992389743,-0.001402207095213611,-0.0017746578563343407,-0.0069481230745411845,-0.0012600927641897449,-0.0009552252413046455
68,2.1224070076990924e-05,-9.241068001950271e-05,-3.6473226065543007e-06,-4.163820936221002e-06,-5.16874621613049e-07,-0.0001218108215717343,1.9065659455577573e-05,-6.537485604334029e-05,-0.00029897208165640776,-0.0006226048325047331,-0.002445105350378788,-0.0007481237854620405,-0.0005257081503819921,-0.000833964107012509,-0.000493752835976962,-0.00047581605236939696,-0.0012199517452355585,0.0002435433744180101,-0.002119362956345683,-0.0012858949526391888,0.0019392485570425913,-0.0010864084417169777,-0.0012283132533834444,4.095983023595457e-05,9.13408067491313e-05,-0.0004234458460952311,0.0004609233201152175,0.00024481975671016264,-0.00011356189997509517,-0.00047730917882437825,0.00034093375157828536,-0.0009914166999585668,-4.630784193674743e-05,-5.8388770228678645e-05,1.3372813812403737e-05,-2.604497201514638e-05,-6.123022599682522e-07,-2.1593287737682393e-05,3.849135504827675e-05,2.3725056889086135e-05,-0.00011499150834902498,-7.193979590830303e-05,-0.0014405202383946899,0.00017713296293008686,-0.0008083497635041823,-1.9321537981131706e-05,-0.000341742929786144,0.0002531475490993929,-0.0006311806765469634,-0.00020432472229003941,0.000844512322936394,0.0011676586035526144,-0.0016584492693043707,-0.0039030421863902698,-3.363628580112597e-05,-0.005066495953184186,5.883881540009496e-05,1.8910928206015755e-05,-0.0014123916625976584,0.0001866287655300591,-3.6810383652165124e-06,3.5476202916617154e-05,8.0330203277897e-05,-0.00039392529111920003
69,0.00018007586700747436,-7.772325265286539e-05,-2.0278824700254835e-05,8.398535275702199e-06,-1.3950798246599285e-05,-1.3107001179387633e-06,1.236706069021236e-05,1.667229214099531e-05,-0.00018817728215997584,2.5595829944415125e-05,-3.2601633457218614e-05,0.00018113731133817082,8.151928583780986e-05,5.274107961943231e-05,3.518119002833453e-05,3.908002617383143e-05,-0.00038303510107175155,-1.9434425565933456e-05,-0.0001550346913963813,2.8376175899701526e-05,-2.8609025357948414e-05,-0.0001159051452020195,-4.868555550623432e-05,-0.0001229734131784135,2.2843630626946423e-05,-0.0001004392450506054,-0.00015313215930052486,-3.6840487008121465e-06,0.00015661571965072953,1.1858313974711097e-05,7.982928343493557e-05,6.7772287310969e-05,0.00156670387345131,6.913416313402816e-05,0.004208767052852745,0.0005024563182484062,-0.0027097451566445697,0.0015201761264993677,-0.0019343212397411615,0.012457452639184817,-0.0003975184276850552,-0.00013604790273338648,-0.00016158819198608702,-4.5547581682303205e-05,-0.00018807192041417033,-1.5335853653724238e-05,-0.00017627200694999204,-8.672776848381082e-06,-2.25413929332158e-06,3.0179216404155893e-05,-0.00011214824637981313,4.784567187530949e-05,-1.774532626373628e-05,5.546784160112927e-05,0.00013469445585000185,7.13873993266667e-05,-0.0003474216268520198,-0.0007656343055493887,-0.000926783590605764,-0.0003181948806300323,-0.0009676085578070768,-0.0024456640686651675,-0.0004957565153488001,-0.0004621202295476705
70,-6.824551206647186e-05,-1.8488277088514703e-05,3.8041008843315976e-05,-1.742653172425288e-05,7.210596643313265e-05,9.812249077691673e-05,-2.0956752276179776e-05,6.12278177280623e-05,2.4506540009469696e-05,0.0007563167148166261,-0.0007335296784988577,0.00022000014179884646,-0.000814341535471906,-0.005622940834122475,-0.0018497813831676142,-0.0016025967068142384,-1.0730040193808035e-05,-0.00017150483950219777,-0.0003323639282072462,-3.3218300703802325e-05,-8.417951940285957e-05,-7.483995322023729e-06,-7.622711586229053e-05,-3.268020321624606e-05,0.0010205663815893303,-0.0006357636114563635,0.0008559997635658354,0.00016799117579604543,0.0004878862939699752,0.0016241651592832605,0.0011049713751282344,-0.003305512245255287,-4.5684852985421436e-05,-0.0005379204798226424,-0.00017740268899936603,0.00021510654025607678,0.00014076810894590304,-0.000126096937391493,8.356691610925033e-07,-0.0023575599747474745,2.5518012769295805e-05,0.0010842410000887787,-0.0005036363698015322,-0.0003228139395665602,-0.00014772318830393738,-0.0019034954032512627,-0.0003630512892597867,-0.0011240930268258769,8.023507667309906e-05,0.00011190260299528563,0.00013334221310085925,4.20790730100706e-05,-9.84307491418091e-05,-4.2310868850864695e-05,-0.00015896077107901564,0.0013378413036616173,-9.017911824310844e-06,1.8093321058483128e-05,-5.18169065918572e-05,-0.000390727110583372,6.271733178033078e-05,-0.0009951687822438225,-0.0002373890443281704,-0.00047322957202641824
71,-0.0015532223865239315,-0.006085887099757337,-0.0015736252370506828,-0.002209750088778409,0.00039444066057301656,-0.0016346266775420233,-0.002116892072889543,-0.0012858780947598543,-0.010289799083362926,-0.0004949088048453283,0.0032605835885712595,-0.0005884315028335085,-0.003894497649838226,-0.002233139192215119,-0.009092388731060606,-0.004863266993050623,-0.00010206121386904111,-0.00031240781148274906,9.524220167988515e-05,-3.093751994046977e-05,-0.00028795184511126867,-4.52140364983987e-05,-0.0006976850105054454,0.00021295354823873077,6.219594165532351e-05,0.0002244897563048063,0.00010934020533705779,7.135850010495908e-05,-0.000150222970981789,0.0003817575146453584,-0.0004000808253432768,-0.00014403372099905352,0.00047950311140580666,-0.0003428411002110969,-0.000393143807998816,0.000945409138997396,5.702779750631313e-05,6.446934709645192e-05,0.0001525108260337717,0.00022357401221689496,0.0009069731741240525,1.3059437877000922e-05,0.0006243676850290006,0.00025288023129857554,0.00010211058337279093,0.00019844373067219785,0.00019254588117502855,0.0003948982315834104,-0.0003100308504971626,7.848546962544593e-05,4.2590980577951096e-05,-2.6076731055674627e-05,0.0004158694334704456,0.00023446781466705455,0.00012399692728061825,0.00029685882606891997,0.0002587588146479431,-4.579081679835739e-05,-0.00016202107824460273,-4.367515294238624e-05,-0.00047484311190518246,-9.951597512370518e-05,-0.00010242365827463828,-5.4577384332207054e-05
72,-0.0025804307725694445,-0.0004862655292857758,2.959280303030303e-05,-0.0034050989632654666,0.001885577885791508,-0.0010490610141946797,-0.003230855922506313,-0.001156527586657591,-0.0002931874207776001,-0.0009577202074455496,-0.00046831188779888894,-0.0005451549183238636,-0.001073432691169507,0.00043474062524660436,-0.00042508828519570706,-0.0001219161833175505,-0.0003635907413983576,-0.003575874097419507,7.577496345597365e-05,-0.00015258307408805164,-0.00019600415470624242,-0.0016504923502604172,-0.0037165169764046715,-0.0005749018505366161,-0.0016767713758680566,-0.00021707168733230907,0.0009328861429233758,0.0016509162055121525,-0.00015996682523477073,-0.0017870893382062806,-0.0004603308860701759,-0.005598135668822008,0.00019788260411734634,0.00021061752781723541,-0.0014071031050248597,-0.007618066036339962,-0.0007898060962407258,0.001682512687914298,0.001098247489543877,0.0012754671501390878,-0.0007365833629261364,0.0002984326295178344,0.00037946604719065754,-0.0007961591084798161,0.0006965001424153687,0.00037505409934303867,-0.0020881421638257575,7.428063286675449e-05,-0.0002659824159410278,0.00010477172003852182,-0.00037690364953243337,1.125143031881414e-05,-0.0007871377347695707,7.026364104915958e-05,0.0005910083501025889,0.0005613770147766758,0.0004442773684106697,0.00024336997908775155,0.0005420049031575527,-0.0008108158304233748,0.00015866636025785048,0.001969192967270361,0.0006267663204308728,-0.0012083535242562312
73,-0.013637484926165956,-0.00035983745497886866,-0.0004123918937914283,-0.002498125789141414,-0.0012918120682841585,-0.002960436271898675,-0.01490914701211332,-0.00036527893759988046,-0.0017088784111870688,-0.003939156580452964,-0.002977101489751026,-0.01037774904809817,-0.001238138988764598,-0.001450817994397096,-0.0017156408290670366,-0.00295061053651752,0.0016684724827005343,0.000917742950747712,0.00011490089724761806,0.001281121764520202,0.0003121886590514556,7.225768734710527e-05,6.717624086322134e-05,0.0025417250816268163,0.00036480450871015455,-0.0005563774494209698,-0.0003904044026076175,-5.2210056420528876e-05,-0.0008225151986786763,-0.004139254791568025,-0.00046168192468508374,-0.00022991257484512626,0.0006279993538904686,-0.004902020849362768,0.0016581602770872797,-0.0011542373233371312,0.0012975678299412634,-0.0013878658564403798,0.011095675555142492,-0.0008636147084862323,-0.0007794120094992889,-0.0010738180141256252,-0.0002608010263154001,-0.0001676485996053637,-0.0013650691870487103,0.00013184547424316404,-0.0002550741638800069,-0.0024672855030406643,-0.0019963582356770826,-0.0001504577771581841,-0.0009947882758246534,-0.0013077572138622505,-0.0001658430003156555,-0.000155073223691999,-0.00346455429539536,0.0008005662397904798,0.0005738229462594677,-0.0013526955036201847,0.0005201378253975287,-0.0026015127548063657,-0.0023463856090198856,-0.00022761990325619743,-0.0009872744781802393,-0.00014181690986710032
74,0.007415964145853063,0.0005963920342801796,-0.004697780416469383,-0.003950022687815657,0.0030924286505188605,-0.0005889227896025697,-0.004542134024880149,-0.0003806990806502525,-0.001595641627456202,-0.00043995091409394495,-0.005019563617128316,0.0015994755908696353,-0.0025797660904701286,-0.00075291142319188,-0.0012172978333752596,-0.0026255713568793413,8.493962914052318e-06,8.597277631663635e-05,0.00015057397611213452,-5.069405141506329e-06,-5.587182863798047e-07,-0.0013553349658696344,-0.00048643169981060704,-0.0005355989090119969,-0.0049948451494929765,-0.007589706266769256,-0.0019091403845584718,-0.0016505356990929806,-0.004394328955448037,-0.003908032118672071,-0.0005741312046243686,-0.0025914076602820187,-0.00013840800583964647,-0.0015833690913036615,-0.0021228019637290867,-0.00029849042796125356,-0.00031003085049716167,0.00020506406071210182,-0.0023208001647332713,-0.0005757302948922818,-0.002950552738074101,0.0012781355116102437,-0.0005077015269886364,-0.0010590601449060918,-0.0008345613575945,-0.0008127039129083767,-0.000309493806627064,-0.001225375165843002,-7.920554189970463e-05,4.921537457090707e-05,-0.0011146044490313273,-9.809840809215432e-05,-1.5241329116053302e-05,-5.0236480404632285e-05,-5.059290413904747e-05,1.3674148405441415e-05,-0.0003487678489299723,3.6491438595936086e-05,-5.792382389607677e-05,0.0002523672701132413,0.00026325264362373743,-0.001039832529395517,-0.0007335007792771475,1.110693421027071e-05
75,-0.0012375128389608958,-0.0006584398674242424,0.0011997222900390551,-0.001331666503289735,0.00014240573150942822,0.0014452404446072048,0.003600958621863163,0.005079327207623105,-0.003920333554046322,0.00014424805689339964,-0.005238619717684659,-0.0003112638839567544,0.00011498518664427576,-0.0015656057030263573,-0.0013687249385949322,-0.0022532145182291665,-0.0006908744272559585,-0.001765357123480903,0.0006908840603298617,-0.002623875935872396,-0.0004276735614044519,0.0016656355424360797,-0.0004891000612817616,0.000553894524622446,0.00028535091515743234,-0.0010690111102479877,0.0003780788845486111,-0.0016738429214015159,0.005431897712476326,0.0008658158658730828,-0.0011704955438170768,-0.004490861989030934,-0.0005286630958017636,0.00029078396883877675,-0.00471916584053425,-0.0005800410954639182,1.0439843842469922e-05,0.00286248717645202,-0.0013960539692580098,-0.0052032470703125,-0.006417630898832071,-0.0005303488837348111,0.002822933775005918,5.105529168639424e-06,-0.002181708210646506,-0.00371632431492661,-0.005212918676511206,0.0004143281416459555,-0.00016888705166903336,-0.0007175869411892353,-0.0008713693329782203,0.00027870409416429995,-0.007468791923137626,-0.0004245391999832265,-0.00016126006540626323,-0.0021615654531151364,-0.001939744660348605,-0.0026699412952769877,-0.0007536628029563213,-0.0003251210607663576,-0.0013740616615372486,0.00018742108585858585,-0.0011009495667736872,-0.004018571641710068
76,-0.00030284457736545154,-0.004320934565380367,-0.0014641694348267837,-0.0013478789666686384,-0.004389290857796717,-0.0013734836771030615,0.0006809330949879646,0.0004915950274226637,0.0037637575708254403,-0.0011927672106810284,-0.0004535829178010565,0.0009234264643505363,-0.0010974190451882092,-0.0005215731534090909,-0.007089248811355745,-0.0022673077053493897,0.00021547259706439394,-0.0011707652698863637,1.0533766313034212e-05,-0.0006348243867508085,0.0007415443959862304,0.0002477626607875647,-0.0007242530283301768,5.3020438762626245e-05,-0.0014435546566741626,-3.074877189867473e-05,0.00018433850220959597,-0.002046527284564397,-0.00019990554963699383,0.0014884447810625805,-0.0017484414457070707,-1.9897114146838377e-05,-0.0020164961766714995,-0.0007372191458037395,-0.00020106874331079786,-0.0004905835546628394,-0.0008344746599293739,-0.0002608829074435775,-0.0038397817900686555,-0.0016799695564038816,-0.003226193514737216,-0.00030121658787582624,-0.0022576071999289766,-0.004549970530500316,-0.05124425406407828,-0.011238175209122474,-0.002826575076941288,-0.0008594243213383839,-0.0011931910659327646,-0.0002902541497741094,-0.00026710587318497475,5.367548778803637e-05,1.1167140922157829e-05,3.0440513533774762e-05,6.0640200219972995e-06,0.00014588327118844445,-0.013015284682765152,-0.024984340475063132,-0.0523681640625,-0.013991230666035354,-7.255631263810003e-05,-0.0035560684974747475,-0.00010137846975615656,-0.019294507575757576
77,-0.0012000016491822516,0.0001316648541074798,0.0018176647147747009,-0.0009627583050968685,-7.167006983901024e-06,-0.0004498260189788515,-3.560384114583537e-05,0.0015622558015765562,-7.542576452697789e-05,-0.001033908188945113,-0.0026532182789812163,5.330100204005985e-05,-0.0004928665931778731,-0.00024685715184067416,-0.002511419431127684,-0.0002162336099027414,0.00035555194122622636,-0.005267220314102944,-0.0027794741620921102,-0.015498864530312895,-0.002849386195943813,-0.0006615224510732324,0.0006925553986520486,-0.006765924318872317,-0.0003865367234355288,0.00032627462136625217,0.00022684925734394926,-0.0005575430513632413,-0.000754866937194205,0.0002534533991958129,-0.003604060471659959,0.002557850847340594,0.0005242318818063465,-0.001495361328125,0.0005250410600142071,-0.00012512399692727984,-0.001499696211381394,-0.0002964289501459858,0.00012309141833372734,-0.000826190216372712,-0.00393716735069198,-0.0006993418992167777,-0.0010658394206653926,-0.0019913394041735717,-0.0012237471763533758,-0.00414615207248264,-0.0011974296184501263,0.0023555948276712435,-0.0011910886475534146,-0.006656531131628788,-0.009974007654671718,-0.006077621922348485,-0.036711105192550504,-0.06317446930239899,-0.002458206330886995,-0.016906121764520204,-0.0007253511987551274,-0.00896322847616793,0.00037309858534071013,-0.00024572044912010504,-0.0015501542524857968,0.009354215679746685,0.0013756414856573556,0.0003833096436779885
78,0.002445124616526595,-0.0023649967078006617,0.0026836973248106073,0.0008301831255055434,-0.0013543620254054263,-0.003291274562026515,-0.0014595431510848187,-0.001216854711975712,-0.0002761465130430258,0.00012638592960858585,-0.002562860045770202,-0.002482481677122791,-5.654614381115972e-05,-0.0008697124442668899,-0.0008835262722439232,0.0006478049538352273,-0.0007105162649443646,-1.769595675998055e-05,-0.00135494964291351,-0.00019928903290719697,-0.0024452402134134306,-0.0012180154973810394,0.00020530007102272728,-0.00018124628548670145,-0.018247816297743056,-0.0008317388669408922,-0.004441656247533933,0.0012011961503462355,-0.00028327017119436767,-0.0008837418122725059,-0.00024042225847340407,-0.0004891771258729858,-0.0004017473471285137,-0.0031998759568339645,0.0013990209560201645,-0.003026788884943182,-0.0023651123046875,-0.0003651705655184675,-0.0030723340583570058,0.0002903793797348485,0.0003327649049084606,0.00013725203697127577,0.0004362337517015846,-0.002705092381949381,-0.00015102733265269497,-8.895180442116562e-05,-0.0005903725672249857,0.0005956852074825413,0.0004842738912563141,-0.0010185338029957778,-0.0014803144666883687,0.00011885286581636646,4.4141152892451036e-05,-6.530260798906836e-05,-0.0037378446020261222,0.00010095461450441919,-0.0005970579205137323,-0.0011958305281822101,-0.0007472182765151515,-0.0006017684936523434,0.00020772760564630012,-0.00023905436197916666,-0.0037934659707425837,-0.00025815674752900305
79,0.0013652762981376263,-0.0023546893187243534,-0.0037447996813841536,2.468956841362828e-05,-0.0014119581742720161,-0.0010044791481711637,-0.0008051708491161616,-0.0037940439551767675,-0.0018776691321170688,-0.0020150271329012785,-0.0011934222597064395,0.0004369176999487061,-0.0011178604280105758,-0.004553361372514205,-7.432284135832403e-08,-0.000507268038662998,-0.000256933347143306,-0.0003687010871039464,-3.6586414683948494e-05,-2.22421655751273e-05,-0.0002631322301999495,5.9368634464766605e-05,-3.514446393408386e-05,0.0006771280307962434,-0.0023717302264589274,-0.0031337545375631315,-0.004535829178010576,-0.002436088793205493,-0.0016300606005119535,-0.002294367009943182,-0.004732305353338068,7.604830192797004e-05,0.00016682557385377068,-0.00029863492406979593,7.69441778009026e-06,-0.0005582751649798758,-0.0002088811662462038,-0.00022389190365569494,-0.00037381624934649095,-0.000375986099243164,-6.353975546480229e-05,-1.7392514932035473e-05,-0.0006138965336963349,-0.0010597537262271152,-0.00140789301708491,-0.0004287777525005909,0.0003414804285222855,-0.00015632552329940142,-0.0008383856879340293,-1.1611466455938787e-05,0.0009718230276396758,-0.0003115625092477492,0.0003734068437056132,-0.0013007828683564162,-0.00011039502692944942,-0.0008458898525045396,-0.0021044798571654027,-0.00029865419021760304,-0.00047838326656456673,-0.0008370563237353998,-0.0002828752151643394,-8.362471455275555e-05,-0.0007524394025706273,-0.00012703134556009394
