layer,0,1,2,3,4,5,6,7,8,9,10,11,12,13,14,15,16,17,18,19,20,21,22,23,24,25,26,27,28,29,30,31,32,33,34,35,36,37,38,39,40,41,42,43,44,45,46,47,48,49,50,51,52,53,54,55,56,57,58,59,60,61,62,63
0,0.00013058095038691645,0.000152370597742781,0.00018366077278234169,0.0001171812226500658,0.0001180866096593152,0.0002232261850864058,0.0001598309866989747,0.00011264221577705113,0.00017265126674990126,-5.053870285613544e-05,-0.00035757958134518473,-1.8910516666460168e-05,0.0002461204045935544,0.00029176398168636187,0.00012916854665248988,6.398068198671054e-06,1.19511085221045e-06,0.00026022633419761366,0.00012775010700467006,-9.114229226456157e-07,-7.309491121318659e-06,0.00023932698406750572,8.210049399846888e-05,-2.5978571251981e-05,0.00039424171930627343,0.00010544137109683659,-5.532820013505037e-05,0.0006840078136588912,-0.00018545645701734657,-0.00010243548622614078,0.0007253960718082469,6.534121459042838e-05,0.00011403651177128264,0.0004997675931906418,-0.0006913414484337912,6.929228577431781e-06,-0.00015981891487217974,8.052772005336193e-08,-0.000570846509329881,0.0007358502738083367,0.00012087520164779361,0.0002377153951910467,0.00032348874249035693,7.99577447432507e-05,0.0002612101880809892,0.000242625610737862,4.1895274874529474e-05,0.00017241888408419813,7.425380658499534e-05,0.00010447260699694847,0.00023175493071350887,8.478345750253205e-05,0.00014897841441480805,0.00013995472388931285,0.0002682571169696292,7.019767278357589e-05,-7.741058929056522e-05,0.00010229779195181443,-8.392937575714331e-05,0.00010497660576542475,0.00026306623144994553,0.0002460117581524412,-0.00010003922860833545,-0.00018975704531126202
1,-3.092122983329141e-05,-4.823864260806337e-05,-2.1851515468166426e-05,-2.3284667654884872e-05,-0.0002703323394437271,1.3115473940402886e-05,0.000119373768190786,-4.395276685309706e-06,7.711256606666794e-06,5.371661125859032e-05,2.028076331826531e-05,3.609778005865263e-05,1.4912667153752796e-05,4.223554949216117e-05,-2.11275831053559e-05,0.0006345570841921895,-5.9342082542709594e-05,1.2089934530134615e-05,-8.457295502288683e-05,-8.430247065386985e-05,-2.6621018783950057e-05,-5.903274198121975e-05,-1.6573109204258533e-05,0.00012878677513025003,-6.498981125742237e-06,-9.090500541879456e-05,-1.3067752500087604e-06,-4.787611055975127e-06,-4.243077356604172e-05,-3.2309678536428554e-05,-1.2386024375508252e-05,-4.976742629764071e-05,1.65157680270038e-05,-0.00010578240020365235,-0.00010725855827331235,-3.899237777613877e-05,0.00026209746735005615,0.00013882299012775402,0.0002304572093335938,0.0001303961005391913,-4.7564506530756576e-05,0.0001221110549154101,1.6989587228505883e-05,-9.835634050490753e-05,-9.453749354875722e-06,-2.793609341488684e-05,-3.6704389354851345e-05,-5.8667286287386266e-05,7.477515860447976e-05,-2.6979165363921135e-05,1.5880110897594778e-05,2.2701070278503755e-05,0.00011432057694543955,0.0001170401331744537,-6.601176684416316e-05,6.296212160101392e-07,0.00013085105751133396,-2.3751979387252494e-05,-1.2743039221704243e-05,-1.8417835235596537e-05,3.378244140479841e-05,2.2148972825153145e-05,0.00011744529386108938,0.00016586991805064158
2,-6.260656857791694e-05,-0.000208820770435692,-0.0001576535309417323,-2.2054543789427776e-05,-9.441413456880474e-05,-2.0500225356856504e-05,-1.9287195386768607e-05,-0.0005810864364044594,3.347102599808478e-05,-0.00011346121377582624,-2.649520771413152e-05,0.0005127568788166287,-0.00012718009043342872,-0.00027090046979203906,-0.00019215368017365473,-0.00011356344705894922,-2.215859256213149e-05,-7.467782950099525e-05,5.718131985843625e-06,-0.00012828730329682357,-2.4512410163892845e-06,-6.300324126134743e-05,-5.001508736912853e-05,1.038328001770816e-05,-7.612456249285399e-05,-2.0243699037577568e-05,-5.77589756326044e-06,-3.5952823826026957e-06,-7.193959966493348e-06,4.987267753745801e-05,-3.77210635173122e-05,5.5554924131950364e-05,-4.2890257473231874e-05,-0.00010945600799366923,-3.7438884566101014e-05,-8.566922779324502e-05,-3.73140166077449e-05,-0.00010651312296903533,-0.00013750301131719387,-4.089180427261253e-05,3.500461955613514e-05,-6.446449816980618e-06,-8.802813819691796e-05,-5.277790883673838e-05,2.0665458486058305e-06,-1.6130978548076126e-05,-5.736848032927199e-05,-1.604609851595243e-05,-9.14931297302135e-06,-0.00013898143285436933,1.6862833047217642e-05,6.299841960397184e-05,-7.187320461755533e-05,0.00013595744024348628,-3.458842446532612e-05,-0.00024034856240959956,-2.9207784918288647e-05,7.332427592217286e-05,4.09823429735496e-05,-5.0219648246522116e-05,3.2799153388301344e-05,0.00020028367827210192,-0.00020129393927658407,-0.00027663798271855317
3,3.531009336038217e-07,-5.122830596151523e-05,-6.278066695490455e-05,-0.00030863850931578824,-0.00020095970057233385,-1.806397981281225e-05,-6.799154643771843e-05,-6.697449503065308e-05,1.7665609528752406e-05,-7.065791117983391e-07,7.044363625441202e-05,-4.4448466240611384e-05,-1.6803982891606312e-05,-1.0471555251106604e-05,2.8583822371079455e-05,2.4713292906593107e-06,4.05971762500667e-06,-5.405254756345552e-06,-5.894446675339188e-08,-6.841330588613309e-06,4.089934916435934e-05,2.0102232317383563e-05,-1.902331279802139e-05,1.111362553850646e-05,-4.692253055451867e-05,-2.5044136409516504e-05,-2.4179869060277606e-05,-2.2394535473629206e-05,2.8192336800734407e-05,-1.273389104046292e-05,2.5114681147320202e-05,-2.329626792593503e-05,7.636335831654313e-05,-6.903575945484204e-08,-0.00012291293544105546,-1.563690602779072e-05,-1.5774105168598312e-05,-1.1090613618677944e-05,0.00010074618496472362,-1.4868718159343011e-05,-4.319752318948677e-05,-2.19523340840869e-05,-1.810538240640515e-07,-3.7580728530883755e-05,1.4473177209686304e-05,-6.570091730431998e-05,1.629696616616708e-07,3.844876832600059e-05,-4.4723100300062e-05,2.0682811737069637e-05,-5.640561067597845e-06,-4.09978100015997e-05,-9.936999671063386e-06,0.0002359257468694442,3.308435029621991e-05,-2.8023236914515454e-05,-7.471253600301365e-05,-6.98732424385853e-06,-4.508600959294583e-05,-8.611550813989862e-06,-2.4988681455218747e-06,-1.4139127127729726e-05,-1.5658668324915474e-05,-5.123283289656503e-05
4,-1.922985420951004e-05,3.870175797724562e-06,-1.4252300503888729e-05,-8.118633605256983e-06,9.411007543153812e-05,-4.2591951315916036e-05,-1.0697241825390951e-05,-2.5222573099256673e-06,-2.338133658034726e-05,-3.508836785449174e-05,-3.503244134444232e-05,-3.2146331630174636e-05,2.176701268058183e-07,2.9172323927092646e-05,-1.5252305171161616e-05,-2.1054774900022796e-05,-8.190923099276386e-08,6.770361450654042e-07,2.2209096181241773e-06,3.48822979987434e-05,-3.511483981450902e-06,4.849832835074357e-06,4.222875908963473e-06,-9.086643215976184e-07,-9.672551215433653e-07,1.1667231970192363e-06,-2.1616492090348468e-05,-1.2699078438402535e-05,-3.958389728883706e-05,-8.33653950992904e-06,-1.3315319260461633e-05,-1.128720520417858e-05,0.00010707106771348585,-4.704768144631351e-05,0.00013944058667254969,3.8875243331806984e-05,8.242416985429133e-06,-6.281499621229419e-06,0.00010748943196066517,0.00017496754851521447,-2.410932432247074e-05,5.661781075630736e-06,3.76486325565694e-05,2.2713519349883466e-05,2.0830502992940548e-05,-1.0501298629027114e-05,4.039874559716538e-05,6.489861237852097e-05,-1.171731118914265e-05,-0.00018901161000698326,-3.5783912562116875e-05,3.5123357289954473e-06,4.258867400356249e-06,4.697072355052263e-06,-6.056001669242734e-06,-2.6713632330109803e-07,-0.0005448920817314858,4.5359889163249e-06,-1.2651274475873063e-05,0.00016677285297006934,5.579900137986098e-05,2.9939073550514246e-06,-1.8589905922953613e-06,-1.0540779632852032e-05
5,4.929040051714068e-05,9.917609299285582e-05,8.027349846273456e-05,6.344386293918599e-05,0.00013468631460696504,-0.00013175191758554302,2.504149569740882e-05,2.8499508205848717e-05,-9.308132944235291e-06,4.177248176140098e-05,1.317621031894189e-05,3.226723852037194e-05,5.193941200835288e-05,-0.0001071027562588031,-2.36849241618854e-05,0.00016424927530409597,-1.5674606908725627e-05,4.4451672819637046e-06,-7.536828140662349e-06,2.4858532072656193e-06,3.865436662598118e-06,4.307378696492589e-06,-4.468688481970363e-05,-1.6501998599576463e-05,-6.988870946666019e-05,-9.879045471359779e-06,-0.00019219555432283293,-1.2337406979329114e-05,5.870529367953579e-05,-9.765504281732531e-05,2.3533460460129278e-06,1.3472158697581881e-05,2.0141842999040547e-05,-2.9776151044452e-05,2.4594602328317413e-05,5.394408974466524e-06,1.3389447821844196e-05,-8.600233476397732e-07,-5.670787790153838e-06,5.751584149614165e-05,3.256148929837605e-05,-2.6508222652386302e-05,-5.923041814489821e-05,-2.8803378720824248e-05,2.588110068182734e-06,-2.2181981726577723e-06,-2.3322769358185996e-05,4.508827306046241e-06,7.171815709222892e-05,-4.790817634964468e-06,2.5894068464447504e-05,9.3405759787266e-06,2.0627073849301438e-05,-0.0002338935302782577,-7.12728198569841e-06,2.6364468886881098e-05,0.0001331401776663886,-3.617487942115529e-05,-2.3261089868181557e-05,-4.270672798156007e-05,-5.7188864750226265e-06,4.552134984657167e-05,-3.5784667051287445e-05,-1.4446062754977801e-05
6,-6.663648388052414e-06,1.4142899573579225e-06,8.401991445809731e-06,-0.0001688592041595067,1.887977123259984e-05,-2.1184547038017944e-05,-2.5936319858210363e-05,-5.509581746934504e-05,0.0003654172148885621,-5.7444542269157645e-05,-1.9607853285871225e-05,-5.6071749216376975e-06,3.706711002542449e-06,-1.6768899145002298e-05,-1.602322806288715e-06,-1.1208691174467605e-05,2.308887771412604e-05,-3.0361115932427406e-06,2.9324164873432607e-05,-2.0295428701593113e-05,3.2835368868687506e-06,-2.4798550183260582e-05,1.0489285746692555e-06,2.2413987147663506e-06,-1.0378988860528326e-05,-2.5294249570826647e-05,-1.4278330380397613e-05,2.4204767203028406e-05,4.891353317452151e-06,-7.841217366953799e-06,-3.486041781268582e-05,-2.465293377260484e-05,-6.001395515246412e-06,-2.0839934107624592e-05,-5.2260635774297e-06,-1.3176398941235202e-05,-1.4487889748584824e-05,3.148785120324785e-05,-1.7409083209454913e-05,2.152557614485073e-06,2.8647199461730304e-05,3.0347299349459862e-05,1.76733430427877e-05,-8.843367612810804e-06,-1.7438838376242149e-06,-1.308472850654786e-05,1.6595743879486017e-05,1.100252700757044e-05,2.5169758857056958e-05,6.5525498571287425e-06,-7.994567291639582e-06,-1.2868567358087351e-05,-1.2408046028257925e-06,-6.353081781649902e-06,-1.0749961756455739e-05,1.154368436789963e-06,-2.21802841258937e-05,7.007223895832513e-06,7.625923881047124e-05,-1.3035167998903407e-05,-1.5842009194288433e-05,1.7596762391586205e-05,-4.735136333900126e-05,2.060811730879914e-05
7,6.453296806239432e-05,7.629092735580093e-05,2.5891804996924747e-05,3.221291529981495e-05,7.616190970702484e-06,6.375923941406873e-05,1.188999489892721e-05,2.166378913047281e-05,2.937075457995656e-05,1.1539911922011162e-06,1.1107966869746063e-06,1.0684698442865473e-05,-2.5242189817789867e-05,3.368416918984508e-05,9.747245643712084e-05,2.2630902785284153e-05,0.00021933849099317062,3.12962109529551e-05,4.617850991743951e-06,0.00022989586938785636,-0.00023684924161886638,-1.7599403103715423e-06,0.0004717669909513469,3.54413744769505e-05,-0.00010854835751690718,0.000269971316373803,-2.6293947726865197e-05,6.642899935759594e-06,-2.4107438099534848e-05,1.428097109251772e-05,2.2065035904515844e-05,-6.942318964608385e-05,-1.1985815024075862e-05,-4.194111009186604e-05,3.867134263243145e-06,-8.66515726982797e-05,-3.724052464660487e-06,-0.00019496000265773166,-4.040440426598105e-05,0.00019245660757716802,-6.8447257898975866e-06,1.6400708427944526e-06,-6.663648388055853e-06,5.27670866326243e-06,-6.951014452337724e-06,-1.028670540338403e-05,-8.301795283450252e-05,-2.1048738986629047e-05,4.6159647688076996e-05,-2.0920475826983554e-05,2.648558797715316e-05,-4.1981286640408746e-05,6.543307364739164e-06,-2.0823901212648336e-07,1.0116756716836874e-06,2.690395222433921e-05,-1.0514372511752689e-05,2.163195911842444e-05,-1.3822241674475872e-06,0.00017030329643925697,3.1218121323410206e-05,-4.739776442322249e-05,7.743096049828985e-05,4.4115547892410044e-05
8,9.030179132389239e-05,6.922862575021854e-06,1.77952402000225e-05,6.314319900319865e-06,-1.185396804084667e-06,2.2569529806512416e-05,9.156197686734729e-06,-1.649068126195463e-05,-4.787988300560927e-06,-1.58257876770373e-05,-5.6478041636788076e-05,1.3199045405359599e-05,7.873188845720072e-06,0.0001458736914622577,6.007620050930669e-06,0.00013918589942062983,-3.082239175144322e-05,7.513203198403751e-06,-3.1423224489895064e-05,-7.665610011619682e-05,3.0879732928692395e-05,2.606760097455773e-07,5.379885057860851e-06,-7.866775687733081e-06,0.00013302172286599974,2.941989068743422e-05,7.735400260246339e-06,0.00015957408313509527,-6.569789934761422e-05,1.7061358011223175e-06,3.941416080239417e-05,4.1657657940181094e-05,3.83622378487853e-07,2.1951862528357196e-05,-1.6711180723165216e-05,6.306482644021045e-05,3.61355045173689e-05,-2.6046098033084896e-05,6.241172174864925e-05,1.1409385294849531e-05,-3.7596289870102446e-05,-6.0884211259528065e-06,-1.1136637458323777e-05,-1.449977295308824e-05,-1.6112870807891793e-05,-1.4178360564792957e-05,-1.846536805357968e-05,-2.4505808383606036e-06,5.958012387717646e-06,3.21459543855303e-06,3.192533703544452e-05,-5.5506401046921584e-05,5.732910542547482e-05,-2.201750308653021e-05,-3.1911119630065545e-05,3.0014333845686658e-05,-7.567224623281863e-05,3.2563752765910375e-06,-1.0347819026494255e-06,-3.573260729826075e-05,-9.794778461695916e-06,9.503847436060033e-05,9.788318148114091e-07,-1.2809104180034199e-06
9,-5.356118648862592e-06,-7.815564735022898e-06,5.764297292210811e-06,-4.866153379029366e-05,-3.1570656390154298e-06,-2.047447841375423e-06,2.3666816421700356e-05,0.00010769276679316447,3.622415699536603e-05,0.0001039376741723195,3.0312640003004434e-05,1.4452428757388783e-05,-7.127508332457213e-05,0.00010492190530029188,5.178059203716138e-05,3.6209444456463805e-05,-5.4946640812895415e-05,3.836577451681702e-05,7.274445099166158e-05,2.991360954089697e-06,1.4852873886690063e-05,0.00010867511169819609,2.3021728177606482e-05,8.00454541097797e-05,1.3228458694276887e-05,-0.00011604647093181073,3.0604674469006853e-06,-2.008874582336406e-06,2.0832955082754975e-05,-2.543043486679269e-05,-1.6173229941837363e-05,8.414063272593265e-06,-7.279582698888416e-07,-0.00013816960250274905,-7.567828214620877e-05,1.4900984360448205e-06,5.973668038084479e-06,3.292968001546418e-05,-3.496302834040109e-05,-1.2373622459014285e-07,-3.544854212411194e-05,-2.2747848607320316e-06,9.1745883603659e-07,-1.4064998566349776e-05,9.90227548570719e-06,6.97683684433575e-05,4.896257497089719e-06,7.51808851580047e-05,9.357174740569272e-06,4.843254632583956e-06,0.00011890372143515324,-0.0001777878290490179,1.6687791558759495e-05,-1.3716518878939222e-05,-7.961841323703405e-06,1.2783875948242814e-06,1.893315134168971e-05,3.357552274873155e-05,-1.7708615411684012e-05,6.967632076408957e-05,5.321695080290059e-06,-3.6981664126426634e-05,6.645653821245417e-05,-1.5935188607321688e-05
10,0.00047736831858188607,0.0001660449595391036,3.85483608970179e-05,-3.6456916905640848e-06,-5.3291079364243715e-05,2.5500225115428678e-05,0.0002650346937058837,8.682057827333797e-05,-3.241738186606411e-05,-0.00016142446783524834,2.4994717368593715e-05,-9.179869784579736e-06,-0.0005545314354232607,-5.182623863219636e-05,-7.480533817145979e-05,-9.250188175635943e-05,-3.5218045681336346e-05,-5.55213493636914e-05,-2.257129814051518e-05,-6.916779506055282e-05,-8.767164206203216e-05,-3.734042372884914e-05,-3.416176083722107e-05,3.30586976642861e-05,-0.0008019073100029646,-4.7713895387287774e-05,-6.0376864445353e-05,4.546481031409533e-06,-0.00020882675919351975,-5.1033647754525654e-05,-4.232835166062051e-05,0.0002997683573372763,-8.076052122477976e-05,0.00035817110085789496,-7.177908209305697e-05,2.3610984222802402e-05,-0.0003536562376384494,5.4673303531702624e-05,0.00020901160904123804,-8.311848851698401e-05,-6.00441347194576e-06,2.193865896782654e-06,-0.00022497659997094694,-0.00014384939700742266,-0.00021714198438426994,-4.875999462755076e-05,-0.00010290176053590447,-4.5134674144692074e-05,-0.001799480824530879,-0.0001316840135598522,-0.00027882298336753315,4.8932395403896045e-05,-5.6601966483674425e-05,0.00020301191112663937,-4.544816439664532e-05,4.316885260086959e-05,3.1774557089504835e-05,3.855439681041208e-06,-0.0003955417041537182,-1.7999093743822876e-05,-2.7005431018294233e-05,-1.8417080746416145e-05,-0.00021145011805281266,-0.00013309792627262044
11,-0.00032036817526514855,-9.052785514276713e-06,0.003000693985178498,-2.121208589287917e-05,0.00021980382219145446,-5.4691411271875004e-05,0.0008551199224930784,-4.207788483250724e-05,-5.95141060744636e-05,-6.637571355962072e-06,-5.886090707175505e-05,-9.26107168197687e-06,-1.9960765597185283e-05,-1.2403047537494453e-05,0.0004000844834726077,-8.624339405494424e-05,-2.9919268209719777e-05,1.657461818260529e-05,-4.377508465247498e-05,-4.8208651663378156e-05,-8.131884321374494e-06,-1.2783310081378793e-05,-5.3725665128677936e-05,-5.933302867261517e-05,1.1769559564460637e-06,1.721970642669909e-05,-2.0087519778479317e-05,3.192903874750935e-07,-9.113851981826776e-06,-5.378753324097693e-05,-2.0730344555047017e-05,2.0658007905455043e-05,-2.654882360107223e-06,1.5087897264543958e-06,1.0809189156643426e-05,-1.2358344053912475e-05,6.930454622346331e-06,6.0178056547924855e-06,-7.854232305210929e-06,-4.9565789065780364e-05,3.99728364582315e-06,-2.843217004703638e-05,-6.1508079495588516e-06,-1.8608178708025193e-07,-0.0016041526311560543,-1.0919344576072358e-06,6.4132522933110565e-06,6.881884381731415e-07,-0.00027955332888832406,-1.0107514224472096e-05,-3.586237943625338e-05,3.5098836391818234e-06,-0.00010340726828273497,-0.0001115557513659509,6.62630117392068e-06,-2.2001658813864135e-05,-0.0001800331888319575,-0.00010309792772123934,-0.00016547381123410275,-0.00011177493047111033,-0.00011878073969973598,-0.00024683566033085997,-1.2903085237814625e-05,-0.0003783883927743623
12,-0.0004952466940578025,1.207937168170282e-05,-0.00018237512322920226,-0.0001323208024230146,-0.0005666032622132127,-6.440668543682688e-05,-5.966274044181592e-05,-1.0212388219714947e-05,-7.831786252275328e-05,-0.0002452119996276074,-6.377696990969687e-06,-0.00010073562211628728,-2.2230834900573694e-05,-0.00015291382994832837,-6.489285939855353e-05,-4.839821706843331e-05,-5.5396104160747725e-05,7.960313483129491e-05,-1.8070770215383102e-05,-3.948505920698638e-05,0.0001571419872814999,-2.367436131344273e-05,2.135770230352929e-05,-6.277698882018419e-05,-0.0004812011235876901,3.914893427982414e-05,-0.0005590930769715103,-0.0001330239863335294,-4.673343670518408e-05,-0.0001066908051695976,-2.8962198692032647e-05,-0.00012789195096944356,-1.660799253967483e-05,-4.591707941851255e-05,-1.7956276483172147e-05,0.0002186886871917289,1.1172475694102528e-05,-2.8843743891654498e-05,-2.7436315070218263e-05,-1.0775237143791504e-05,-5.60585456558057e-06,7.110305979282026e-05,-3.664327573172942e-05,-2.5350836258860927e-07,2.9728382448611416e-05,-4.194959809433763e-07,0.0001735807974127265,3.2012975668616447e-06,-0.0008101946190942678,-5.924965761884723e-05,-6.980439530143256e-07,-2.612796010847464e-06,-1.8275614026223015e-05,7.852346082249626e-07,2.4272859851052658e-06,-3.128866606120778e-05,-0.0003700980657263658,-1.2530744830258467e-05,1.5542476992095072e-07,-0.00034298776071283073,0.00014104722421380713,2.1146445334699526e-06,-0.0008127115949799704,-0.0012419978274574766
13,5.7215248293512595e-05,0.0004380564146404025,0.0006698524650139162,8.9289266851888e-05,3.365587584573243e-06,9.717367872406164e-05,0.0005290297013294893,3.74295477625676e-05,7.304964186276825e-06,1.4262863352339044e-05,-8.540675987170438e-05,-4.950354370889649e-05,-8.455560177188603e-06,4.371812071981596e-05,-2.6685810541801825e-05,-2.1795683269249567e-05,-0.0001987535742264722,-0.0007470800906796981,-1.630903799322058e-05,-0.0002742628507976256,-0.0002112328251705886,-0.0002486011649988848,-0.00013423267799087427,-0.00025151349321196154,-0.00014551380012608987,0.00010967254638672565,-1.61326761487083e-05,-8.411045315903509e-06,-1.229591007473912e-05,-3.575222401679534e-05,-3.7993434109264974e-05,-3.6336198637781255e-06,0.000288394055789026,6.16904300979385e-05,7.940809937972337e-05,-1.3665307926227093e-05,-7.489814033991428e-05,-0.0001242643670190686,0.00012145012239866538,0.0003040123589431233,-7.168236601199301e-06,3.56269788138391e-05,0.000140090531940701,6.51147971047689e-05,0.000245044503030902,-5.867662309091382e-05,1.1668552326248268e-05,2.900011177304045e-05,-1.0161082955852352e-05,3.358750026437047e-05,-4.668222575248149e-05,4.911743387391245e-05,-4.4347741935826796e-05,6.518182875235348e-05,6.699241414854529e-05,4.46016275430048e-05,-0.00011152255384226852,-2.969461905805505e-05,1.3710388654393215e-05,-2.3961774533302423e-05,-0.0001497721370262415,-0.0008148000210146368,1.7592046834242305e-05,-7.458974288981993e-06
14,1.7178209522108797e-05,-0.0011638206771657444,0.0004548392718351367,3.1744000277948345e-05,-0.00208514249777492,-6.606307210801649e-05,0.00023531008370315025,-0.0001702957515475083,-1.449826397473419e-05,-0.00027826767933519244,-0.0005113746546491785,-1.309189615370043e-05,6.809566594378147e-05,4.518937460983801e-05,-8.125395714481266e-05,0.00013898595978942304,-7.288139077681707e-05,3.138674965387722e-05,6.460992595817529e-05,0.00019552134260346615,-4.864946196350808e-05,0.0003032684326171899,-0.00028327748745302534,-0.013690707049792326,-0.0003411498250840546,-9.352119663093193e-05,-4.312358325040306e-05,-4.014259652248187e-06,-7.861777196948476e-06,-0.00033402442932129004,-1.9673305221749648e-05,-0.0004924098147621619,0.00017118416255034065,-0.00047669229628164556,0.00012714047975177848,0.0003579779516292547,0.000328655484356457,0.0001486283314378949,0.0010947698279272153,0.00028150594687160357,-0.0004492635968365259,0.0004894341094584396,0.000377582598336133,0.00022574316097211366,-2.2758411455757213e-05,-0.010478731952136076,-0.0005036003981964468,0.0002040138727501962,-0.0002168854580649769,-3.578315807293823e-05,-0.0003440372551543825,-7.24253020709159e-05,-6.427210343034732e-05,-0.0003296023682702962,-9.18326498586834e-05,-5.161083197291719e-05,4.9548813059353284e-05,-5.270257780824262e-05,0.0001439535165134949,9.277821341647042e-05,8.452768567241819e-05,8.692167982269849e-05,3.5821637020840315e-05,-1.5633015692987577e-05
15,-1.3884487031377192e-05,1.385487333128451e-05,-2.408329444596389e-06,3.493225932891591e-07,-8.089180234112183e-05,9.690658955635661e-06,-0.00011216085168380087,-4.153877873963548e-05,8.140032804464679e-05,-0.00010948845102817118,-0.0002396710311310162,2.7011278309399014e-05,-0.0014129831821103633,-0.000605060329920123,-1.6400331183318676e-05,-0.0005270016344287728,-0.00014155876787403054,6.055813046950234e-05,-0.0005853145937376382,-0.00018203107616569875,-0.0005184276194512084,-0.0014626225338706495,-0.002056556411936314,0.00018608720996711846,0.00022617774673654932,-0.00014252904095228062,-2.0823901212670883e-05,6.287912779224439e-06,-0.0005334992951984599,-8.184616041331128e-06,-1.5361399590189748e-06,6.930435760112157e-05,-3.878979743281371e-05,-2.646634850320363e-05,1.3550625571723518e-05,7.134675979613797e-05,-4.161762285836089e-05,-0.0004872853242898305,0.00038756750806977924,-9.933302674112405e-05,0.00013067450704454085,-2.390221704412698e-06,0.0003431054610240376,-0.00019315451006345048,0.0002149633968932815,0.003147517578511298,-7.359815549246813e-05,-0.00026110757755327767,-0.00021210350567781353,-0.00011784592761268624,0.00043346006659012685,8.37739509872223e-05,0.00040241434604307465,0.00047677378111248036,-0.00018911422053469429,-0.00030425454996808665,-0.00016216084926942993,-7.443035705179945e-05,2.3180925393408117e-05,0.0002671827243853239,4.371246205101559e-05,0.00012829937512361735,-5.5519085896162356e-05,-8.199637449240367e-05
16,0.0003947940053819174,-6.725516500352752e-05,6.931718391707829e-05,0.0002313229856611813,8.408527208280296e-05,-0.000605296485031703,7.260600222817064e-05,9.01906927930329e-06,0.0001510321339474471,9.266032448297555e-05,-2.499999879282996e-06,-5.915949616251218e-05,0.00014527274083488457,6.179341787024569e-05,-2.076316483413078e-05,-2.0082992843432277e-05,2.5284441211559608e-05,0.0012505703334566957,0.001232569730734524,-0.00015579296063772806,-7.090387465078406e-05,5.9419500205330865e-05,6.933755512479152e-05,4.232156125805236e-05,1.5334332291085814e-05,-0.0006421004669575777,-0.00011231627645371265,0.0006756360017800633,-0.000245162203342097,-0.00011649388301221077,8.120717881601265e-05,0.0006805643250670613,0.00026944317395173926,-4.116115690785638e-06,-5.397766451292432e-05,-7.986117012893104e-05,-0.0032489209235468963,0.0012700950043110883,0.0008315134652053278,8.953372134437593e-05,0.00013130224203762125,0.00033172625529614914,0.0004567783090132795,0.0018242099617100987,0.0005529628524297414,0.0001627606681630681,-0.0009751138807852043,-0.001450946059408069,-0.00010364304614972656,-0.00012444315737560662,6.020899060406899e-05,-0.0002575316761113432,-8.418741105477802e-05,2.7727477158170754e-05,-4.54172303404971e-05,-7.945214268527494e-05,-0.0008784970150718176,-0.00024525123306467594,-0.00029480004612403093,-0.00013120868537999165,-0.00019088576111612028,-7.708163201054182e-05,-0.000653767887550064,-4.608608499357671e-05
17,-0.00010731250424927891,-6.775312785765106e-07,5.6133994573351256e-06,-1.2609023082102367e-05,-4.659593105315485e-05,-8.392635780043775e-05,-0.00012475780293911214,-0.00014901312091682232,-0.00015677832349945443,-0.0004120959511286105,-0.0003289934955065772,-0.0005723041824147732,0.006700032873998714,0.00023490907270698228,4.031990147844301e-05,0.0004563263699978211,0.00013632789442810975,0.0001335340210154119,-0.0011331582371192596,0.00017507770393468178,0.002151827268962619,0.0005426708656021339,0.00016536554203758048,0.0007205182992959357,0.001337775701208961,-0.0001735832495025504,-3.32062002978723e-05,0.00021163119545466048,7.415119605728273e-05,0.0006218182889721057,0.00039305868028085444,0.0002241979671429903,-0.00013764749599408087,-5.4048397873017656e-05,-6.594631490827625e-05,2.005809470068224e-05,-7.909951330740481e-05,-0.00015071524849421297,0.0004783657532703987,0.00010039232954194499,4.846121691450554e-05,4.03244284134935e-05,-1.4126678056351865e-05,0.00022164024884187614,-0.00039576427846014763,0.00017063546029826728,-4.97046150738672e-05,-0.0008798203890836725,-0.0007240198835541937,0.0002750082861019096,0.00031150745440132986,0.00021063828770118495,0.000580974772006648,0.00041705143602588623,0.00044076653975474805,0.0005451757696610444,-0.00039930575633350567,-0.0002059423470798898,1.772144172765058e-05,-0.008098819587804094,0.0012726119801967962,0.0028026647205594193,-0.015626738343057753,0.00028553491906274685
18,6.697298605230957e-05,-0.0004131582718861266,-0.0012774407109127758,-0.0001712871503226387,-0.0017265609548061708,0.004397202141677278,-0.0028198942353453824,-0.00013935716846321132,0.000750849518594863,0.00021493736701675472,-0.003643277325207673,8.872490894945265e-05,0.003992804998083958,0.0005868929850904227,0.00021951409834850127,0.00017377319215219143,0.0015054533753214015,-0.0002193903621239008,-0.0019551530669007127,-0.0010543533518344557,-0.0007273637795750106,-0.0019449418104147637,-0.0004143745084352159,-0.0006947275958483723,-3.022483632534005e-05,-4.971027374267438e-05,-0.00011862154248394302,0.00018395049662530124,-0.0003320989729482922,0.0003001025960415247,0.00029802925979035064,0.0006450188310840474,0.0003840138640584871,0.0001053749760494983,-6.542930120153926e-05,0.0002561241765565557,-0.0001848970032945453,-9.325486195238226e-05,-6.427266929723242e-05,-0.0003317760515816633,-0.00012056737006464698,-0.0071504810188390035,0.0002175916599321948,0.0010339519645594342,0.0014952677714673828,0.004198158843607843,-0.0003159876111187496,-4.751471024525317e-05,-0.0007399486590035344,0.004564019698130934,0.001363443422921098,0.0019056947925422786,0.0008630994000012367,0.0023688787146459657,0.0021890220762808064,-0.0004820521873763875,0.0006168114988109731,-2.9004072841209503e-05,-0.0011647864233089395,-0.006057352959355221,-0.00035138371624523443,-3.352648095239444e-05,8.683793152435701e-05,9.051455727107225e-05
19,0.0011270529107202472,-0.0006125456170190713,-0.00030460840539087093,-0.0002558925483800182,0.00726518902597548,-0.00021726270265216691,0.0007631869255741952,0.0001918530162376658,-9.760185133052568e-05,-9.44846793066121e-05,0.0006847260873528963,-0.0001886162576796128,0.00016246566289587777,5.747396734696471e-05,-1.1241888698147503e-05,-0.0006414319895490847,-4.906858069986849e-05,-0.0012257159510745293,0.0006775493863262665,-0.00012501432925840554,2.6421267775029967e-06,-0.00025905234904228836,-9.15119919595919e-06,4.203711883930754e-05,0.00017188470574873928,0.0001743126519118705,0.00024478646773326264,-0.00043464612357223926,0.00010960162440432525,0.0006961037841024275,9.922136234331553e-05,2.2971931892105763e-05,0.00032929830913302495,-3.73019447809545e-05,0.0008445027508313091,0.0003850324244438859,0.0010495246211184746,0.0004977093467229532,0.0016066514993015725,0.004369470137584057,0.0001314535171170673,0.0005531461932991096,-0.0004230635830118631,-0.0005374588543855671,-0.00013654141486445237,-3.3209595499157364e-05,0.0003720476657529445,-0.00014040289045889353,-9.154594397243022e-05,1.23487243169386e-05,0.0008512509020068998,1.6837180415292553e-05,0.0003556480890587942,0.000672083866747119,0.00014189451555662711,2.214878420286698e-05,5.988984168330824e-05,5.937452557720545e-05,-0.00016899350323254498,-8.174512959734029e-05,0.000292456602748435,-7.29575941834214e-05,2.2187734706496436e-05,-0.00014404556419275502
20,2.4056132835679025e-05,0.0006218499775174304,0.00018791307376910018,-9.280216844772447e-06,5.538554131230162e-05,-5.828881565528355e-05,0.0009966620916052695,8.752979809725211e-05,0.0003068145317367377,0.0005848800079732014,-5.0068656100498816e-05,0.00014349327811711952,0.000658874270282212,0.0004101323930523074,-0.00022950957093057718,0.00036451484583600863,-2.334012260920528e-06,2.6431264756604767e-05,-3.9834010450141395e-05,-4.507318327693936e-06,1.4071223102120283e-06,0.001979477797882466,0.00020416024365002325,-8.227855344362224e-05,-2.8533648840989484e-05,-2.3755657521983453e-05,-1.9669344153587055e-05,-2.104025098341763e-05,1.1104948912996428e-05,-2.0249734950972272e-05,-7.378602329688214e-05,3.080843370172469e-05,8.145502850979252e-05,-1.4112720006609887e-06,-0.0001877621759342249,-3.3675869808913404e-05,-0.00036568543579004986,-0.00013144766982597702,-0.001160718217680728,0.00015213217916367543,-8.779103997387859e-05,-6.444242936146545e-05,-3.842915160746388e-05,4.360230663155112e-05,5.217669885371383e-06,-2.1300361126284058e-05,-7.686169841613032e-06,-0.00015740756747088574,0.00041253355484974176,0.00021953597853455726,-0.00010205824163895955,0.0026633347137064874,0.0004062712947024596,-2.7101251143455043e-06,4.3182433406007536e-05,0.0003085423119460446,0.0006000542942481696,0.0009103847455374798,0.00030685602864132395,-0.0009121291245086294,0.000366687774658203,0.000698742232745207,-0.002528226828273338,-0.0034077318408821233
21,9.310773656344093e-06,2.864040905919002e-06,-7.218952420390586e-06,-0.00014705541013162036,-0.00018294249908833984,-8.341519138480918e-05,-5.411828243279856e-05,-2.447958988479002e-05,-4.308133185663948e-05,-1.1652330809000735e-05,-8.3476682252516e-05,-1.5527009963987042e-05,-5.059604403334142e-06,-3.772823116447201e-05,-2.3959086665620307e-05,-7.389165178129367e-05,-0.0008296755295765519,0.0002929470207117798,-0.0010433981690225666,-0.0010329560388492626,-0.0009460207782214176,-0.00012240832365012285,-0.00035572353797622906,0.0001581198052514967,-0.0005045299288592759,0.0015824308878258817,0.001165365870994857,-0.0006220491626594645,0.0010743563688254071,-0.0004855409453186822,-0.0017508494703075543,0.00025063526781298986,0.001944433284711233,0.0019283807730372962,-0.00013196317455436472,-0.0031927084620994852,-0.0028314349017565773,0.00032762334316591775,0.0011403168304057075,0.005791893488244168,0.0003246778174291677,0.000831773009481309,-0.0003923117359982262,-0.0001010351543185118,1.2907800795156615e-05,-9.076504767695208e-05,-8.399577080448862e-05,-4.818167867539973e-05,0.001219978815392604,0.000348966332930554,0.00028688092774983186,0.0008916613421862649,0.0004122611842577956,0.0002580262437651446,-0.000422670871396605,0.00024103514755828323,0.0010204828238185488,-0.0009877651552610744,0.001401198061206672,0.002505827553664581,-0.0038222300855419306,0.0016958502274525317,0.0003693858279457644,-0.0007716070247601859
22,1.1270842220211047e-05,3.337860107424928e-06,2.1207181713247255e-05,2.6288854924942976e-05,1.0501121795633197e-05,1.3672098328792488e-05,-1.0156838954215492e-06,2.0703182944770062e-05,-0.002403470534312573,0.0011591164371635352,0.000143678882454009,0.00044695938689799365,0.0007836426360697663,-0.0008272309846515881,-0.005282064027424103,-6.624716746656132e-05,2.4039911318746006e-07,-5.182586138761339e-06,-2.1212463137461398e-06,1.107212863365655e-07,9.12271722960527e-07,5.530782892741072e-06,-1.8843367129882018e-07,-1.3039506311656323e-05,-4.793665831601812e-05,5.6979022448577066e-05,2.3979929429069926e-05,4.040440426597215e-05,5.3070768525339245e-06,-1.0751470734800694e-05,-8.939187737958228e-06,-9.969518154482671e-05,0.00013455258140081014,-6.806699535514799e-05,-8.148483083218088e-05,1.0944619963444037e-05,-4.0624715104885385e-05,-2.3298625704607717e-05,-0.000212738785562637,3.033140792122279e-05,-2.5598308708094547e-05,2.2481183839770656e-06,-2.6944694639729203e-06,-1.1549720281284036e-05,2.2378054600731785e-05,-2.4000300636768675e-05,8.427078210851589e-06,2.4735173092614792e-05,-3.6794928055774666e-05,0.0010502127152455033,0.00043468233905260883,7.989436765260379e-05,0.0006185724765439582,-2.5399123566055126e-05,0.0003931431830683848,0.000996456870549843,-2.2501885136471276e-05,-2.0129771172255356e-06,-6.36713414252476e-06,-2.006941203829571e-06,-1.1541798144895644e-06,-8.766560614863925e-05,0.0002116794827618215,-0.00016170815576481388
23,-7.2887426690222565e-06,9.68462304223839e-06,2.5041307075120282e-05,9.600422050379868e-05,2.3345404033422178e-05,0.0001941270466092303,7.7139916299216e-06,-9.536931786353323e-06,0.0005389949943445895,0.0034470377089102027,0.0003884472424470937,0.0008794567253016215,0.0025968672354010087,-0.002241412295570856,0.00225588641589201,0.011259610139870946,0.00017764900304094469,4.782857774179145e-05,2.375131920925343e-06,3.4766861155063293e-05,0.00012105477007129144,-0.00031004978131644965,0.0007411075543753726,0.00011149539223199873,-4.696299003648994e-05,1.6291684742217927e-05,-1.43285039104966e-05,-6.753338288655574e-06,-8.777349810059102e-06,7.124641273598555e-06,-3.8212613214416175e-05,1.8205823777623293e-06,-0.0001831778997107405,-5.1036665711222134e-05,-2.851969079126581e-05,0.00013617020619066328,0.0005502338650860367,-0.000102803676943238,-0.0010711090474189076,0.0007233680049075387,-0.005035110666782042,-0.003279191029222705,-0.0029125937932654293,-0.0005067270013350482,4.785272139537342e-05,-0.001995617830300633,-0.0007130194313918513,0.004123398020297667,-0.0007936381086518518,4.397615601745794e-05,0.0009058276309242712,4.912865690038566e-05,-0.00024044664600227344,0.0006624173514450634,0.00023188772080819784,-5.333333075801137e-05,1.3863738579094974e-05,1.1057793339595846e-05,0.00015352949311462152,6.369095814379822e-05,1.3953617101982899e-05,9.46733016002122e-06,2.142786979675708e-05,1.0348384893393288e-05
24,-0.00018257430837124604,0.00016609928275965609,0.0010034977635250838,-0.0006899652601797339,0.0001795254176176022,0.0005585513537443152,6.0879731480016945e-06,9.114832817753661e-05,-2.7312508112264847e-06,-8.970876283279991e-06,3.801305082780252e-06,3.648285247102652e-05,6.822091114676039e-06,1.0619435129289533e-05,-0.0002451788021039367,5.862946751752668e-06,3.160404253610127e-05,4.582767245141905e-06,2.1970724757755153e-06,1.8026255354095707e-05,5.0834462612495296e-05,6.769276872466136e-05,0.0011175614369066443,-1.6468989698187884e-05,6.988380528704138e-05,5.099139636076251e-05,4.5943863784211025e-05,8.463859558095577e-06,-1.667421075343158e-07,0.0003909642183327964,0.0016610984560809568,0.0002757250508175586,8.134902278078266e-05,0.0005409204507175886,2.8788288937340135e-05,0.0005409928816783307,0.0001013392134557751,4.532329643828785e-05,2.3615511157850337e-05,9.422815298731472e-05,6.483325475379005e-05,0.000593595866915543,3.3291080329989375e-05,8.597555039805064e-05,-0.00012141239793994774,3.3819222752053317e-05,0.0010793541051164447,0.0004561701907387253,0.00028055529051189616,9.651576416402445e-05,-0.00027270256718502767,-0.0001008005081852813,-1.8754337407363087e-05,-2.1294702457477213e-05,1.5598309190978104e-05,0.0009806684300869375,2.7825560750825153e-06,-2.031688448748101e-05,-1.1109098603451328e-05,-6.757582290263709e-06,-1.4658027057401517e-05,-8.069450342198728e-06,5.052814000768874e-06,-2.1690809274016477e-05
25,6.579145600524369e-06,3.778783580925343e-05,3.5424775715118196e-05,1.318281209921108e-05,1.617926585523008e-05,2.4109041389027147e-05,1.9073957883861513e-05,9.151199195961357e-06,-0.0009535566160950462,-0.00018772897841055065,-3.541025179851075e-05,0.0011731884147547467,-0.00014704390417171587,-0.0001147170610065652,-0.002112328251705895,-0.0019654865506329115,-3.8007392158951613e-06,8.545344388941327e-06,-2.688339239432452e-06,-3.267433258549412e-06,-1.3682661177247888e-06,-8.646445938303895e-06,-3.033800970146422e-06,-5.143447012832803e-06,0.0001943201958378621,0.00014375282239310484,6.646295137043339e-05,2.0365831972677297e-05,0.00014656404905681266,2.935340132894438e-05,6.990945791896136e-05,9.955635553674053e-05,-0.00012990945502172846,0.0002383461481408202,-0.0002727342557303584,-0.0002702097349528951,-0.00024150293084639784,-0.0011136018777195404,-0.001404931273641466,0.00014274029792109999,-2.3872037477135132e-05,-8.821676049047846e-06,-9.999999517122655e-06,-5.2586386475383794e-05,-3.982646555840274e-05,-0.0001268990432159848,-1.2407951717133206e-05,-2.9489020758034555e-05,-4.955786692945128e-05,-6.898935837081566e-05,-2.7043909966188743e-05,-8.347970020921718e-05,-8.628338198118271e-05,-9.906065614920733e-06,-1.4202126973792717e-05,-1.2723705436607153e-05,-0.00019361399397065034,-0.00018378149105023804,0.0005227946027924735,-0.0009451998939997051,-0.0014245087587380703,-0.0004811437824104401,-0.001758285715610167,-0.0003572355342816732
26,2.7725968179827034e-05,2.7146897738495746e-05,1.5408177919026536e-05,-4.853628858742449e-06,-2.4592574638649376e-05,8.765504330020129e-05,8.313338967816347e-06,-0.00013140485256533897,-5.500131770023981e-06,2.6930736590038395e-05,4.77101229414882e-06,8.690583555006878e-06,7.721442210525721e-06,1.0641315315347825e-05,4.7223477423938875e-06,3.657197650475127e-05,-3.916034592859781e-06,3.978515727608352e-06,4.641391053984314e-05,-2.213671237607462e-05,-4.4338688065731014e-05,9.923819688300391e-06,4.075071479701026e-05,-1.4997735808167867e-05,0.001138421553599682,-0.0006280186810070973,0.0002726301362242874,0.0010523252849337376,0.0034914741033240204,-0.0005632352225388165,0.0003204466421392886,3.628791133059591e-05,0.00014138674434227306,0.00042784364917610335,-0.0005325275131418714,1.8958803973617837e-05,0.0010047502155545443,0.00019030027751682364,6.695035137708006e-05,-0.0012791307666633683,0.0015154609197302747,-3.9761579489442135e-06,1.9462425497510538e-05,2.872642082504115e-05,5.333333075801305e-05,-0.0009525154210344163,0.0001639708687987482,1.6272822512853243e-05,-4.163346713102127e-05,-1.5732608264007455e-05,-9.983098959620501e-05,-3.4016898915736654e-05,-3.2258939139449904e-05,-6.995170931272715e-05,3.5059602954724904e-05,6.60555272163482e-06,5.5110907252835744e-05,-7.698656637456914e-05,2.1408630322765692e-06,-8.172626736793206e-06,-1.6029122509559922e-06,-3.1458426125452597e-06,8.140938191466828e-06,1.1546702324591424e-05
27,-7.606307162512981e-05,-0.0001559649841694913,-8.225818223598222e-07,-2.5093555450436956e-05,-0.00010899407199666299,-0.0002052765103835047,-1.751244822634776e-05,-0.0005792202074316446,-0.00010998339592655987,0.0009760253037078452,0.0008353100547307693,0.00015463387664360007,1.1229816871352079e-05,0.00034676322454138607,-0.00048721892924248356,0.0012380986274043266,-0.0027958833718601667,0.000451015520699419,0.00029880185670490506,0.0003047713750525378,0.0002689120135729823,-0.00014370302610759494,-0.004808063748516614,-0.01129922987539557,-0.00020765956444076205,-8.792213246792308e-05,-3.3644181263595095e-05,-9.04824914811476e-05,0.000285636020612113,0.0002843518800373342,-6.546513943732281e-05,0.0003741964509215546,0.015289692939082278,-0.0012488968764679342,-0.0006969789915447001,-5.3888634790348104e-05,-0.0018187897114814089,-0.0019132879715931556,-0.00014005733441702894,-0.0012806759604924822,-0.00018813942052140948,-2.5222950343841843e-05,-0.0001998309847674816,0.0010480035709429369,-0.0022137829020053507,-6.646068790290571e-05,-0.0001575494114356647,1.125169705740581e-05,0.0009187957908533816,-0.001258149931702433,0.008376495747626582,0.002359317827828323,-0.0009604224675818329,0.0024888726729380937,0.0005765745911417114,0.0015183581581598596,-4.462350772906002e-05,-0.00017645389218873546,-0.0004895427558995481,-3.1241887732393666e-05,6.795759442485722e-05,-0.0001417986954314784,-0.0003754338131675266,-2.2603741175010953e-05
28,0.0007751319981828479,0.002782471572296531,-0.003368908845925633,5.3677377821524874e-05,-1.3716613190083152e-05,-0.0037624866147584575,-0.0031515676763993277,2.2308735907832892e-05,0.00031087971940825136,-0.000476752655415595,4.6524820448477213e-05,0.0003723434255092949,0.0001848438118077544,-5.4517124272600884e-05,-0.0003433951848669899,1.4376696906509288e-05,5.4941901677773436e-05,-0.0003244816502438366,0.0009081635294081279,0.0002975524226321523,3.267692614204636e-05,0.00042361850979962337,0.00044677378256109435,0.000837682168694992,4.100799560546773e-05,-0.00016203484957730835,-7.686735708502378e-05,7.330050951317367e-05,-8.779594415350367e-05,-0.0002516251576097807,-4.807680468015684e-05,-0.0002135540111155555,-5.814565133443289e-06,-1.1042703556106268e-05,5.859551550494875e-07,1.323675807517931e-05,4.795155947724464e-06,2.7433226380148936e-06,2.878564822520409e-06,-1.5759769874279625e-05,0.001372759855246243,0.0006469291976735558,0.0003671766836431961,0.00523637216302413,0.0005655650851092759,-0.014223693292352218,0.0022091684462148924,-0.0008155907256693765,-2.672400655626299e-06,1.1958276169208668e-05,-8.529500116279746e-06,-4.007469249669303e-06,-2.8711613974978713e-06,-1.6586690009394975e-05,-6.290930735906933e-06,-3.400671331187714e-06,-1.1195110369324796e-05,0.0003062833713579813,-5.533612227137017e-06,-2.7188771887663278e-05,-5.1516520826126224e-05,6.387505350235459e-06,1.0484381567078286e-05,9.91670391227609e-05
29,-3.6083444764358313e-06,1.101478745665624e-05,5.354156977014062e-05,5.728270434125475e-06,-3.824581073809357e-05,-6.964236875123747e-05,0.00040827521794958865,-6.474365916432422e-06,0.0006878044031843342,0.0009330073489418506,0.0006689874431754985,0.0005113384391688113,0.0012415873853466178,0.002120174939119366,-0.0003190282024914699,-0.002458789680577533,-1.5415156943912339e-06,1.9359814969800573e-05,4.3654743629158765e-05,0.00011232938570313695,2.497736411760436e-06,4.022936277756035e-06,2.067809617972614e-05,3.430747155901645e-05,0.0006286041646064102,0.00020888183690324658,-0.00010374527943285311,-0.005702948268455796,0.00024392333211778098,0.0005859544005575061,0.0022997433626199063,0.00013420249842390256,1.9394144227230027e-05,1.7882902410959803e-05,5.0952917412859875e-05,-0.00025185150436208333,4.452240617968022e-06,7.284592978561117e-05,0.00020233588882638719,-7.023690622063736e-05,-4.084804390049637e-05,-1.2726723393303226e-05,-8.422060857844894e-05,-2.9042174544525376e-06,-5.320657657670894e-05,-1.8439715421654157e-05,-0.0006920476503010048,-3.5783912562113386e-05,-0.0018611135362069835,5.1832651790180985e-05,2.2306472440314357e-06,-0.00027578088301646403,3.906744944898317e-05,-0.0008833921408351456,-3.33967088144078e-05,-0.0037194022649451146,-0.0005118454558939873,0.0036912507648709453,0.00010416703888132646,-0.0026207694524451124,-0.000768169572081746,0.0010441888736773138,-3.693677202055908e-05,0.0003555605683145742
30,-0.0002853840212278732,-0.0003058970729006991,7.877998714204976e-05,7.95687112627098e-05,4.957333395752805e-05,0.00034006939658635574,0.0002764810489702833,-5.782405032387661e-05,0.0002619722221471013,-1.790402810784139e-05,1.2100403067430487e-05,1.0624244997766226e-05,6.728836252719384e-05,8.157989646815934e-05,-3.0571901345530254e-06,2.282329752474808e-06,8.66115847720249e-06,7.011090652854452e-06,9.483928921854045e-06,3.9735926857477864e-05,7.849780819083449e-05,1.180983042414852e-05,2.151727676390672e-05,3.9399424685706015e-05,-0.0010292198084577708,0.0002459332912783099,-0.0007387957995450949,0.0005234193198288487,0.0002233536937568747,0.00019524972650069368,-0.0051782583888572995,-0.0006930918633183368,3.505620775344021e-05,0.0012605507162552834,6.803681578817215e-05,-0.0006398377539236353,8.239021784186132e-07,-3.495699242700715e-05,0.00010566545438163312,0.005873136882540545,-0.00011786931677709623,-4.515994953202799e-05,5.777576301671396e-05,-0.0001152587842337627,-0.00026005129270915804,-0.00021300889268706082,-0.00014194204837461322,-9.936320630809999e-05,-0.0024529227727576155,-0.0008635702012460443,0.0003403440306458305,0.00021034554590153165,-0.0038356539569323585,0.0012643699404559542,0.003512364399584034,-0.0015366831912270063,-4.263146768639607e-06,-0.0003704639929759381,-0.0010137226008161769,-0.0005875508996504761,-0.0001699275608304231,-0.0006039595302147208,-0.0011190990858440154,-0.0003415678120866607
31,7.535385180123614e-05,3.498415403728231e-05,-0.0001833152167404808,0.00047852721395371897,-0.00027971856201751356,-0.0001702372786364996,-0.00011604496195347032,-0.0005730526356757436,0.00017732457269596584,0.00035447410390346577,9.866926488997143e-05,0.0002093266082715425,-0.00011687188208856861,2.4219102497341916e-05,-9.081673018539989e-05,0.0003197419492504245,0.0005543081066276465,1.3263919685454467e-06,-0.0005456073374687854,-0.00022542778449723068,-0.00017519238628918926,0.00017377394664136765,-0.0003927840462213794,0.000656471976751011,0.0006883265096929979,3.214123882822688e-06,0.0008092469806912582,-4.751471024524944e-05,-0.0004904179633418186,0.0009546270476111816,-0.000292764434331579,-0.005740153638622429,0.001776429671275465,-0.0017208343819726858,-0.00532792489739913,0.0028254834911491306,0.003384167634988134,-0.011703225630748122,0.0002582706982576331,0.0009689964825593946,-0.0004121216037605434,-0.0004657431493831618,-0.005781535860858386,-0.002266437192506428,-0.00017841707302045359,-0.0019519419609745846,-0.00018103515045552227,2.4572580675526154e-05,-0.0005291387250151864,-0.0029992212223101267,-6.196770486952525e-05,-0.0012061867532850875,-0.00018290628360796856,-0.00032191336909426823,-0.000467205349403097,0.00012428549271595947,-4.793722418290527e-05,-4.765315900874771e-05,0.0001313177090656887,-4.396370694606842e-05,-0.00014964840080164177,-0.0004428851453563817,-9.394521954686371e-06,-0.00012073260319383682
32,-0.00033465518227106456,9.28821443002464e-05,-0.00026009958001632324,6.918665728991918e-06,-0.0001958050305330285,-0.00013092197949372223,3.717537922195316e-05,-5.5855305134495084e-05,-7.280971430524687e-05,-1.2650142742111185e-05,-5.934811845618251e-06,-4.042967965330903e-05,-0.00015939941889122898,-4.3923341775248815e-05,-2.886751030063923e-05,4.060660736475104e-06,0.00011736380903026778,-6.590161142470017e-05,0.0005362064023561117,-4.394144951541692e-06,0.0005980745146546215,-0.00029082992408848557,0.0010325305069549134,-0.0003637543207482486,3.9429227008105034e-05,2.1771256682211703e-06,5.315715753580377e-05,-2.3129808751514157e-07,-7.704843448686855e-05,8.53968572012934e-06,-1.9620490979517446e-06,-2.2204616401721467e-06,-4.9120263208316915e-05,-3.550927850264354e-05,2.73049632204681e-06,-1.2298173541975798e-07,-3.593631937534525e-05,0.00022657083559640237,-2.1112116077284754e-05,-0.00016818846328349273,9.578692762157095e-05,-2.8685678409622682e-05,5.137467686133704e-05,0.0001509340503547785,5.688093885590836e-06,0.0010679039774061775,-4.468688481970611e-05,-2.726459804968944e-05,-0.0015159558646286686,-2.7138975602182626e-06,-0.00029123282130760634,-0.00011097026776663953,-0.0005637452572206875,-2.5682811495624725e-05,-0.00013442054579529696,-0.00011017503617685118,4.502131214631877e-06,-1.3520446004738524e-05,0.0003152942355675072,8.490643923796617e-05,6.479553029505509e-06,5.143994017492359e-05,-3.194884408878012e-05,0.00011883355394193963
33,-3.349479240707054e-05,-4.55862359156009e-06,-2.0625281937510803e-05,0.00010902972161015113,-6.017805654791142e-05,1.2664100791829001e-05,-8.80564315409058e-06,-0.00010288817973076202,-0.0002586720864984071,-0.00038272670552700396,-5.0801265088814666e-05,-0.0002952059612998506,-0.00036490491673916054,-0.0001728987391990884,-0.00016720385491093533,-0.00019579597666294365,0.0010836516754536684,0.003689959079404421,0.00048470798927017193,0.00018968159639382433,0.00016239700438101356,-0.005378240271459652,0.0004642643506013898,-7.192394401453288e-05,-0.00017115134227125236,5.839142618299674e-05,-8.420212359366828e-05,-1.246831085108092e-05,-0.00018679642979103567,-4.8829784876189665e-05,-9.231024150607594e-05,-2.8669079647783258e-05,-0.0029008116903184345,-0.0010961701598348505,-0.0006525305253040938,-0.0006565353538416556,-0.00021491171438481864,-0.0002791874016387602,0.000293822228154051,-0.0007956299600721857,-0.00013674060000648687,-0.0009922739825671194,-0.002082365977613229,0.001183509826660154,0.000494751749159414,-0.0008331009104282038,-0.00018721441679362495,-0.0009207001215294984,5.132789853253522e-05,0.0008434404300737902,0.00020657159105132302,0.0003445487988146091,0.0005517881127852437,0.00011164421522165292,0.00011738493472714906,-3.351893606064895e-05,-0.00023910969118528725,-0.00010060660446746982,-4.729741736302959e-05,2.3407838012595733e-05,2.0489662508409433e-05,1.545420175866109e-05,-9.078692786301424e-05,3.640410266340191e-06
34,-0.00026016597506366097,-0.00027610984029649316,-0.00040801567367360634,-0.0004619465598577203,-0.004372874392738828,-0.0008369005179103429,-0.00198173522949219,0.00010436546953417645,5.140674265124216e-05,5.606797677051523e-05,4.567036145850765e-05,4.01686263989812e-05,5.68054899384663e-05,5.920023857792223e-05,2.4728759934632316e-05,2.3577786699119786e-05,-6.860947307151883e-05,0.00011848799790007627,-2.2911006891277762e-05,-2.4537119684333908e-05,-5.334389360645204e-05,-0.00028965141199811616,-2.3555152023886613e-05,-3.975705255436273e-05,-0.00045805603643006364,0.00011521955079669979,-0.0008640410024908519,4.940998705127467e-05,-0.00018623207188859497,-0.00011767013163506017,7.575071310651571e-07,-0.001098970823650119,-0.002449313296547418,-0.0006143352653406836,-0.0012659241881551684,-0.00017728684823724306,-4.229364515860135e-05,-0.002083404154717171,-1.0176549983925536e-05,-0.00038355815259715967,-0.00034801265861414746,-0.00010481967201715801,-0.002474917641168909,-0.0002477108677731278,-0.004166409939150268,-0.0008815813668166559,-4.345857644382768e-05,0.0004313837123822602,-0.0014144076576715747,-0.0011325938792168333,-0.00017330616335326318,0.00017778481109232636,-0.00023229967189740267,-0.00046526631222495454,-0.00019374093677424221,-0.00031699108172066813,-6.977364986756502e-05,0.00014024444773227815,-0.00014814866494528519,-0.0003073766261716375,-2.148954928675436e-05,-0.00011414968514744536,-9.189829041685729e-05,-6.442733957797595e-05
35,-0.0001823026922684703,6.593895863883097e-05,0.0003277923487409664,1.812509343593911e-05,0.0003578859039499788,0.0010109732422647554,0.0006245419948915873,2.7777273443675528e-05,1.3973422442809139e-05,5.181454404986488e-07,6.660309773457881e-05,5.0976306577272325e-05,5.530405648149375e-06,0.00010470348068430683,2.3948618128332345e-05,-2.2578088543088514e-05,-0.00034293645544897596,-0.0002409536627274557,-0.0007333951660349423,-0.00015495396867582788,-8.081182648863789e-05,-0.0008393299730518215,8.727930769138073e-06,0.0001249222815791255,0.0004148136211346929,-0.0005622332609152479,0.0016204103638854214,2.4240228194224975e-05,-0.0006971540330331522,2.6299983640260366e-05,-6.060057048556454e-05,2.8525726704657657e-05,-0.00014979929863652013,-5.472159083885569e-05,8.457521849040522e-05,0.00015200693396073126,-0.0004325652424293238,-0.0013168431535551782,0.0007552859149401696,0.0009362425985215596,-0.001515014262139048,0.0002689603008801435,-0.0009673275525056874,-0.00044863737082179877,-0.0008494703075553798,0.006003271175336235,-0.0005677380139314646,0.0018495668338823943,0.0007643080964873124,0.00026369396644302203,-0.0009129198291633671,0.00031011617636378,-0.00022290024576308108,-0.0006100195872632769,-0.0004196664955042624,0.0004037120674229971,1.691828800153631e-05,-0.00014344197285326776,8.622905876062912e-05,1.4769880077501107e-05,-2.058774610108073e-05,-9.500716305996123e-06,-5.038101461869647e-05,1.884610215319551e-05
36,-0.00022483777396286683,0.00012393239178235031,-0.0001990357531776931,-4.259015940412271e-05,0.0009507046470159242,0.0010002776037288624,3.875056399577853e-06,-0.00017921079563189185,-0.0003819737253309799,-0.00036194958264314616,-0.00020947939232934888,-6.891504118710726e-06,6.067903735970374e-05,-5.410743665091599e-05,-0.0004822091211246544,0.00010835332206533627,0.00026620490641533534,-9.347366381294503e-05,-8.232985870740505e-06,-0.00015926210186149344,0.00018493510499785007,9.949448742444505e-05,5.0884023120126964e-05,-3.1585934795915185e-05,7.858985587011141e-05,8.834445778327402e-05,-2.6207935960986078e-05,2.9052360148374484e-05,1.4374527750134873e-05,-2.4062640304809948e-05,2.8608720513842472e-05,1.5866907337046114e-05,-2.8846761848351665e-05,-4.157235350789403e-05,-7.509883446029683e-05,3.952617886701031e-05,-1.9162516050699908e-05,7.4894367894075145e-06,-1.9364719149422548e-05,-2.9455257367527334e-06,-0.00039325182950949246,-9.954428370994686e-05,1.2102006356928517e-05,-0.00016346762451944716,-0.00019744604448728448,6.49773621860957e-05,-0.00038445599471466753,-0.0005597260933888102,0.0008786811104303691,-0.00011401840403110254,-9.534328798704685e-05,0.00037277801127373297,0.0013657763034482585,0.0005836999869044848,-0.00043932999236674257,-2.3936923546125385e-05,4.615964768807941e-05,-4.6378449548650876e-06,1.1761920361569766e-05,-2.5239360483387556e-05,1.5032819554769524e-05,3.5549643673472176e-05,-2.97212148014523e-06,-3.169684470454325e-05
37,0.00011472196518620632,-5.3833557080622224e-05,3.57703317568653e-06,-0.00019701975810377587,0.00010029424594927338,-8.868869346909049e-05,-4.003319559225532e-06,-0.00027202956284148633,1.0973290552064557e-05,-0.00034462500222120606,-4.712992076631931e-05,-3.88644918610761e-05,-4.7255165969262016e-05,0.0002804104285904142,0.0006308706500862269,-0.00011578390869913498,-0.00012137391899205683,0.00026566771012318256,-5.750791935981652e-05,-5.989436861835186e-05,5.479477628876139e-06,5.808057664318443e-06,-5.3554396086101135e-05,-5.0906893573225325e-05,-0.00016405310811874982,-0.0003750082812731749,-1.6206427465511437e-05,0.0003081424326836372,-0.00011641164369221182,0.00011640183533294616,-0.00013800210590603134,0.0003056043311010422,-0.00016137995297394833,0.00016893163512024712,0.00019888938227785922,4.615662973138543e-05,-6.761430185052525e-05,0.0006275478797622899,-0.0003234012217461319,-5.167345457439077e-05,-0.00023780329317986035,0.0002849615072902215,-2.2338915474801108e-05,-0.00017077107972737442,-0.0003078225292736946,-0.0001609280139585079,-0.0003681152681761131,-3.902067112017684e-05,-4.712916627714992e-05,-8.077164994010398e-05,1.7651274234400073e-06,1.5157687513164992e-06,-9.28172582312064e-06,-2.1787761132921863e-05,-1.0782216168650804e-05,-4.8576842380461174e-06,-0.00010443035560317909,0.000527630878400204,2.0366303528410804e-05,-4.0811828420133374e-05,0.0004948603956005293,7.078164740454104e-05,-6.9247016423796476e-06,0.00014016183116767798
38,7.981891873517337e-05,-7.4551075319737e-06,1.6118906721287324e-05,1.5250112437000135e-05,1.6536516479318821e-06,2.2159724295898434e-05,1.538063906416801e-05,0.0002528149870377562,0.0001681492298464231,3.3577691905107475e-05,0.0001927161518531524,8.457521849041392e-05,2.479006218004894e-05,1.3204315040684201e-05,-1.336577572400009e-05,0.0004865549787690383,-0.00020169155507147844,5.6900555574435646e-05,-0.00034302095823650195,-0.00036391729040990473,-0.0002320703071883958,0.00045090687425830756,-8.854684950429766e-05,0.0002882691878306709,-0.0006029937840715266,-0.0003387807290765334,-2.880036076413257e-05,-4.4711028473283924e-05,0.0007188531416880939,-0.00020903273473812112,0.00015479099901417125,-2.373547493657316e-05,-1.4977930467331387e-05,7.243096074041526e-07,5.361777317672638e-06,-3.7527348421827436e-06,-7.482174831091402e-06,-1.714953893342568e-06,0.00016097177433061478,-3.6076654361766614e-05,-3.725478920755179e-05,-8.73019423666042e-06,-3.26165670080975e-05,-6.918901506856004e-06,-1.0053568248504063e-05,5.284253555007059e-06,-3.8313903386077476e-05,-1.341029058528377e-05,-0.0019196981116186215,-0.00017460275299941078,-0.00031886070589475944,-0.00027359701410125195,-0.00036591668672199913,-0.00046005958243261523,-0.0022879974751532834,-0.0026498021958749484,-8.37830048573206e-05,7.321638397023096e-05,-0.00024240454540976758,9.54730601250318e-05,-2.489059786253567e-05,-0.0011892439443853835,3.610381597205025e-05,0.00021243698989288572
39,-1.1419948143295293e-05,3.3876563929608827e-07,0.0001212433923648919,-1.7076353483569747e-05,1.5139579772952144e-05,-6.844631478867077e-08,5.360645583911478e-06,-9.303606009180553e-06,-6.143352653407126e-05,-5.173720890962099e-05,-2.809415889690833e-05,4.8346157315414474e-05,-0.0001584910139252848,0.0030483799644663327,-0.00018836274931702406,-0.00017635128166101436,1.071902770030142e-05,0.0001543865928167068,4.3328804305837524e-05,8.853647527817756e-06,2.7776896199097108e-05,-3.70786159853358e-05,2.7512447743467884e-06,3.1411270552042093e-06,2.1400330941891043e-05,-1.2637599359580368e-05,7.63807115675595e-06,7.381544837469657e-06,1.3178662408753854e-05,-2.7561489539805783e-05,4.482986051825741e-06,6.777199008779383e-07,-2.280669876292363e-05,6.552587581585817e-05,5.25086740904216e-05,-0.0004795020139670064,4.997575962090367e-05,-2.4184395995334127e-05,-2.0450429071354177e-05,-1.4970196953297784e-05,-0.00018086614488046823,-0.00034631958490685487,-0.0008383159396014659,-0.00010729137855240077,-0.00015197524541540774,-0.0003397404393063318,-0.00022525726994381736,0.0001983563356761755,-3.925795796550491e-06,-1.7232532742646952e-06,3.0264069762411387e-05,0.00011322769937636547,-1.575467707235416e-05,-2.8293344038368935e-07,2.117115485516834e-05,-2.64542766764198e-08,1.7776708059686491e-06,5.639052089256434e-05,1.7848714620256273e-05,-7.060698316066091e-06,-2.3679076870782717e-05,2.829787097399482e-05,1.3524972939794805e-05,8.672174019150802e-05
40,9.930586513084032e-06,1.6074769104588927e-05,-2.4701975568924916e-06,-2.5089783004575745e-05,9.126150155369183e-05,2.5845781157285674e-05,1.6510486602783078e-05,8.34336763695829e-05,5.3610982774182594e-05,3.27859498277454e-05,-6.6772291931903585e-06,-0.0001647925075096424,8.264976211741176e-05,0.00011714953410475093,-0.00034552586229541683,4.9656705011293865e-05,1.06172659729106e-05,-1.8848648554161503e-05,0.00042220007015180127,2.6082502135752065e-05,-1.6253960283493665e-05,-1.2039289444263832e-06,6.1018557488168094e-05,1.635355285451192e-05,-1.1743623999081305e-06,2.768786647650741e-06,1.1106080646753876e-05,-1.289572896836367e-05,2.1325636513621965e-06,6.274331974081231e-06,8.475176895718159e-06,-0.00024373320084583247,-8.853666390044613e-05,-0.0004130073740512518,0.0005782525750655177,-0.0009074392198007343,6.133544294140145e-05,-0.0003021819682060917,-0.001063463997237292,0.0023074512240252912,2.57464715196986e-06,5.841858779327964e-05,9.20340984682528e-05,5.976874617088379e-06,2.3706427103359752e-05,9.153387214564493e-05,1.2531876564026631e-05,0.0003931801530379291,-3.119963633863166e-05,0.0002176655998712829,-0.00013250904747202875,8.205899709387766e-05,0.0001816191250764765,-0.00028886976121347076,9.713293630865405e-05,0.0002677953695949072,-5.9334537650960684e-05,3.111022937147014e-05,-1.2943261786357773e-06,-1.6186810746978274e-05,1.0548701769188986e-07,1.314565350737401e-05,-3.394069550914213e-06,-1.1154367953913922e-05
41,9.291534182388009e-07,1.785875875736941e-06,-7.782555833643962e-07,1.2425493590436732e-05,2.407395764241865e-05,-1.1215010021330816e-06,5.6075521662255545e-06,1.8239775790454968e-06,7.807642598690093e-06,9.070563165446353e-06,2.2491322287999453e-06,9.965104392808624e-06,6.534159183498242e-06,8.980420571339159e-05,1.2376121705089081e-05,5.334615707397707e-05,-4.913837094850467e-05,-0.0005097283592707029,-3.0005845842475283e-05,-1.8191488483283095e-05,-5.659498745882014e-05,-7.385505905634004e-05,-2.358533159087102e-05,-3.721649888195866e-05,9.416779385334063e-06,1.4696694627598012e-05,-2.7793872205518662e-05,1.0838897167885195e-05,1.869511000717161e-05,-1.4014636413592643e-07,-4.917307745052123e-05,1.0351308538942245e-05,2.4425832531117668e-05,2.759789364247359e-05,5.8125845993621365e-05,-2.6783611201041707e-05,1.8539496614961688e-05,1.6715896280501323e-05,-1.0828711564022511e-05,1.3101327268377988e-05,-3.0104118057444437e-05,6.742492506776546e-06,8.901840523828228e-05,1.373981373219218e-05,1.8086048621168766e-06,2.168694251700075e-05,2.9686508299427346e-05,-0.00017065413390533705,-3.334842150717696e-07,8.841104145288678e-06,5.6430508818805496e-05,7.362192190146275e-05,8.667571635186401e-05,3.558925435513753e-06,-1.4827598499383598e-06,5.236154870144363e-06,6.113173086432172e-05,0.00017599063583567228,0.0003506443168543562,0.00030802775032912506,0.0002766236474242436,6.765051733089621e-05,0.002586645416066615,0.0006679937809328542
42,8.388787885251497e-06,1.95222187645834e-05,4.3410666381257e-05,2.7929303012316586e-05,-1.1410234095178218e-06,5.382223974300273e-05,5.338765397857536e-06,2.8408780882626644e-05,1.1140032659602672e-06,-1.9919645937185013e-05,-4.650199715093528e-06,-9.882204894779204e-06,-1.632224155377485e-05,3.2415684265411414e-06,-6.879055047334645e-07,1.05631549524331e-05,-2.934359296967656e-05,-1.562358457830888e-06,3.248924695993238e-05,-5.8711518215281516e-06,-2.0801266537440047e-05,-4.9618037441129795e-06,2.9255317736275753e-05,-1.2908932528918144e-05,0.00010016088998770486,0.0006268114983281015,9.601855579810329e-05,0.00010592499865761388,0.0007287641114826444,7.236909262741763e-05,-0.00025999998744529796,0.0005977727189848683,-1.3541194457033952e-05,8.518277089804955e-06,2.4839669843268407e-06,0.00014836463747145602,-2.3733400091333945e-06,-4.467481299291928e-05,-2.407952200005099e-06,5.670212492158026e-05,1.239720024638543e-06,3.374358521230817e-06,8.282027667076825e-06,3.51679193068e-06,4.3112690312927224e-06,3.4073202670371436e-06,-8.228176002250724e-07,1.1570798822593018e-05,3.3727080761626295e-06,8.412554294210192e-07,-3.410149601439971e-06,1.8822618677642422e-05,8.169231535515916e-06,2.4548814266541932e-05,-1.1932246292714679e-06,-1.2498490418059598e-05,-3.532188225396072e-07,-7.837180849872373e-05,-1.4182038699527081e-06,-1.9008411636886844e-07,2.311188963393153e-06,8.0143254768957e-06,-6.409762780873971e-06,-4.681511015832342e-06
43,1.5317922151542595e-05,-5.337633664094586e-05,1.7431717884686063e-05,3.5705068443393176e-05,-1.5136561816244292e-05,-0.00022606240420401514,-9.88312914401708e-05,-0.00028424644017520953,2.4688394763796367e-05,-6.982759584354663e-05,-0.00019155725648131077,3.0715254288672047e-06,-1.8204692043843754e-05,6.301493584354569e-05,5.588086345528042e-05,-2.4517880210389594e-05,-8.537988119491159e-06,4.2455860331087126e-05,-7.76084540765462e-05,-3.583069089092862e-05,1.4755167538605282e-05,6.349026402364406e-07,-5.915270575993845e-05,-3.472159180459199e-05,-3.060773958134101e-06,1.9524576543247024e-05,3.226535229742641e-05,1.6091367866397765e-06,5.928775932212827e-06,1.9712538658815066e-05,2.6426926443830606e-06,0.00012288063387328184,-9.532027606702895e-07,5.510223062730376e-06,8.845489613613093e-06,1.667251315298011e-05,7.082484190981268e-06,6.823435048510057e-06,3.756318665756816e-06,7.551399212847471e-06,-2.8219309788717176e-06,-8.014938499351182e-06,-3.582314599920077e-06,2.7559320383438798e-05,2.4300210083587604e-06,2.033159702636743e-06,-3.403406354444298e-06,-1.7204946732203829e-06,3.2202541073661596e-06,-4.4241358962164854e-07,1.873137264312068e-06,1.2398143357866062e-05,1.750697817983198e-05,5.562235660190823e-07,5.468726158139598e-06,1.233476626721988e-05,-3.9254562764225744e-05,3.500829769095786e-07,5.735023112236723e-05,-2.304832392100663e-05,-4.3368037742891415e-06,-8.84148138988052e-06,0.0012387723862370373,1.0711482808563878e-05
44,0.0006112750572494321,0.000350810304472717,0.002425471438637262,0.0037595773045020755,0.0003305356713789933,0.0002387505543382858,0.00043298926534532167,0.007345296159575257,6.491624856297311e-05,0.00017333332496353534,6.0622450671621275e-05,0.00026201815167559416,7.918627956245764e-05,0.00011302700525597396,8.870265151881399e-05,0.0002516485467741792,-8.532140828384636e-06,-2.904556974580103e-05,7.6610830765667e-06,1.7783875706830593e-05,-5.853892881657351e-06,-7.616756837576776e-06,-6.22830813445892e-07,2.226308931273135e-06,4.1614604901664144e-05,9.807152084157746e-05,0.00010717877104312644,4.1482569296147774e-05,4.906443100939948e-06,8.052719544761359e-05,-6.0939336124850786e-05,4.735174058362321e-06,0.00013687037214448524,3.2876111284085545e-05,-0.00019529499585114465,-1.542175872416871e-05,-5.174513104595241e-05,-3.8423115694072975e-05,-2.121699007251848e-05,-8.241285251665256e-05,0.005324436139456833,-0.0009767435774018483,0.0001753855355178285,4.585483406163419e-05,0.010562510430058344,7.866605927672527e-05,0.0036747327333764186,-4.557114613205951e-06,-0.00030349176141280127,-5.317639700973673e-05,-9.280820436115565e-05,-0.0002751410761965969,-5.6446070158022866e-05,-0.0009064614018307425,4.7116339961182165e-05,0.00012239700631250981,0.0004086196422576805,1.098008095463323e-05,-4.591066626076371e-07,0.0001503017884266525,-3.1438054917739335e-05,-3.9414514469253205e-06,-0.00011669080468673402,-2.3847893823555684e-05
45,0.00011845338570921043,0.00015634222875667087,9.990794749199046e-05,2.0789194710642612e-05,0.000351342973829825,0.0002927512307710245,0.00027884863599946555,4.5625469352633444e-05,6.3437449781226955e-06,-3.746486728704112e-06,-4.22506392756619e-05,-4.751112642166342e-06,-2.080833987346054e-06,-1.1284234403052118e-05,-6.651293627823455e-07,-1.0892560210407741e-05,6.3354455972059565e-06,1.9993208631677587e-05,3.992898177513213e-07,5.490559188625482e-07,1.0604251034651102e-05,1.2622981131829484e-05,8.50799717480125e-06,8.527000870880823e-06,3.0801077432282163e-06,3.401878513867936e-05,3.2920013122900966e-06,-2.553002743732324e-07,-3.0610757538029566e-05,6.087822250172705e-05,1.998226853865679e-05,1.1720234834695799e-05,-1.7598459992093189e-07,-2.2777320840682825e-07,1.0924295911306425e-05,2.947336510766578e-05,5.453259130066948e-06,1.7257996752297796e-05,3.3222044570553563e-06,-3.471357535713595e-06,1.0441752928722859e-05,-6.010638007633378e-06,-0.00017167910744872556,2.9765352418148826e-05,-3.0866152123531e-06,4.508827306046455e-05,-1.1709671986224209e-06,1.2667118748525538e-05,0.00022999546195887408,-5.571166925791913e-05,-2.1152104003518996e-05,1.286819011349945e-05,5.6045719339870144e-05,0.00014387354066100808,8.746189407154985e-05,1.5106382249275548e-05,3.75365909141816e-05,-1.9733098488827942e-05,5.2737661554845735e-05,0.00012774029864539652,2.6551983024500356e-05,3.753659091417816e-05,4.7703332538844904e-05,0.00012843895562087438
46,-0.00010006337226191519,-4.343334821209071e-06,-6.714953651910701e-06,-1.0431755947154082e-05,-6.9578991660607895e-06,-3.650218625611663e-05,-8.834502365015058e-06,-7.2027309031385e-06,-1.0962727703623744e-05,-5.9031233002864796e-05,-3.9992641799048884e-06,-5.158536796328268e-06,-5.774671518345599e-06,2.488305297079164e-06,-7.955333854575791e-06,1.5050172805810667e-06,-4.8859304265106e-06,-6.455079286914751e-06,9.08254068109876e-06,-2.7913977450967848e-06,-2.2925908052466463e-05,-8.878451359451392e-07,3.1877167617228292e-06,-7.870218044592264e-06,-2.029387256763972e-06,-2.544382704963724e-05,-1.7159866004048833e-05,-2.8235814239402804e-05,-7.529783098003002e-05,-3.1803604922719304e-05,-1.8540722659873564e-05,-2.5829936884650296e-06,9.974195987363475e-05,-3.044175196299025e-06,4.113144889662416e-06,1.7617322221587927e-05,-1.2864794912213462e-05,-2.4726873711691405e-05,-1.386751102496323e-05,4.752376411534548e-05,2.1569713761542542e-05,1.0040741932544917e-05,-1.620039155211338e-05,-1.2556020217604674e-05,-3.474271750148149e-05,-4.817903796328441e-05,-4.0887277337566497e-05,-5.716009985044422e-06,3.1489171559293515e-05,-1.2836360101458787e-05,-1.6381468953959413e-05,-0.0003677682031559098,-2.828957159305446e-06,-5.382337147671189e-06,-5.5888785591580265e-06,4.657555984543972e-06,-3.1003469153293574e-05,-9.453749354893842e-07,-1.066659070268462e-06,-1.2322317195842066e-05,-2.8663043734399075e-06,-2.215109482592671e-06,-1.2589406363566212e-05,-5.408178401900987e-06
47,-2.4128210129609225e-06,1.4233296807804097e-05,2.2212161293501185e-06,-8.059453360633592e-06,4.272459994384892e-06,-4.76335422902142e-05,-2.936872689030353e-06,-1.6513646026204648e-05,-2.2198957732955204e-06,-0.00017047909241688647,-9.44299788414543e-06,-5.9802698183639156e-06,-2.5776415309072716e-07,-8.403594735304955e-06,4.133846186382672e-06,-1.0793344883973856e-05,-0.0016939066633393468,-5.809113949159727e-05,0.00016228986691825493,-3.826655919038484e-05,-0.0002138433577139185,-5.442130414740805e-06,-0.0016563270665422279,-2.949524529372229e-05,4.973686948611787e-06,1.03271648853623e-05,2.7886391440519595e-06,1.7590915100484507e-05,8.94847738592881e-07,3.4570693969715886e-06,-4.049013309839886e-06,5.940352625484748e-06,2.711445470401514e-06,3.248528589176203e-05,4.054926618744836e-05,3.249820651888011e-06,2.541958908491794e-05,5.10534530953615e-06,-1.847366743443987e-06,6.842085077793816e-06,-0.00014175003087973372,-8.668156364296164e-05,-2.9259090182142738e-05,9.71027567416787e-05,1.8828277346493236e-06,5.503338349020918e-06,1.2639344115827395e-06,-1.7970800399770146e-05,2.216085602965734e-05,-8.793571327305215e-06,-6.613097613347928e-07,-8.933387602428859e-06,-4.351893557776543e-06,-2.115059502517018e-05,-6.868114954307709e-06,-3.3861474145766608e-06,2.067903929119118e-05,0.0006602564944496646,-0.00021656857261174807,-0.0003463165669501582,1.8080578574653295e-05,9.09008557283164e-06,0.00010459030730814937,0.00024246264107620017
48,-2.808359604846664e-05,-5.0950653945340355e-05,-2.406200370455863e-05,6.490587433682292e-05,-1.9607664663581427e-05,-5.492832087263264e-05,-4.529575758345429e-06,-9.039534798148325e-06,7.72672363474684e-06,-1.2126527255072749e-06,-1.2070129189310115e-05,-4.84608396699651e-06,-7.047306133221027e-06,-1.3209690776059075e-06,-2.203862878340432e-05,-4.371804998647238e-06,2.0606419708150354e-05,-6.841330588619677e-06,-6.386750861057917e-06,-1.906877077079111e-06,6.391730489609972e-05,1.9564658780634273e-05,2.1920551227617158e-05,-6.9992074483542535e-06,1.6253583038932466e-06,-1.9072543216649134e-06,3.602534909791674e-05,4.0827295448420264e-07,3.145866190330259e-06,-2.683859459961596e-06,7.70229704772358e-06,-2.0866812784440353e-06,-0.0003068296215202241,-0.00033618792702879514,-0.0001221880128112011,-3.6084199253516195e-05,1.987324485301713e-06,-1.712464079071899e-05,-3.98189206666557e-05,-3.1420701666718496e-05,2.810321276700507e-05,4.871830910066459e-06,-4.423117335838608e-05,-1.2748603579361004e-05,1.825260210641416e-05,-6.684774084934397e-06,-4.826316350622531e-05,4.475629782373236e-06,3.065338617638815e-05,-1.3990492760376577e-05,-0.000114389612704886,-0.00010649011104922966,0.0004389678375630367,1.3550248327129622e-05,0.00018614568287812568,-6.399199932438261e-06,0.0038947334772423854,0.0007411426381219816,-1.0593782497359147e-05,0.0006367164322092556,0.0006299139578131151,-6.416477734530185e-05,-0.00036514786225331234,0.00030045267901842833
49,-1.2409837940072175e-05,0.0003355605692803064,-0.0005121593233905231,4.7329105908361684e-05,-0.0011978934082803848,-0.00021921079370039787,0.00015141767791555417,0.0005788803100585924,3.400977842413694e-06,-1.0492350858975942e-05,7.993812802468925e-06,-4.246948829178891e-06,-3.2597704778730255e-06,-3.105100197126243e-06,-4.97208365909429e-07,-4.732759693000633e-05,-1.0260675526867166e-05,7.999037640003894e-05,1.018371763107861e-06,-5.612692123725292e-06,3.7786232519750995e-06,1.9869472407080393e-06,2.030330368238464e-06,-9.69895833655055e-06,3.0371207225171665e-05,1.0199278970300426e-06,1.4896681414347524e-06,-4.835214607322837e-06,-4.420269139206579e-06,-2.0984230163368907e-08,1.2225271025789651e-05,-1.4957747881976947e-07,-6.6368640223628385e-06,-2.14935103549231e-05,-1.528368720525656e-05,-2.617040012456985e-06,-8.461407468291532e-06,2.266862724404967e-06,-1.5066300011892092e-05,4.5854079572218913e-07,-7.029575637622731e-06,-1.3780461836460488e-05,-5.483250074751442e-06,-1.6145125220037384e-06,-2.7512447743452845e-06,-1.306836552257427e-05,-5.042982063709246e-06,-5.490870415409961e-05,1.5374791773056812e-05,-5.786177478256908e-06,7.918363885032826e-06,-1.0238040851639643e-05,9.917194330238254e-06,-4.659913763217842e-06,1.2281197535840099e-05,1.206475345391828e-06,-3.89467311810815e-05,1.9050851652870881e-06,-0.00013761128051370603,-5.693054651912417e-05,-3.2542627069013036e-05,-1.5820129008235956e-05,-4.529085340378724e-05,7.594386233559304e-05
50,1.0154481175587112e-06,8.674739282355902e-07,3.703862805909874e-05,-2.6804171031034444e-06,-3.905235966548734e-06,-1.0350082494032903e-05,2.6133618777299414e-07,7.215179974522007e-06,-9.638599202608856e-06,-1.4278801936133452e-05,-1.1360343498519982e-05,-3.3457822437547973e-06,6.391353245023105e-05,-2.4599647974656266e-06,-3.6991095241113355e-05,-1.400030111964456e-05,2.5017917910692825e-06,6.5329331385978e-07,1.4292382741257231e-06,-1.0241200275065553e-05,-8.025218414355004e-06,-5.578268555191718e-07,-1.8045023272299234e-06,8.769899229457791e-06,-7.032782216612547e-06,-3.173409760752261e-05,-5.5425482082944425e-06,-7.5068654893321e-05,-1.8890522703335866e-05,-8.338614355154057e-06,-5.201448368119811e-06,-3.118681002265336e-06,0.00011116643495198087,-7.920929148227132e-05,-2.830918831160916e-05,-0.0005187867562982089,-9.666062608550229e-05,0.0002669986290267742,0.0001053621497335358,-7.436245302610632e-05,-3.136317186729615e-07,5.910781365406656e-05,1.464935043190099e-06,-1.6761212786521148e-06,5.1917107422152455e-06,-1.3887316365818861e-06,8.455937421790784e-07,1.2220626201804623e-05,6.890598731705426e-05,6.50096165982951e-06,2.920910527433741e-06,1.021672653248111e-06,-8.482834960840514e-05,-3.89942639990632e-05,4.606156409540866e-06,-2.060038379473113e-06,-1.724667941468502e-06,1.0082568926107716e-06,5.150897593433955e-06,-3.763109068329132e-06,-3.153613851040395e-05,4.4293418715276235e-05,-5.35692029361519e-06,-4.592952849088651e-08
51,-5.7200842265845266e-05,-4.566922972473736e-05,2.9134410846094415e-05,0.0003175418588179614,-0.00011200240895717966,7.395050193690143e-05,1.4552587195286075e-05,0.0003319438311118168,-1.807756061791356e-06,-7.6155307926651784e-06,-1.2677115730089487e-05,1.0463821737076441e-05,1.716462871894174e-08,-4.405650911448572e-06,-3.662139554566785e-05,-2.5709218616738492e-06,-3.4612190874779797e-07,-1.1189074455935155e-05,-4.9402442159532586e-05,-4.024822500693939e-06,-2.5851062581514037e-05,-3.083078544350882e-05,-4.300880658475113e-05,-1.9892107082318458e-05,-0.0003121827222123964,-4.9766105941580017e-05,-0.00015236305285103475,-0.0008563271051720723,-5.6067599525932856e-05,0.00034692015828966075,9.200995481466708e-05,-0.0004277289668215962,-1.757276020470941e-06,-1.5161459959025776e-06,3.698883177356004e-06,-8.796306350564135e-06,-4.3245197474202024e-07,-3.837060796308607e-06,-8.39614415470455e-06,-4.8413212540775145e-06,-1.35943859438351e-05,-2.1920739849918974e-06,1.3135656525805614e-06,-8.32522217231255e-06,-1.1799267575722897e-06,-2.552059632350584e-07,1.68043601361651e-06,-7.943262027784534e-06,-3.0669984938231063e-06,-3.052191643775264e-06,-3.2498395141162066e-05,-7.790949525712887e-06,9.225139135046257e-06,2.6467480236989913e-06,3.652104848552059e-06,-5.773327584508652e-06,-0.00015712689749801896,-0.00026125847538815066,1.256375373164136e-05,-0.00013390070275415698,-0.00039384334902220117,-6.876414335226647e-05,0.00012120566790616285,-0.00020396558544303798
52,-0.00020787685732297974,-4.2480003984663206e-05,-9.015089348901881e-05,0.0003010592883146251,0.0001581039609788366,-0.00016321713411355623,-0.00010445751721345327,-1.496906521953602e-06,4.3160553219999614e-06,3.6845478830457256e-05,1.425230050397865e-06,1.8051153496835846e-06,9.551531151880448e-05,2.02897228772084e-05,4.77082367184879e-06,7.931114752081367e-05,-0.000968359693696228,0.00020975402638882514,0.00013446128821071018,0.0012012433402145961,2.0921984805329643e-05,-0.0002546582040907488,-0.0013897328437129138,0.00016312961336932745,-0.002064596248578422,-0.002911440933806991,-0.0005890417702590356,0.00039344799669483236,-0.0018354005451443798,-0.0014124097703378498,-0.0001422212093691298,-0.0019773078870169722,-1.845621987234188e-06,-1.4834766146501413e-05,0.0003916085520877112,-5.257469189311318e-06,2.2824806503106903e-05,-1.2577334536775426e-05,1.6765126699135148e-05,-1.951863494098195e-06,-3.9266445968701165e-06,-5.475422249562465e-06,-3.542279518105038e-06,-3.730430255959001e-06,-4.726120188265665e-06,-4.229194755794252e-06,-1.2828202187277513e-06,6.213218350965963e-07,-6.57673123516595e-05,0.00020609022695806958,-1.47276286837405e-05,2.0479854149153853e-05,6.608117984819708e-05,-4.2118603670147404e-05,0.00036466876162758355,0.0016127421131616906,-0.0009995110427277,-4.991775826562762e-05,-0.001131474217282064,-1.8036818202539363e-05,-1.4365733235695738e-05,-0.0004938388172584247,-5.6816618653793476e-05,-3.785649432409975e-06
53,0.00037863586522355827,-0.0006272521200059328,0.0006363935108426251,0.0002864644497255707,-0.00014567676978775583,0.0003110789045502861,0.0008570846123031436,0.0002146551880655413,-1.8742265580572316e-05,-1.2108372359333842e-05,-8.311452744879907e-06,-3.4752242927315373e-06,-2.491841965083653e-05,-5.138872922219695e-06,-1.1087642817557455e-05,-8.360270552240604e-06,-0.00017294928997377553,-0.0003390191476556314,-8.890523186208264e-06,-1.6712501079217044e-05,2.2215933739435532e-06,4.310849346692493e-05,1.5004903455333287e-06,-1.4307378213616754e-05,-6.1731361135657725e-06,-3.292213512369836e-06,-7.026274747485011e-06,-3.1691374658024235e-05,-9.336473443838856e-06,-6.460313555557766e-07,1.9303605526349992e-06,6.547079810613436e-06,3.085672100884422e-06,-4.01463689683181e-06,-1.2006186231779e-05,-1.628791229634191e-05,-1.4645483674882202e-05,-3.4712537934503754e-05,3.1198410293718144e-05,8.601931077016212e-05,-1.4111022405983103e-05,-4.2849326435511035e-06,-2.671212335176102e-05,3.325599658335402e-06,-1.7790194553661566e-05,-4.154830416548174e-06,-5.46008489931686e-06,-3.6168324796472005e-06,-1.5916845089271977e-05,-7.544137254540028e-06,-6.467141682588661e-05,-1.1942596941054147e-05,-2.168628233897298e-05,-4.0212009526507676e-05,-4.819865468179926e-06,-2.3921079273449474e-06,-1.744303522230209e-05,2.371359475052643e-06,-4.192583168609012e-05,-1.2778028657159066e-05,-2.0048286341406903e-05,1.3778481302385829e-05,-1.725809106343589e-05,-3.160555151444052e-06
54,-1.3992001738743989e-06,-4.294434491591643e-06,-1.3722130392172227e-05,-6.01106240779333e-06,-9.302097030834658e-06,-9.358778030055716e-06,-7.46321829059369e-06,-1.0593770708461679e-05,7.720197303385636e-05,-0.001467559911027743,-2.566809895672379e-05,-0.0011530133742320373,9.948090661930097e-05,-0.004139513909062255,-1.6849252242072726e-05,-0.00015293495564520752,1.82410961464949e-05,-1.0679676374310546e-06,2.6918287518643976e-06,3.0758637416199203e-06,1.967990700202652e-06,2.7485097510917463e-06,-2.0804284494134606e-05,3.247321406497421e-05,9.182623670070831e-05,6.701071051102599e-05,0.00012551757353771492,1.5695732605607172e-05,-1.1594989631752175e-05,-2.9435640648953628e-05,7.26233554791678e-06,0.00011524973036367306,-1.942243757127325e-05,-1.2811792047716162e-05,-3.4639776884752627e-06,-2.4155253850966887e-05,-9.840990923631147e-06,-2.8034365629842984e-05,-7.362234630160897e-06,-2.8861686587326166e-06,-6.248113475285412e-07,-3.3245504468314445e-06,-8.189036876337052e-06,-4.38131863557907e-06,-2.3386099293261745e-06,-1.0663384123693895e-05,-3.00041482418422e-06,-8.923909332180082e-06,-7.779608610310134e-07,-1.0058272016952434e-05,-9.978638042376176e-06,-1.0503998285606261e-05,-8.499320549298464e-06,-2.9613700092282493e-08,-1.1973177330400144e-05,-5.565159305739498e-06,4.0985738174822966e-05,2.2499810291243188e-06,-4.912844470029432e-06,3.639372843727766e-06,3.882224046732641e-06,2.1277349206465827e-05,-4.099328306656059e-06,-1.0211586574959743e-05
55,2.1065337748471888e-06,-3.59559360938708e-05,1.7775764948148578e-06,-0.00017273275158073408,-5.988041056862353e-05,0.0002827644348144533,1.487508416175601e-05,5.762712864936405e-05,-1.0815602314642863e-06,-2.0454201517230966e-06,8.70510747161239e-06,1.1837086345575523e-05,-3.5051680818369347e-06,1.8223507117620715e-06,1.1085096416544276e-06,-1.0237663607049729e-05,-0.00012598158437994035,-5.2127657057338455e-06,-0.0002568975279602742,0.00015288742282722708,-0.0001245963422557884,-3.5243698313265856e-05,-0.0002218439609189579,-2.027576482748391e-05,6.051003178469803e-06,3.942642125145869e-06,2.5711812173260768e-06,2.6621301717390484e-05,2.5514466098596603e-06,6.149086771132069e-06,7.732005058962579e-06,1.0282272779480557e-06,-5.680171749257597e-06,-1.148049589952381e-06,-1.3640928494778577e-06,-6.521615801013808e-08,-2.0056208477744573e-06,-1.1468235450423409e-07,-4.179162692418627e-06,-6.769654117051445e-06,4.566508003426849e-05,-2.7420965931078046e-06,7.926851888246175e-08,-2.249132228800416e-06,1.7823863633083184e-06,-1.2041647222978718e-05,-6.3860906830309336e-06,5.401199377035794e-07,-2.4173267279998095e-05,-3.164289872857731e-05,-4.772615583636223e-06,-9.5427790774589e-06,-3.4012371980663568e-06,-5.365361141248414e-06,-1.4196373993836078e-05,-2.2419268571876117e-05,-1.0465896582295329e-05,-0.00013858909848369632,-4.7179717051825336e-05,-5.584427073031447e-05,-0.0001348302334169764,-6.542628324484658e-05,-4.731250714652253e-05,-0.00015221064603781833
56,0.0005072189282767363,0.0001356873331190668,-2.9354155818115142e-05,2.4071222619163305e-05,7.84155688708332e-05,0.0001296001144602355,-3.2922889612896804e-05,-0.0003460430646244478,-0.00030708312988281586,-4.4545040854931574e-05,-1.926625831218081e-05,-9.57899455782536e-06,2.172174333018191e-06,-9.775765334503798e-05,5.369246760500456e-05,-0.0001634113207648083,0.002560995802094664,0.0002251154259790367,0.0003851139092747199,0.0006598701959923861,0.0005789542499976802,0.002204384984849375,0.0020295366456237053,-0.0035298806202562556,8.15791419789814e-05,8.523992345303042e-05,4.158744329138858e-05,0.0010183121584638787,0.00016532970380179392,0.0003435596635070032,2.8435188003726293e-05,0.0001978934565676909,-5.567186995397836e-06,-1.7606759373139623e-05,7.939338684082671e-05,-9.878644648984114e-06,-1.900935474826775e-06,1.951863494097404e-06,-9.792514994169555e-06,-2.2423418262337815e-05,0.0004248377643054012,0.0008217051059384877,0.0031061172485351584,-0.00017888334733021024,0.0009846445880358746,0.000979858108713662,0.0001282480698597595,0.00014816205712813823,-1.7530084410771774e-06,-1.0444770885418886e-05,2.904556974580332e-05,3.5496829431278505e-06,8.046023453338544e-05,3.9405460599098636e-05,-6.553115724006593e-06,-3.702891401097676e-08,-1.4148558242411554e-06,-2.8132449222514077e-05,-2.0876715454852016e-06,5.269635327245966e-07,-1.3325787797759999e-05,-7.425163742860707e-06,-5.6728390575953175e-06,-1.2126715877389522e-05
57,0.000244783449776564,-0.00043663646601422933,0.00046531761748881673,8.169608780094389e-06,-0.0004071555560148204,0.0003525063961367056,-0.00014369397223749894,1.5044702759282498e-05,-0.0009907348246514013,-3.095504037941116e-05,-1.013429859016239e-05,-0.0003439746325529099,-5.465368681316403e-05,-0.0003261973586263561,-2.4604457843150887e-05,1.317903965334157e-05,-1.7805190026005056e-05,2.9320958294443006e-05,-2.2901292843155425e-05,-2.2851968113380896e-05,3.6339499527881934e-06,-4.643810134897353e-06,-3.3197523672380155e-06,-5.173909513254239e-06,0.00017216537572159398,0.0006853658941727632,1.4071223102046966e-05,-8.208842217167975e-05,-9.737135488774785e-05,1.5593405011333042e-05,-0.0003225079065636758,-7.609070479118399e-06,0.00021712387664408957,1.703636555729836e-06,0.00020053718663468983,2.176059952264925e-05,0.0003708706626409221,-3.2748602613700428e-06,2.358193638958485e-05,0.00020033045660090856,-2.8080200847153567e-06,-2.8083973293063397e-06,-1.7636938940124722e-05,-1.05002258397291e-05,2.1800257359867847e-06,-1.2904216971581046e-05,-1.4389994778197947e-06,-3.1729853605912924e-05,-6.637618511533252e-06,1.177757601194428e-06,4.123283337926151e-07,-0.0005179402194445636,3.802738612211018e-05,-1.386562480202224e-05,-9.789025481743227e-06,-5.806360063674289e-06,-1.505814209768755e-05,-1.1451023666163197e-05,-6.024596057359697e-06,-1.4927945559532445e-05,-8.319752125796653e-06,-1.1833549677569344e-05,-2.8421842976472558e-06,-2.8633807278828875e-06
58,0.00014633468434780724,-0.0005181363866299019,7.155424431909782e-05,-0.00026521218728415874,0.00028298814085465516,2.6676850982833844e-06,0.0005931673170644976,0.00026203786270527783,-2.2155574605397174e-06,1.897408237940081e-05,-2.5333483007886674e-05,-8.50073521650298e-06,1.2008072454716037e-05,-1.3771125032930006e-05,-1.3684641711316585e-05,-1.364493671849765e-06,1.682039303115889e-06,-3.4369398615763387e-06,-2.616261945491563e-06,-1.1423720589172886e-05,4.442432258702728e-06,-2.3590518703881453e-06,1.0569921777234024e-07,-2.541496783877375e-06,-9.492303751692312e-05,-0.00010269389876836281,-0.0001783884024318227,-2.9784214647508197e-05,-5.984759028954032e-05,0.00031179392450973384,-5.126301246352829e-05,-0.0001541511921942975,1.1230665671667747e-05,-3.1618755074991624e-06,-3.969744790959283e-06,-2.9198731048168795e-06,1.5220875981474753e-06,-2.179341980175358e-06,1.663337402705873e-05,1.4077259015437271e-05,-1.1152858975567354e-05,1.2069940566996432e-06,-1.0165609890899334e-05,-3.03238630294784e-06,-5.843518655510013e-06,-2.1402028542524356e-06,-5.439925891702561e-07,-3.3985964859580326e-06,1.5563697000247392e-07,4.998113535627297e-06,6.990342200554711e-06,7.696261134328722e-07,-3.7249130538724354e-06,-7.603836210446379e-07,-9.795155706277016e-07,2.522823176822303e-07,2.8277311144011265e-06,-1.3708596742605862e-06,0.00010120755509485572,-6.0776932330068e-06,3.480534010294946e-05,-2.7637881568727026e-06,-3.640245221837889e-06,9.778179699897206e-07
59,-2.80500212802218e-06,-7.4022932897622364e-06,-2.8618953273272903e-06,-3.1102342601805714e-06,-5.245208740227492e-06,-1.9767262701729775e-06,-5.173909513259779e-06,-5.683661261689028e-06,-4.703787308704773e-05,-2.00165034849262e-05,-7.253446722327768e-06,3.502404765238242e-05,-6.975101519233723e-05,-1.0278971889349009e-06,-9.591066384615543e-06,-0.00011553040033654148,-1.5971781332276663e-05,-2.0906140532673758e-05,-0.00014032706429686095,-1.9425290483455105e-05,-6.722498543651611e-06,-2.742228628713581e-05,-7.599780831154196e-06,-7.285988783534443e-05,-5.367435986480745e-06,-2.67189137543251e-05,-2.2252903708930212e-05,-9.376414214511172e-06,1.1317337616684412e-07,-4.449260385730231e-05,4.9312092080898284e-05,3.5979702502902744e-06,9.680096107213356e-07,-5.18371787251993e-06,7.323826415629881e-05,4.6742113330692406e-05,-8.389448063282434e-06,-1.4648030075845007e-05,-6.110306027569451e-05,-4.462426221816865e-06,-2.9936244216159014e-06,-2.7273368986347054e-06,3.575524197349252e-05,-3.2399887148357016e-06,-4.00860098343513e-06,-1.0067479142692665e-06,-8.441130571717898e-06,-2.436457744127667e-06,-3.74339803864423e-06,1.332333570797971e-06,2.3005506660365763e-05,7.59431078464171e-05,-3.045990685871851e-06,-4.6698164336257e-06,3.149350987205347e-05,4.062268741523476e-05,-0.0005383974389184861,-0.00035146821903276715,-0.0003317820874950557,-0.00013228458694264868,-0.0002390704577482228,-9.226270868807614e-06,-0.00020351892785180887,-0.00016765353045885818
60,-1.1710426475426275e-05,-7.152557372970126e-07,2.0646407634399785e-05,1.1021389236927964e-05,-5.636741466157927e-06,0.00010224837291089651,2.7539609353754573e-05,1.7232721364948932e-05,-0.000458222401293019,-0.0002629123156583772,-1.5276708180392364e-05,-4.7502638418454664e-05,-9.067450897602512e-05,-5.9796285025679025e-05,-0.0005014350142660002,0.00019009203850468774,0.000759497473511515,-0.0016427221177499533,0.003921774369251877,0.002326150483722934,0.0013373411154445254,0.0020740967762621133,0.002147436141967771,0.0021655046487156293,8.968839162512976e-05,0.0028870015204707283,0.0008543850500372416,0.0010227251656447823,0.0003073969973793494,1.665525421311204e-05,0.0005746310270285292,0.0007652934593490405,-2.116813689849435e-06,5.8951634394969654e-05,-6.4917191674419104e-06,-6.030914904201194e-06,-5.2696541894844804e-05,-3.066662510361299e-06,-9.393767465520739e-06,-1.7902141884911273e-05,-2.1248065595375506e-06,-5.2990132494789324e-06,-7.249131987363605e-06,-0.00010556454145455585,-4.251357875291785e-06,-1.0927266712426874e-05,-7.994237202629309e-06,-3.13299271879127e-06,0.0011782525460931304,0.00010854118986974385,-4.4599364075482196e-05,6.87475445904288e-05,0.0001662713062914134,-4.182661635965581e-05,-9.778330597696326e-05,0.0035861353330974353,0.0016399757771552335,-6.529651110685497e-05,-5.1712688011461505e-05,-0.00017883656900140083,-0.0006019556069675924,6.096215942238045e-05,0.00026949447921559484,0.0002769080898429837
61,0.0002762667740447593,0.0002671148203596294,8.950354177740293e-05,0.00031301039683667665,0.00035775311385528993,2.375735512262659e-05,-0.00014465670042400214,9.769125829769132e-05,-2.0984041539930086e-05,1.2398379135735435e-07,-7.445157705981645e-06,4.130097318297824e-06,1.8891701592676316e-06,-2.0172682744043397e-06,9.433000902589114e-07,-6.109476089473464e-06,-5.175795736192146e-07,-2.2757043944123527e-06,-1.4149265576014111e-05,-3.8903701720325225e-06,1.4094800888737545e-06,-8.700887047791784e-06,-5.710351316234734e-06,-5.3303717057918166e-06,1.7862531203229012e-06,-2.68216185931736e-06,-2.269956130015691e-05,-2.8163194656379977e-06,1.1852081817938825e-06,7.170570802083308e-06,-6.213972840127235e-06,3.889014449296215e-06,-1.4999056164219302e-05,1.4555039285127426e-06,-2.1269049825540493e-06,1.5779905304107076e-06,-7.464312299897579e-05,-4.117636458027416e-06,-6.302248073527022e-06,1.9691695895397445e-06,-5.228810389584895e-06,-1.8176398699792738e-05,-4.215283861644932e-06,-8.890240252796196e-07,-7.641419202464972e-06,-2.966996258760716e-06,-7.997160848177708e-06,-1.5073279036746923e-06,1.3661912724919051e-06,-2.0067903059947584e-05,-7.012788253493151e-06,-4.647205336181789e-06,-1.306020760837938e-05,0.0003918824316580133,-3.74514279486198e-05,-2.2125583660752042e-05,1.5875984784908783e-06,2.87743308876067e-06,-5.564546283283936e-06,1.0444487951978855e-06,-2.0229033654239675e-06,-2.483401117445337e-05,1.1736079107357532e-05,1.0078607857981615e-05
62,-1.2420188588432121e-06,-1.3522544427761513e-05,-8.759430692162905e-06,4.519201532196113e-06,3.1404668771763957e-06,-1.351973867114586e-06,-2.6892823509023158e-06,-3.534404537346304e-06,3.189131428923314e-06,-3.0605853358382948e-06,-5.832012695600484e-06,3.3459237104715126e-06,-1.6721366327020187e-07,3.4279649770711555e-05,-2.4444506138179585e-06,-4.3335971952980205e-06,-0.00024403197855889244,5.9228154677386394e-05,-4.335360813744013e-05,-2.755545362641017e-05,-5.874452711657214e-06,0.0004625335524353831,2.123887025858006e-05,4.348592667640513e-05,-2.7770860285681996e-06,-9.255507324312751e-06,-4.7032968907199027e-07,-5.683944195131297e-05,-2.4901915200143026e-06,-3.466123267071015e-06,-6.784555278246562e-06,-1.2200561505321848e-06,1.6796815244417863e-07,8.346536492716349e-09,-3.907386260696379e-05,-1.5666496150096582e-05,-0.00025234041334706983,-7.306496742401791e-06,4.827127426483018e-06,-1.942885072925676e-05,-9.428473967538016e-06,-3.972149725201764e-06,-6.753432599803807e-05,-1.0786354070222712e-05,-8.987286422824168e-06,-2.8869585145873647e-05,-8.408050936985393e-06,-7.698618912997407e-06,-3.996529156648185e-06,-1.1456257934806289e-05,-1.1748339556440127e-05,-5.155448106269418e-06,-7.613738880879447e-06,-3.3549115627622006e-05,-5.709974071647053e-05,-5.4162750138508345e-05,-1.3808283624769533e-05,-2.1852835824220346e-06,3.9610681635149914e-09,1.5032725243615322e-06,-2.061205479917647e-06,-4.465444178520918e-06,-1.7215674625166572e-06,-4.582390000545934e-06
63,-6.842757044712324e-06,-4.935868178740656e-06,-3.573010805286919e-05,-5.8120375947099405e-05,-0.0011293193962000595,-4.011996184723443e-06,-4.988899336585748e-05,-0.00024427794202973785,-1.1691634979429122e-06,-6.012335608276072e-06,8.258827124932687e-07,5.7552434221047675e-06,-1.1099667488770326e-05,-4.928111086917826e-07,2.613286428813614e-05,-5.951787852040546e-06,-5.1121828676748605e-06,-2.509619616250071e-06,-5.959408192694894e-05,-2.4505148205575908e-05,-3.7753695174109605e-05,-3.2667683649662506e-05,-0.00020505204985413102,-2.7213363519197778e-06,-4.391504239430758e-06,-4.89300376252196e-06,5.873132355604472e-06,5.916845572145688e-08,-8.321449726440374e-06,-6.471206493016598e-06,-1.3835327346113663e-06,-3.0887843687299743e-06,-0.0004528564742848844,1.3828277587893271e-05,-0.00022552549084530016,-1.420627666425339e-05,-3.230383124531926e-05,-0.0001195442827441965,-0.00023948391781577726,-8.858985538723896e-05,-9.1561033755888e-06,-3.120850158643119e-06,7.539233074901456e-07,-9.782518012611737e-06,4.278708107863654e-05,-2.5719592842873224e-05,6.70552253717013e-07,6.030443348465352e-06,8.042618820944024e-07,-5.336501930328962e-06,-1.653274403342718e-06,-4.901515343520265e-06,-4.965217807624242e-05,4.7404554825813e-06,-3.227421754524396e-06,-1.4798362043841447e-06,-7.038478609882034e-05,6.667798078511381e-06,6.282442732703833e-06,0.00019588047945046994,0.00045484983468357097,-3.664553919924221e-05,0.00037495999396602197,1.74136101444996e-05
64,-2.3287685611573265e-05,-9.121326140209609e-06,-1.2247245523016579e-06,-9.698274580737065e-06,-2.1654782415943737e-05,-5.313301388218011e-06,-6.7621092253082005e-06,-3.3255053471907423e-06,3.2949296733993984e-05,-9.176851827878496e-06,6.815677956686953e-06,-5.15787661830821e-06,-6.713067428972798e-07,-4.55470967896923e-06,-3.206720457801336e-06,1.9627281382112492e-05,-7.908932770365124e-07,-3.7911666344977688e-06,6.211332128026863e-07,7.176135159744774e-06,7.432956201366233e-07,-1.475262113764316e-07,-1.285460930835323e-06,2.6892351953274145e-06,-0.0007823750942568213,2.941300597371673e-05,-0.00012177002580860057,0.00010231665418117986,-0.0002034947841982329,-0.00030594536020786116,-4.497509968436521e-06,-7.943111129954539e-05,1.749811293203643e-05,-2.3730570756932812e-06,6.556746703159959e-07,-4.023785078069606e-06,-1.3995019695419287e-05,-2.9152990141983187e-06,9.499490261077878e-07,6.341481510596545e-07,-0.0005121351797369468,-0.0007150686239894418,-0.0001396895209445259,-0.0007497208027900025,0.0006442975394333469,-0.0005309672295292721,-0.00040296965007540245,-0.0026630812053438967,-0.0004483333116845243,5.9063298792774966e-05,-0.00013752828670453375,-0.0002544680728188,-0.001559823374205004,-0.002145495595811286,-6.911120837247677e-05,-0.0007008929041367511,0.000632068778895119,5.516994603072837e-05,-7.828513655481317e-05,-7.709936250620307e-06,0.00010683868504776925,7.262609050243518e-05,-3.8899952852274996e-05,5.473441715476613e-06
65,5.350837224647046e-05,7.322317437202678e-07,-0.0002052527439745097,-0.0003951471063155184,-0.00020503092415724856,-6.12366048595575e-05,6.89014603819949e-05,-0.0003717790676068653,-1.8595269869399976e-06,-3.019783975957313e-07,-7.60426061062703e-06,-4.061462381217538e-06,-3.3303623712502867e-06,-8.726138857332703e-07,-6.753621222095092e-06,-9.833710103095922e-05,3.084879887254795e-05,-2.896342473694041e-06,2.12877234326136e-05,-3.0503054208397675e-06,-4.8759806005244e-06,-2.146559425546777e-05,-2.0259260376787992e-05,-3.750565685799852e-06,-6.494265568410084e-06,2.819478889054415e-06,-1.3778481302379856e-05,-2.264316323438574e-06,-1.3740756843658761e-05,-3.4053868885268663e-06,-6.387882594821256e-06,-1.9881166989290537e-05,2.67466412314225e-06,-9.890221342252674e-06,-5.0623394265903755e-06,1.427399206764892e-06,-2.603855314133314e-05,-1.8178096300438514e-05,-7.697204245795915e-05,5.407235290429902e-06,-5.1493886150869895e-06,-6.8970213207996495e-06,-2.4087161202971028e-05,-7.038629507710132e-06,-5.004856782618739e-07,-1.9939262655708167e-05,-2.2258373755441366e-06,-4.196091543270735e-06,-3.17415953436193e-07,1.0916515241695356e-08,-8.015975921968872e-07,3.9600071650517156e-07,-5.406386490109323e-06,-1.6004483722422973e-06,-7.272686196275364e-07,5.995831157587752e-07,-2.445770969872239e-06,-5.030556570150053e-07,-2.742308793190035e-06,4.683491549923492e-07,-2.3358418971675945e-05,-4.929832265346194e-06,-2.6544438132754776e-05,-1.1380526083917148e-06
66,-4.866907868203561e-05,-0.00014659422862378586,0.0004573954811579025,-8.450278752967161e-05,-1.138788235338005e-05,0.00018023991886573757,1.1850006972686048e-05,-5.662214906910325e-05,-3.0146558073497014e-06,-3.919948505449029e-06,-4.571732840959906e-06,-4.463227866574088e-06,-5.910856814323983e-06,-1.723465474346016e-06,-3.1185866911190134e-06,-2.0096007781694558e-05,-6.000169470338769e-06,-7.620717905739778e-06,-1.3579154693636758e-06,-1.1113979205300535e-06,-0.00010730646833588665,-1.1717311189139568e-05,5.728270434123894e-06,-4.426191879223877e-05,2.3497622224341102e-06,-0.0002574467960792229,-4.0510032750384636e-05,3.855854650087636e-05,1.8433679508265425e-05,-0.0002172639286970758,-8.085105992565883e-06,-1.8898067595079112e-05,1.2530556207972138e-05,-9.866077688673162e-06,-0.0006457703023017228,-0.00018489134462572945,-0.0015707740300818342,0.0005476987814601456,-0.00011728081522108668,-0.001171797136717209,2.9871641080584027e-06,-1.739386374813889e-06,1.4733758908267246e-06,2.2183679327180233e-05,-5.4087442690168026e-08,-1.566590670543381e-06,-2.315904520734956e-06,-4.308840519265283e-06,-3.4103618015203427e-06,-1.2469348273699796e-06,-2.7583746970453004e-05,-4.543675274787946e-06,-2.646465090253578e-06,-4.25036760824967e-06,-9.545325478419796e-06,-2.650143224980541e-06,-7.444544683530434e-06,-2.2472554369819267e-05,-5.075071431413522e-06,9.896870278099336e-06,-1.2072392656828802e-05,-4.761807526214059e-05,-3.6051378974419815e-06,-7.0620186721428e-07
67,-2.0240586769721455e-06,-8.812433556654667e-07,-2.440772479090283e-06,-2.2479061839112896e-07,2.383525612987654e-06,-1.779085473168026e-06,5.664421787740643e-06,1.402642530717953e-07,-7.817073713374609e-06,-6.877923313579689e-06,-9.548626368555141e-06,-5.699057556405536e-06,-2.7867482055592976e-05,-1.2216594400284772e-06,-1.532933380028754e-06,2.0616416689711854e-06,2.256752569464541e-05,5.554549301727372e-05,0.00019535988192015673,3.795985934100802e-05,-2.7159912676749272e-05,4.422815540168906e-05,2.1729288221962475e-06,0.00015453899962992578,0.0004088757913323957,1.360947572732536e-05,0.00011415723003919135,0.00021183038059669894,-0.0001559453674509557,-5.537611019762049e-05,3.0591518064091306e-05,-0.00012524520294575063,2.3238266570693048e-06,-7.489436789400626e-06,1.3043938935548798e-06,1.2088802796381792e-05,-7.990889156919379e-06,-9.474827896188224e-06,-2.3775840107399503e-06,-3.2650519021056545e-07,-3.8042758839043026e-06,-1.816093167172155e-05,-3.4858578745322895e-07,-1.4670287506484039e-05,-4.5287859024866565e-06,-1.1377885371818711e-05,3.1996824884729917e-06,1.399006836021801e-05,0.00014355967316446915,0.00023290175425855965,3.3907875230039416e-05,0.00026378752310064307,-6.924701642383605e-06,4.432548450518341e-05,-3.0662440046518223e-06,2.2562244270419442e-05,-0.0009734600405149848,0.00014116492452500638,-2.449977247021367e-05,0.0004883295373071621,0.0009733664838573609,5.6158138226858386e-05,0.005678297598150711,0.00023618453665625046
68,-2.62963055055412e-06,-6.045344509640065e-08,-2.721678229825926e-06,-1.0960841480734012e-06,4.824958270108917e-06,-1.618624488009172e-05,2.9651424552844643e-07,-8.738918017732568e-06,-8.48181640045562e-05,-3.792967977403456e-05,-0.00020243849935410604,0.00035155649426617616,3.766975825345391e-05,-0.00011603138114832379,-0.00016369623473928182,3.815300856964837e-05,-0.00047659270371062907,0.00046711782865886263,0.00212868255904958,0.00038954577868497597,0.002960609484322462,0.0007242160507395345,0.0006352919566480437,0.0003965715818767316,-6.547758850870124e-05,7.965896703020324e-06,-4.9669531327256133e-05,-7.3810544195051e-05,3.390231087238252e-05,-7.777727102931882e-05,4.818922356711967e-06,-0.00017608834218375155,9.376414214471644e-07,-2.6778707021396224e-06,4.4008410429655895e-06,-5.839628320700819e-06,-3.980496261697685e-06,2.4834388419041474e-05,8.036252818528694e-06,-1.3678417175628173e-05,-3.855816925630135e-06,4.9758561049833166e-05,-9.453447559212444e-05,5.657159829447915e-06,4.168835621843952e-06,-5.249264119547733e-06,1.0384788996058746e-05,-6.539006776448072e-05,0.00037740114368970345,-0.0007458095309100608,-0.0005736049217513836,0.0004251093804081772,-0.000648625289337546,0.0007809023313884501,3.1621207164815075e-05,-0.00022980834864362698,6.054775624335947e-05,8.623245396193776e-06,0.00020015088817741772,1.647804356826345e-06,2.5290005569218196e-05,0.00017694280117373085,-1.8325033067151578e-05,1.457069493547304e-05
69,1.745510704906143e-06,2.1278480940218966e-06,3.512335728995289e-06,3.83506847333083e-06,2.9344913325715257e-06,4.0734163190408854e-07,-3.2819807529441158e-06,7.207163527039795e-06,3.257884254939151e-06,1.1497471905950742e-06,2.676880435097705e-06,4.864191707178199e-06,-3.6455030682710435e-06,6.239625472054354e-07,6.809642043287943e-06,7.183444273621541e-07,-4.6167192579824754e-05,1.91970339304118e-06,-5.185604095457994e-06,-1.3860437688949815e-06,7.976459551459355e-06,-2.143352846555439e-05,1.3898445081106746e-05,0.00010273803638506493,6.936867780321093e-06,-2.267786973638909e-05,-0.0001013060159321071,2.2993057588939443e-06,1.2072392656831255e-05,1.3357287720782948e-05,9.346989136704454e-06,6.85151619247469e-06,0.0017653432073472428,0.0007171389422839201,0.0005063014694406984,0.0011262531521954115,0.0008605643163753456,0.0020778299886969084,0.001080416425873962,-0.00341507151157041,-3.5698655285417416e-05,-3.125301644772069e-05,1.261317277253639e-06,-7.791081561317656e-05,4.486569875403018e-05,-0.00021245207967637245,8.471687383289762e-05,-8.96427450300503e-06,2.117304107811036e-05,6.244435340543257e-06,1.210426982444677e-05,4.83812410620196e-05,4.0781648853155715e-05,3.259346077713065e-05,7.352497004254729e-05,2.367502149146813e-05,-2.5657913352870798e-05,0.0002971834774258784,-5.811226518848281e-05,5.7021273842340177e-05,0.00022714349287975013,-2.9918513720543204e-05,0.000192171410669257,4.516372197790793e-05
70,-2.2745714817618474e-05,1.9857801402670394e-05,1.3727741905400962e-05,2.4240279954832054e-05,4.291595136627949e-05,6.070525585850899e-06,1.7927370116320157e-07,1.4139221438877986e-05,-0.014375227916089792,-0.00014585482923290286,-9.76248632503466e-05,0.0011333272426943214,0.00186939480938489,-0.00019693978225128974,-0.0003056103670144354,0.00026796437516996257,-1.6437961330882846e-06,2.0020370241946042e-06,-5.294061914271168e-06,-6.0004288259918265e-06,-7.534517517568285e-06,-7.313829434187576e-08,-4.148275791844946e-06,9.004073806950503e-06,-0.0011966560460344154,-0.0004056594039820456,4.1743622550480605e-05,-9.681605085541756e-05,1.0723554635353255e-05,-0.0001779628705374835,8.811226373986115e-05,-0.0021543382089349293,-8.178662650192407e-06,0.0001801124101952631,-8.647954916646154e-06,-8.172060869917445e-05,1.1896785301496243e-05,1.543684850768501e-06,3.44536538365483e-05,-9.997962396355678e-05,7.004979290538846e-05,-6.359853321993237e-05,0.00020089934143838946,0.00040344196029856163,7.377395147009832e-05,0.0007509913625596408,7.047042062010333e-05,-0.00034746339049520546,-3.212539455557256e-05,1.3980684401130788e-06,1.516070546982915e-05,5.4864566537415326e-06,-1.7237059677708895e-05,1.4436773107017986e-05,9.132336966600395e-06,0.0004741964460928198,9.044438977598787e-08,-8.297871939738795e-06,-2.484532851211853e-06,0.0005530103852477237,-6.30752949775728e-07,0.0008453870121436788,5.667986749093855e-05,-3.9017087296587984e-05
71,0.0005322589149957962,-0.0005826467200170584,-9.603440007077173e-05,-0.0008101402958737151,-0.0004086524625367757,0.0006058306633671656,-0.0002964267247839847,0.0006570853764497778,0.00024455710302425315,-0.00022756600681739242,-0.000479471834400031,0.00023632411715350881,-0.00026620792437203185,-0.00019596573672717334,-8.076353918148932e-05,-0.008885479048837587,4.468650757511128e-06,0.0006001991561696532,2.7030706405631588e-05,-6.205673459194946e-07,-0.00023180925393406218,-1.2689753423763184e-05,-0.00012222800073744526,4.196166992187405e-05,-0.00018580955795094857,-3.9827974536747446e-05,-9.350987929331851e-05,-1.00337629076743e-05,-2.5765050815626763e-05,-5.0279913069324336e-05,-5.6601023372213265e-05,4.064753840240445e-05,0.0006450082682356034,0.0012863104856466962,-2.5485135331934126e-05,7.602232920970444e-06,-0.0006649282914173722,-0.00010662139216555781,0.0001732367503492141,0.00015015390854847843,-0.0002125969415978521,-6.803889063340477e-06,-0.00025106344041944917,-5.389599105981758e-06,1.591708086713681e-05,-3.0828427664908084e-06,-1.731703553018643e-05,9.331974802137305e-05,0.00027262711826758334,-5.695072910454056e-06,-2.3860720139424524e-07,6.561264207091829e-05,9.423947032499304e-06,4.955767830711553e-06,9.067375448685283e-05,3.6332426191941043e-06,-2.8950692732117697e-05,-4.557869102378763e-06,-6.419646589061814e-05,4.757313600068671e-05,1.0772596431675976e-05,7.06020789810361e-05,2.8567978098423017e-05,2.644107311588451e-06
72,0.00032902971098694683,4.295005074030224e-05,-0.0003819510906557485,-7.18213334868211e-05,-0.00046358531034445226,-7.424173475820504e-05,-0.00016983853110784307,-0.0001447789276702443,2.9592574397214668e-05,3.587294228469546e-05,-4.049079327644514e-05,6.0537193394919714e-05,1.6843027706404677e-06,4.676116418235116e-05,0.0001143865947482,-2.473819104930457e-05,-9.602798691278795e-05,-4.007846494266527e-06,2.301342879669619e-05,-1.6662893416003542e-05,5.867511411256452e-05,4.985136321828723e-05,-0.00017469744139080005,-2.6087972182257287e-05,0.0001173585276060432,0.00017491473427301888,4.00405518616259e-05,0.00015179944943778336,1.2515407480011992e-05,-7.336841353888749e-06,0.00018145615541483034,0.0003585332556615858,-0.0003950022443940404,0.0002952648114554493,-0.00022733664210838731,0.0004979930346525165,-0.00023822241191622488,9.994868990740944e-05,7.351591617246305e-05,0.00011261807212346836,0.0016572384894648685,0.00013214726991290994,-0.0009709309928024876,0.0004431024382386018,0.0006963127776037276,0.0007096212121504742,0.000205927257296406,0.0001830952831461446,-3.225045113623652e-05,6.426550165007319e-05,0.0002185453342485951,0.00013083521323868337,0.0003466696678837612,-7.216688952868462e-05,0.00010910667950593016,0.00023350685457639714,-0.00037728683857978553,-0.00021262108525143793,2.615059478367404e-06,-0.00013234060776384847,2.46461433700364e-05,6.003017666973555e-05,-0.0004128655300864679,-0.0002868432032911054
73,0.00017426285562635574,1.004979580263328e-05,0.0004876550239852684,0.00036330162724362527,-0.00022538100616841517,0.0010664915736717522,0.0037283595604232582,-6.236607515359505e-05,-0.0008708374409735974,-0.001030698607239542,0.0001413490198835519,-0.0038230026824564874,-9.72244181210526e-05,0.00032033799569818294,4.610230651083071e-05,-0.005820576148697093,-0.00016830239114882752,-5.056586446640811e-05,2.0929529697083483e-05,-1.975299814079472e-05,7.19039500514202e-05,4.658970651747079e-05,2.9886919486371182e-05,0.00025097931487651014,1.8211482446421957e-06,-1.838614669026998e-05,-3.650671319116136e-05,6.41822720628242e-07,5.045646353645014e-07,-3.4938130197650055e-05,-1.8757355364063476e-05,-3.3700202084807483e-06,6.877442326727239e-05,0.0009126150155369247,-0.00024556811851791173,0.00016284290748306472,0.00181076194666609,7.0906892607460735e-06,0.002779032610639744,0.0009597653075109528,-0.000306352784362019,-0.00048353098615815695,1.805530318731678e-05,-5.149539512924143e-05,-0.00015517729747144922,-8.942243419116621e-05,-0.0003625037549417246,0.00014629846886743544,0.00011171721204926362,-4.842273796660742e-05,0.00013425380368775662,-2.7916099451766502e-05,-3.3691714081585075e-05,-1.6317337374140875e-05,0.0003105126604249193,-0.0006144076963014252,1.2607514103682291e-06,4.951712451403429e-05,-9.345857402944867e-05,-0.0025205204758463043,-0.0007058517842353164,-0.0006199275391011299,0.00016527839853793753,-0.00012100799174248157
74,-0.0015396121182019208,-7.840953295743196e-05,-9.087671207476336e-05,9.215934367119276e-05,-0.00027923342547838857,5.303709944593172e-05,-0.0004745261578620247,-0.0006677033026007173,1.908103121987131e-05,1.0581710670565933e-05,0.00024099591412121815,-0.00023937979830971682,0.0008072309856173367,0.0009306895581981795,-3.4234946287072394e-06,-0.00010312207137481898,-7.042024708997299e-06,1.3790553129174359e-05,2.4534101727646546e-05,6.084804293475475e-05,1.0052813759334751e-05,0.00046550171284735824,1.1323373528970765e-05,0.00018436395669285132,0.00011999999420552409,0.00019788138474089974,6.639957427978955e-05,-0.0009746755225748952,0.0012148149028609074,0.002621705019021334,0.0004453357261947429,0.0006862592093552229,6.832653963112961e-05,1.9796051179306654e-05,2.9219856745077523e-05,9.853477719463462e-05,4.093103770966331e-06,-0.00010853779466846931,5.0556810596321994e-05,-0.00012348422521277636,0.00010764447948600761,-0.00012928624696369496,-0.00027946429916574675,0.00031130223334589876,0.0003922408140158387,0.0011873365957525697,0.00017356872558593812,-6.652481948272997e-05,0.00015776066840448628,3.264184239544284e-05,-9.213067308256917e-05,3.259393233287572e-06,5.7048812697140885e-06,-6.760788869254002e-06,5.567941484566237e-06,4.795910436899745e-06,0.00027466273006004427,-3.6645539199250043e-06,-2.6865944832181726e-05,-2.235853219334348e-05,0.00035722949836827225,-0.0001480066323582092,8.738946311080995e-05,-6.0041305385052495e-06
75,-0.00021721441534501256,2.9495245293726576e-05,0.0004916734333279721,0.0005453311944309718,9.450769122642601e-05,-0.0002220733256279658,-5.608570726611772e-05,0.0005644718302956112,0.00011462501332729678,0.00022407724887510248,0.0003127629243874869,-0.0003409476219853312,5.447638185718683e-05,-0.00014637316329570033,0.000515341758728028,0.00013617096067983103,0.00042925303495382715,-0.0001480971710591392,-0.00040790740447709,4.538705077352401e-05,1.564508751978355e-05,0.0014676745933822437,-6.074845036373911e-05,0.0002811671812323047,-0.00019640258595913162,-0.00012920476213285832,0.00022337859189963268,0.0001289452178568838,0.001563476610787307,-2.829032608224971e-05,0.000106512745724444,0.00033046022246155697,0.0004435370240030406,0.00023328201680243932,-0.00023449825335152295,0.00027962877780576817,1.807039297078472e-05,-0.0010994718044619004,0.0005852783782572706,0.00038041947763177344,0.0006002806410004843,0.00020623508887954566,0.0006799215002904912,0.00043969818308384114,0.001539918440806715,-0.0004390342326103904,1.027916051164423e-05,0.0022571781013585278,6.03953494301281e-05,-0.00011758968422684489,0.0001358744464343107,8.787988107414709e-05,-0.00039786326734325564,0.0002947019978980475,0.0002784573390514019,3.7975326369117487e-06,-2.4617472781410767e-05,-0.00030635882027541634,-0.00022894360973865123,5.7459632052646576e-05,-0.0003464403031747535,-0.00014857627168486496,-5.2258938173703404e-05,0.0001338886309273709
76,-2.7627884587149852e-05,-0.000874314127089105,-2.0948391926436814e-05,1.5995170496688482e-05,-1.9026613688164333e-05,-2.1457672119138172e-05,-3.0626224566102294e-05,-0.00010888787764536913,0.0004192002211944979,0.0029055725170087214,0.0008668054508257531,0.00015529197982595066,0.00016548814652841848,0.00011878677561313799,0.0008431446703174469,-0.0011401961121378038,3.366983389552948e-05,0.00010396068609213555,3.3627582501731837e-06,4.3055490602418954e-05,-2.7892710287361564e-05,6.074543240703841e-05,1.1845480037635302e-05,9.981891776870333e-07,-0.00018105325819569963,-2.8709822063208296e-05,3.02157824552515e-05,-0.0001702097397816324,-0.00014677077909058955,-0.0005575493921207456,-0.0002874090701718866,0.00011086614826057899,4.343141483355256e-05,0.00021112417872948754,4.0345035399061104e-05,4.003557694863808e-05,7.503017594543263e-05,2.5439111492301016e-05,0.0004978149752073678,0.00011509581457210581,-0.000125353849386867,-8.344952064224124e-05,6.31688516351199e-05,-0.0003447713731210516,0.0063021213193483,0.00041970723791967876,-0.0019104873077778859,-0.0004988440984412102,0.00030350685119629275,-2.313791951046224e-05,-2.8489511224292524e-05,-2.5296513038345584e-05,1.2787082527261683e-05,2.3750564720059856e-05,4.541421238380134e-05,-0.00010501885715918634,0.0025429786006106606,0.000946805446962766,0.0013059513478339494,0.0009083747863769551,-0.0002624173707599892,0.011778348608861997,0.0003740412147739233,0.002559028094327902
77,2.3143200934686335e-05,2.4836840508859012e-05,0.0019345374047001745,8.746755274036167e-05,0.00037630298469639876,0.0007474528083318415,0.00036710425268245253,0.0007894310770155507,2.904217454445178e-06,0.00010647653024407666,-0.0007898716986933827,3.714048409764112e-05,0.0004713384411002975,8.802549748480601e-05,-2.0685075204583367e-05,0.0014347728294662266,-0.00010132600989522925,-0.000498880313921576,-0.0001266357264941247,-0.003423256210134,-0.00043235308950459917,-0.00012776944078976872,-2.7372867246277943e-06,0.0009141617183443937,8.531839032715574e-05,9.028066562699684e-05,0.00018856947935079506,2.7486040622362483e-05,0.00019413006456592478,0.00011475101301940471,0.0004827523533301967,0.0001356631894654886,0.00012134147595755897,6.0069410106802186e-05,-0.000745697866512253,0.00038405158851720475,-0.0009442703633368773,-0.0003714229487165572,-8.977213992348894e-05,-1.6236607032407158e-06,0.0008735777456549138,0.0006344771083397165,0.0005809506283530709,0.0004967254928395702,0.0012458728838570508,0.0013370513916015608,0.0004089934916435886,-0.00050227853316295,-0.00029395652722708626,0.007262869726253461,-0.0014465187169328479,-0.002778113642825358,-0.007349062569533722,-0.005476396295088757,-0.001351754876631724,-0.002271753323229051,1.0691866090024346e-05,-0.00022058849093280376,0.00015434886835798446,3.658668904364846e-05,0.0011798037758356393,0.0004068628142151657,0.0007574950592427316,1.5285950672832839e-06
78,-0.0022295336180095447,0.0005431114872799639,-0.0006761671621588215,-6.197072282621634e-05,0.0010961218725276912,-0.013532807555379747,0.000867252108416983,0.0016607332833205595,8.077447927450547e-05,-2.8975402252580545e-05,-0.00010587746583962371,-0.00013377243959451145,-0.00047544588016557515,-0.00015099516397789836,-3.2539609112315e-05,3.1173983706705965e-05,-7.446506355382296e-05,9.074618544759234e-06,0.00012246868278407088,5.788290047947418e-05,-0.0005253900455523193,0.00013002564635458222,3.902670703357286e-05,2.0801832404315442e-05,-0.008474929423271854,4.403349719470027e-05,-0.0003519903255414399,-0.0002456450764137029,-2.8657007820998928e-05,-0.00010639504541324349,0.000752799118621437,1.2233287473268673e-05,-0.0027891898268385786,2.2151802159514805e-06,0.000237667107883887,0.00013204465938520114,-9.308887433401909e-05,1.856345164624713e-05,-0.0003279489052446594,-2.3537232906004255e-05,0.0008333483828773943,0.0001228791248949179,0.0002781403592870151,0.0007169156134883147,0.0001269714741767219,0.0003396114216575136,0.00016346158860605167,8.833144284501781e-05,-0.0001883476595335364,4.2121621626846744e-05,-0.0004532065572617888,6.227082089531997e-05,-8.717367920693553e-05,-0.0001863829697234726,-0.00016777424872676578,0.00021075429041174346,-0.0002114606809012504,4.854534245744366e-05,1.0903500303432259e-05,7.828202428698809e-06,4.798551149026323e-07,-5.9785722177295725e-06,-0.00012981438938575537,3.883223744887941e-05
79,3.6130977582334196e-05,-2.3914854737774846e-05,-7.36683229856865e-05,-4.480533962008584e-05,-7.252112219605851e-05,-2.9034158097040444e-05,7.671645925014327e-06,-7.906065711492587e-05,0.0003798898262313626,-0.0005266624915448911,0.0013462252254727498,0.001116067548341391,0.00023832804040063038,0.0004350550567047466,-2.5554804404789724e-12,1.8175644210617022e-05,0.0009321766563608658,0.00016400972499122394,-7.49490683591344e-07,-1.4986512781698492e-06,3.952995131287203e-05,2.809529063078543e-07,1.5270860889228234e-06,0.0005303817459299627,0.00018565866011607655,-1.253923283348245e-05,5.258185954034371e-05,9.522860563254211e-05,-0.00015164892884749276,-1.717971850044549e-05,4.805341551575595e-05,8.479854728601998e-05,4.066898239941695e-05,2.3695109765743853e-05,0.00012843405144123622,-5.618982677218221e-05,6.154783164398306e-05,0.00012660781039467039,5.1943561698821394e-05,0.00022943261303478944,5.465896823731904e-06,1.6257166862488345e-05,9.765655179566771e-05,-0.00013076787507987648,6.574882736688793e-05,1.0570393332995279e-06,-6.929228577431766e-06,5.4350287853916606e-05,-0.00030225062672096457,0.00011830956121033544,-7.135958611211047e-05,3.235400477541816e-05,-1.932246775571247e-06,2.1004978614512377e-05,-0.0003926452202132991,-7.93360456635712e-05,-0.00021436169177670871,6.930058515524096e-05,2.3389164405465396e-06,-1.1057038850428323e-05,0.00015543382379072478,-8.59136822857889e-06,8.616190922411319e-05,-8.535158785122396e-07
