layer,0,1,2,3,4,5,6,7,8,9,10,11,12,13,14,15,16,17,18,19,20,21,22,23,24,25,26,27,28,29,30,31,32,33,34,35,36,37,38,39,40,41,42,43,44,45,46,47,48,49,50,51,52,53,54,55,56,57,58,59,60,61,62,63
0,-0.00015148874056541267,-0.0002514548220876907,-0.000232098466258939,0.00034637774451304576,-0.00019753181328207626,-0.0003746889405331373,-0.000154640715000989,-4.403065826933051e-05,-0.0006617691557286153,0.0003967285156249974,-0.00029030492750265,0.00030188641305697037,-0.00013610063973119575,0.00013256072998046528,-0.0006241232661877653,-0.0003085217233431585,-5.495750297928808e-06,-0.0002904827311887593,-9.821229061837516e-05,-0.00018103648040254493,-0.000284469733803961,-0.000314680196471138,-3.23602708719534e-05,-0.00018912654812053135,-0.0011247537903866542,-0.00042662782184148485,-2.0407013973950865e-05,0.0020929271891965695,-0.00015489782317208996,0.00022490549895722882,0.0013546377925549526,-4.8588393098215217e-05,-0.00025528568332478023,-0.00042834524380958646,0.0002826916969428635,-0.0011863870135808397,-0.00011890217409295725,-1.034092639525563e-06,-0.00015336376125529746,4.2519326937400835e-05,-4.11453893629161e-05,-9.409047789492146e-05,-9.876186564817205e-05,-8.637218152061988e-05,-0.0001938787557310983,-0.00020127377267611525,-2.972554352323983e-05,-0.0001302250361038423,3.9310778601691036e-05,1.3375686386883403e-05,-0.0004525103811490303,-6.824428752317796e-05,4.519446421478053e-05,-0.00018244274591995254,-0.0006093817242121271,-0.00028585175336417627,5.375328710523136e-05,-0.0001670910140215298,-3.3972627025542856e-05,-0.0001567682977450049,-0.0001657615273685724,-0.00030807721412787496,3.812272669905299e-05,0.000102123971712789
1,5.282663692862518e-05,6.681731191731783e-05,-0.00016203270120135433,-9.339542712195233e-05,0.0008444745661848708,3.522230406939444e-05,-0.00011310334933005919,-0.00020071409516415203,3.201059870800268e-05,0.0002930629051337823,3.727664381770817e-05,0.00011388225070500085,1.288622112597619e-05,7.125533233254444e-05,9.962411250098197e-05,0.00047341039625264746,0.00013904046204130335,-0.0003265910229440432,0.0001510230161375948,0.00031322897490808273,5.629507161803163e-05,3.38647830284209e-05,-1.4680421958529497e-05,0.000195941682589254,3.6283064696743085e-05,1.2007305177589446e-05,9.986909769348723e-05,5.0884939856439836e-05,5.702548107857992e-05,0.00012770648730002938,-2.3355675955997358e-06,8.431026491064285e-06,8.10688835079358e-05,0.00020368220442432968,0.00019843548031176544,4.233344126556999e-05,0.00013402154890157202,-1.2062868829497942e-05,7.621059983465196e-06,-0.0001038797831131223,0.00016177912889901377,6.782402426509513e-05,7.960250822162576e-06,-3.525665250874928e-05,0.00030301132444607857,-2.223392159252193e-05,7.866600812491282e-05,-4.859293921524171e-06,-0.00014763464361933402,8.942111063811794e-05,5.931167279263633e-06,8.952415595620488e-05,4.345986802699321e-05,1.581947682267661e-05,3.7490563877557144e-05,-1.905934285309302e-05,5.871360584841233e-05,-9.304133512211533e-06,2.4746030063947452e-05,7.462804600343651e-05,0.00027613316552113415,0.00014157113382371782,-8.090269767631098e-05,-2.0410044718596216e-05
2,1.4644053022741309e-05,-5.2995600942834574e-05,-2.6938268693834585e-06,-3.2795940415335773e-05,4.154645790487911e-05,9.375002424595465e-05,-5.2069455890330675e-06,-0.00022770237114469954,2.8321677345332508e-05,0.00031201415142770794,-4.055793002499814e-05,-0.0005171642465106479,6.698551824537723e-05,0.000624050528316172,3.414638971878199e-05,0.0004487401348049356,-1.0647005954031804e-05,8.405265161545956e-06,-1.1365544998037487e-05,0.00020386809009616266,2.1727092690390933e-05,3.1688582088985396e-05,3.2748206187099985e-05,-1.4594298298142285e-06,-4.3625548734507726e-05,-9.552654573475712e-06,3.817525960631059e-05,2.6419869292585068e-05,8.68722543878042e-05,3.221201694618131e-05,2.2167876615363073e-05,-3.717208312729131e-05,-4.138734381077385e-06,-2.5062237755727312e-05,-3.283104654086243e-05,4.2458712044408027e-05,-1.15521883560425e-05,0.00010551865828239438,2.74332903199403e-06,-2.3348983061517668e-05,8.163310713683903e-06,1.0748535899794965e-05,0.00013808628260079085,-6.412765232182911e-05,-2.693489067635238e-05,3.566251972974489e-05,-9.604284571389257e-05,2.2322444592492362e-05,8.259309550462515e-05,0.00011476924863911917,0.00011510162030236073,2.8101443234140096e-05,2.5705513307600434e-05,-4.317800877457731e-05,2.921094833794472e-05,-0.00027370048781572714,0.0001893690076924983,-0.00021814895888506357,0.0009528984457759542,-3.253693802882245e-05,2.4883423821395468e-05,-0.00013034121464874655,-0.0001334214614609564,4.9526408567266946e-05
3,-8.953223794193838e-05,-7.8568014047912e-05,0.0003138320930933523,1.0114605143920027e-05,0.0006621126401222351,8.624286974890272e-05,3.7046812348443454e-05,-0.00022164037672139467,0.0008153753765558787,-4.3646763947049014e-05,-0.000217629691301768,0.00019319178694385592,0.0003055637165651483,-3.780752925550085e-05,5.563638978085169e-05,-7.107298252946527e-05,0.00014034582901809102,9.744728015640749e-05,3.564357757568051e-05,0.00026305146136526174,0.00021245924092955424,0.00020155563192852355,4.7976182678993246e-05,4.335505477452365e-05,-0.00010630261089842568,0.00013642467684665092,0.00013669466568251243,7.931370351274208e-05,5.5292147701071004e-05,-4.3087086434998714e-07,-2.3028860657907637e-05,6.381030810081298e-05,-0.00021840152093919685,0.00020155512680442047,0.00015330421975103656,-5.4821119470130975e-06,0.00011623991748033832,-6.192518492876313e-05,3.306794974763749e-05,0.00020426713814169684,0.00022720886489092617,0.00014361789671040885,-9.57058647931572e-06,-5.925509889247123e-05,6.545625500759146e-05,-0.0001640693616058869,-1.2267444093345795e-05,0.00016549431671530207,0.00022435289318278534,6.322739487987137e-05,7.354607016354246e-06,0.0002310276031494114,0.00012942289901991412,0.0004710747023760263,0.0004128945075859443,6.949093382237513e-05,0.00019750756732487735,9.318125450004689e-05,2.3595357345322305e-05,1.789402153532109e-05,-9.23871994018561e-05,2.2280014167396633e-05,-7.0363788281484475e-06,0.0001442897117744043
4,8.264714378420323e-06,-8.296663478273757e-06,-0.00025356523061202826,1.5903832548739822e-06,6.678801471904361e-05,8.422161562967912e-05,6.989781129157062e-06,8.1180705357387e-06,6.126334606590915e-05,-9.256853895672201e-05,9.569071106991526e-05,1.9432124445027786e-06,2.898755720106439e-05,-5.638094271643714e-05,6.486854310763156e-05,1.5756841433248892e-05,2.822365169809155e-06,4.245946973055686e-06,1.2781849857104819e-06,-1.5433562003958107e-05,1.4317916485210656e-05,5.7521007828769985e-06,1.7856010946177666e-05,5.027784381882593e-06,4.049327413915198e-05,6.217067524541789e-06,8.318333302513859e-05,7.080728724851182e-05,-2.375093557066993e-06,2.8282656507973277e-05,1.8480596906070546e-06,0.00011477471029354393,-5.0340668629791246e-05,0.0002337997242555795,-4.116458407902791e-05,0.00014151405479948155,0.0001248889050241228,7.233326717958511e-05,1.4801651744525867e-05,1.065811868441784e-05,0.0002313559338197855,8.44567509021641e-07,0.00018327519045037815,0.0003500449455390566,1.930432804560639e-05,2.8829579636201173e-05,0.00021077212640793785,-0.0001782184561430356,2.2872651027418915e-05,0.0001123072737354339,2.4032794823080616e-05,-8.585026203568498e-06,-1.4902992268739593e-05,1.4946243520509448e-05,1.21194427296285e-05,2.177716311761438e-06,6.95636716939601e-05,0.00017176997863640127,0.0001299239821353219,-0.00015112189418177628,-0.00038268202442233814,1.3404478461061172e-05,-3.3137404312558793e-06,6.622682183472319e-06
5,0.0001046718177148864,0.000769566681425451,-1.6095274585788983e-05,6.97434958764995e-05,-8.944535659530757e-05,0.0002796528703075348,-0.00019143395504708926,1.020350698697087e-05,0.00015700065483481262,0.0001756761033656304,3.9741144341936825e-05,0.000150268613281899,-5.3337064840022966e-05,0.00048663656590348437,0.0003461797358626,0.00033980506961628365,0.00019359891697511906,3.919257956039726e-06,9.610541796280507e-05,4.099587262686955e-05,4.0480646036441464e-05,8.806055885250225e-05,5.989509113764697e-05,-2.3259070970244854e-05,0.0008451372890149128,3.4316363981209594e-05,0.0004327741719908636,0.0001430996393753305,-0.0002598520052635059,0.00012729127528303898,9.424555099616469e-05,8.859056032309217e-06,-1.1870416544281017e-07,-5.7950363320802975e-06,3.918702319516614e-05,5.1776168204964877e-05,1.7136840497034872e-05,-1.2392841153228041e-05,-2.6437816983558487e-05,-0.0002069513676530219,6.544135384640208e-05,-7.156800415556876e-05,-0.0001187162884211077,1.8379950927474216e-05,1.5262324931256906e-05,-2.0264695256440992e-05,-2.40034976248e-05,-5.424527798666238e-06,0.00017821889812663522,0.00019857438944153585,5.853504447613518e-05,0.0003335112232272926,0.00011438484919273305,0.0003190995272943533,0.00012244713508476307,5.28460842067904e-05,0.0006634421267751923,0.00014687392671229216,0.00011596740302393035,0.0003457897800510252,9.504150030976595e-05,-5.4331654209204854e-05,0.0001742690801620441,0.0001314737028994764
6,-9.132643877466147e-07,3.3344000072802425e-05,7.819321195895995e-07,0.00018507747326867226,3.3918073621849356e-05,2.391358553353087e-05,7.033449108318098e-05,0.00014596874431028304,-0.00029173240823260826,0.00030728416927790355,0.0002043519989918829,7.94365749520746e-05,8.162906614399924e-05,0.00029817375086121066,9.416195295624576e-05,2.0872233277656062e-05,1.188456001928051e-05,2.713425684783037e-05,2.9438633029739242e-05,5.7725583092642286e-05,4.4501433938207945e-06,0.00012691950393935592,1.9573938038389135e-05,1.6568575875232972e-05,5.937026718915386e-05,1.8991403660522766e-06,0.00018637437941664285,0.0002576920945765632,2.9758881714382104e-05,0.00022539294372170672,0.0002688957472979034,8.652775974596938e-05,3.5489009598556364e-05,3.763174606581087e-05,5.670321189750695e-05,0.0002014465251211437,6.692566103854195e-05,5.061394077236359e-05,0.0001448130203505664,6.793969768588502e-05,5.4332159333309195e-05,0.0001560563253144021,3.7076109547149053e-07,4.135274280936313e-05,8.404823177955377e-06,0.00024962513628652103,2.646256806486558e-05,0.00011818843372797533,9.840625827595509e-05,7.902666673820327e-06,5.13044454283661e-05,0.0003236027087195441,3.9090481349973234e-05,2.0822667974528383e-05,-8.43405723571748e-05,0.00011886277441250609,5.043916783083526e-06,-1.1460760892444497e-05,-3.936634225360227e-05,1.5463111764486832e-07,-1.6153868982295497e-06,-1.6893118114796544e-05,-1.9007062507881855e-05,0.00010806928246707986
7,0.00024174785209914165,0.00012993206412104848,0.00017235642772609912,-0.00022610769433489928,7.504426826864982e-05,1.933210987155694e-05,4.0562476141976814e-05,4.97340145757678e-05,5.166005280058391e-05,1.0431444240829516e-05,-6.764622057902379e-06,-2.979727114661422e-05,0.00014221062094478562,-1.4581922757425015e-05,-0.0001446117283934242,-5.991125510910566e-05,0.00017819162142478814,0.0002638687521724385,0.0002642890154305171,0.0010744212037425928,-0.0002423757213657206,-0.0006324153835490619,0.0009145575054621287,0.00014974303164724833,7.359961331900879e-05,0.0004024586435091761,5.5827831817880444e-05,2.755452010591189e-05,4.217180155091525e-05,-1.8685551012978817e-05,2.8016203540868636e-05,9.086576558775833e-05,3.832730196290065e-05,0.00011973865961623821,-3.820089465479969e-05,-6.303948871160029e-05,1.8158264584454941e-06,0.00031853530366542185,2.944065352617525e-05,0.0008195881116188163,7.101842912577633e-05,-1.0855117086638642e-05,1.7524775812184792e-05,7.966413336284936e-05,3.913196466739388e-06,3.973356748031114e-05,0.00014962634797823776,3.631640288789521e-05,-4.897683353747117e-05,7.097599870067736e-05,0.00041311878269001525,9.753542431330176e-05,6.19787280842404e-05,-8.486085018909997e-07,3.959061735767349e-05,-9.247938455160822e-05,-1.4993630475916124e-05,3.920609163025842e-05,0.00019444853572522555,0.00036223460051972966,0.0002099134154238931,-2.5049104528917284e-05,0.00010715904882398619,-0.00012484041310972723
8,0.00014999155270851303,4.818227331516431e-05,-9.797235666694689e-05,-0.00013285774295612542,-6.729162345498132e-05,5.20101353778683e-05,-1.0829860881155175e-06,2.222647101192095e-05,1.730959294205973e-05,1.0756112761418609e-05,-0.0001782562773106466,-3.2938637975923225e-05,1.785260135844523e-05,1.6717840049226587e-05,0.0002391691935264512,-3.0216524156476323e-05,0.00011247977361840868,9.376719846563315e-05,7.251359648623164e-05,0.00040507720688642373,0.00011667154603085341,3.803382485599507e-05,4.1641421237235126e-05,-6.0806840153088166e-06,-0.00016027385905637186,-4.3770014229469846e-05,0.00013225866576373126,-9.00373620501996e-05,-1.4705173039837712e-05,1.8548662379635115e-05,3.0162981000999133e-05,-0.00016071609521316045,7.174542899858743e-05,4.254357289459493e-05,0.00024544788619219486,0.0002060618440983587,3.4431784839949035e-05,0.000263989981958421,0.00014404131699416285,0.0002625806856963608,7.452298018892101e-05,4.344067331088074e-07,4.8976454694394834e-05,-3.188040296909822e-05,-5.518506139011786e-05,9.250842918783251e-06,8.074206820989489e-05,1.7465171167412722e-05,3.1132503586296984e-05,2.680491592924582e-05,3.8132134636085693e-07,-0.00012964919462042442,0.00036672818458686357,0.00016281564356917106,0.0003351660098059672,-0.00024045422925786977,0.0002941034607968118,-5.734446695295452e-05,-0.00030718011371159575,-2.1716295662578252e-05,-0.00032573837344929314,-0.0006184335482322559,-7.687483803700142e-06,-4.741802053936669e-05
9,1.7628326254376916e-05,0.00021559202064902404,0.00024546202966722083,6.575503591763984e-05,-4.690910800029085e-05,8.432668144419814e-05,0.00024231712696915592,-0.000357671309325659,-4.96026823076134e-05,0.0005091044862391592,9.44087060831342e-05,-1.6167002209170048e-05,-5.2961252503477135e-05,0.0003752950894630578,0.00026372933791855597,0.00017436682167700065,-1.635149878971444e-05,4.059379383668791e-05,-4.839088957188281e-05,-2.309124348527361e-05,1.8224877826202855e-06,8.681012412250053e-05,-4.3755870754435614e-05,-1.1206430903937019e-05,8.553367550090141e-05,0.000216007232666011,-1.8476934756263916e-05,-1.6071786314751303e-05,-0.00021314620971679465,9.196453680426105e-05,-6.0934131428345423e-05,2.2890204090181898e-05,-1.511928009784396e-05,-0.00023857819831977928,0.00021293607808776102,-0.00011253899942009661,-0.00011009280964479389,2.370800002149701e-06,5.327644994703654e-05,0.0003499216952566394,2.004736560886184e-05,0.0009730953281208616,5.1248881776454826e-05,3.925622519800226e-05,3.864060519105071e-05,6.0094615160410164e-05,-2.0446413654389374e-05,0.00045129101155167903,7.76133294832913e-05,-4.562887094789237e-05,-0.00012539150351184797,0.0005149578644057441,0.0007257623187566203,4.185635154529932e-05,7.301872059450556e-05,5.235661894588109e-05,7.906732922893598e-05,0.0002131105984671622,-3.275830866927162e-05,0.0003974074024265088,0.00010771114947432266,0.001228243617688194,5.258341967047733e-06,0.0005360296217061672
10,0.0011126954676741263,0.0004472793158838319,0.00012326644638837458,-2.431970531657718e-05,0.000833567926439189,9.326207435737204e-05,0.0005230812703148792,0.0007295123601363873,0.00018033435789205525,0.00014053360890533786,0.00027413691504526934,0.0001529897168531264,-0.00017262515375169728,-0.00011238607309632748,-0.00019663875385866786,0.00017489013025316074,7.8601099677007e-05,0.00013108172659146827,0.0005376985517598838,0.00010312159182661733,0.00020404336816173477,8.93322087950631e-05,0.00018680297722250582,0.00029721199455907786,0.0011024778172121197,1.5339608919822886e-05,0.000784300141415353,0.0003889920347827932,0.0004151109921730204,0.00018488855685217545,0.00041707491470595207,-0.0001330911102941464,0.002406956785816258,0.001398872520964021,-0.0007502830634682865,5.998853909766273e-06,0.0012647257012835993,0.00022049728086439058,0.0013757964312019976,9.056875261232758e-07,1.626802703080897e-05,3.381502830376102e-05,0.0005529856277724458,0.0005040815321065635,7.533825049966253e-05,0.00038086761862544716,7.755675558316782e-05,3.0286231283415218e-05,0.00314242152844445,0.00037726153761653635,0.000936252585912146,-3.823233863055182e-05,5.151356680918638e-05,0.0008325000940743154,0.00023448290461200482,-6.27000453108444e-05,0.0001922744815632414,3.127248610480238e-05,0.00044601145437207985,0.00024864431154930053,-0.00020732263387259636,0.0002131765171632956,0.0007969363261077353,3.3621060646129803e-06
11,0.000499240422652939,0.00030834240428471657,0.002504348754882812,0.000551981441045206,0.0019567578525866523,0.000636547298754672,4.752207610570354e-06,0.00012633507534608299,5.1967168258408466e-05,3.4961660029518026e-05,9.746900049306459e-05,-3.0059683120862175e-05,-2.035448106668752e-05,9.369319778377522e-05,-5.6913343526548274e-05,-0.00010664432735766613,2.9012308282375365e-05,-0.0003825567536434842,-7.171600551928322e-05,-2.690493050268279e-05,-0.00023050429457325362,-0.0002040135658393449,-4.8118122553422227e-05,9.346816499354462e-05,2.9044509944268343e-05,4.304920212697299e-05,6.15847312797933e-05,-3.58148146483828e-05,0.00015493166648735112,0.00011278815188650234,0.0001583543874449598,6.17827399302312e-05,-4.5089903524378916e-06,-8.28605587199673e-06,6.00542052317521e-05,-5.798016564321001e-05,2.7354490959039387e-05,-6.62217705937017e-06,3.494347556162728e-05,3.196829456394313e-05,3.857885376890491e-06,0.00012954816979877205,-0.00020016856112723086,-4.010382345166658e-05,0.0011167364605402558,-6.249850079164968e-05,-1.360854860079723e-05,-4.732255208292722e-06,0.0017428559772038864,-3.2016786478336544e-05,4.49919094473573e-05,5.467463347871272e-05,3.101866124039915e-05,0.0007092184939626916,2.9730342202263774e-05,8.223420482570735e-05,-0.0010443501553292999,-0.00014259350501885228,0.0002461015167882882,-0.00021722963300801682,-9.858103121741195e-05,0.00024692891007762566,-4.055035316337873e-05,3.6714440685210255e-05
12,0.0001810203164310771,-6.085432181924415e-05,-2.674329078803721e-05,-1.011258464748782e-05,0.0003308098194962815,0.00015723402217283523,-1.3472670215672984e-05,-7.202690940792262e-05,0.00010032674013558344,0.0003653764724731432,2.4949595079591107e-05,-5.25889760356867e-05,7.63873932725546e-06,0.00016653133650957371,0.0005163419044623932,0.0004130490755630744,6.232221247786045e-05,-0.00010245937412068163,2.5225897966767307e-06,4.491513058290733e-05,-0.00038316694356627286,7.427647962408099e-05,3.9926019765567516e-05,-3.983408717785562e-05,0.0006096888396699531,-0.0001829923209497483,0.0003498570393707773,0.0005682969497422052,-1.9255331007099996e-05,7.688393027095509e-05,-1.7927864850580277e-05,0.000369958958383332,-9.556569285315807e-06,2.8630687018572222e-05,3.624404385937831e-05,-0.0003753905579195181,0.00019505872564800532,4.173815250395958e-05,1.6689679380186682e-05,2.923090074021196e-05,4.299363847506799e-06,0.00027780310582306664,3.330687345084518e-05,0.00021616028527081832,0.00020707966917652275,0.0002021163196886969,-0.0006385001085572358,-9.414503129862001e-05,-0.0007094447895631949,2.8905727095522007e-05,1.486706531655294e-06,7.211404331651972e-06,-4.7443276744775486e-05,0.00014816502393301571,3.874554472453991e-05,5.8238789186633205e-05,0.0005853620626158644,-4.262489787606752e-06,-0.0004271410279354809,0.0003477193541445947,-7.834171844740914e-05,-0.0001284591222213396,-0.0008844278626522771,0.003592604297702595
13,-3.618406037152497e-05,4.1993997864803377e-05,-0.00012914205001572618,0.00018830925731335877,3.6924572314197194e-06,-0.0002553462982177732,0.0008681699381036262,8.97794961929306e-05,0.00033442903373201205,0.0006495128243656442,0.0006319062184479213,0.00022321232294632116,0.0004059904712741637,0.001673431719763805,0.0009042246867034401,0.0007946370011669074,0.0006530325291520498,0.0012163388527045823,0.00027708279884467796,0.0013066146333338858,0.0013447131140757415,0.001532966807737188,0.0012095621076680823,0.000517101611121224,0.0005274182659084513,-0.00030340986736750246,-0.0001007874133223194,-0.00029458029795501614,-5.895000393108083e-05,8.462243160958805e-05,9.179367857460768e-06,9.957006422137686e-06,0.0004074911949998258,-0.0006328982821965606,0.00014293244329549213,-0.00014960159689693384,-1.762580063383558e-05,0.00042593075057207653,-0.00023228031093791774,2.0124144473318606e-05,2.954167834782734e-05,-0.00020353571843292545,-0.0002530338400501269,-8.497197749250894e-05,0.0004746252197330306,4.6768430936129795e-05,-0.00011762421009903889,4.0337190789689064e-05,0.00015794826766191676,-7.397719358994021e-05,-0.00025247517278638887,0.00010290691408060782,0.00020333114316908296,0.000326043468410684,5.35401247315494e-05,-2.523195945610336e-05,0.0004086251986228752,0.0002453087245003682,0.00016800528865749354,0.0002413882037340572,8.775521132905329e-05,0.0012653763011350487,2.2662898241462792e-05,5.739220118118608e-05
14,-9.478552866790606e-05,0.0018307516130350416,0.0006181284532708609,0.00022706136865131043,0.0013854463221663136,0.00013096857879121612,0.0008449877722788645,0.00027816679518101326,0.0008580482612221931,0.0011871103513038785,0.003169916443905587,0.00171934548070875,0.0005257074105537565,-2.3255913944567488e-05,0.0004329489449323216,-0.0006318092346191368,-3.088884434457378e-05,0.00011721303907491064,0.00011489148867331763,0.0006692975254382111,0.000243599131955939,0.0003830376317945568,-3.3241207316766906e-05,0.0016810207043663906,-0.0006430553177655729,0.00012876219668630864,0.00019600431797868223,-0.00011727617958845089,-2.2391141471219318e-05,0.00020450050547971604,2.998416706664302e-06,0.009953159396931279,-0.00022522271689722054,0.0016983808097192797,0.0006194357144630559,0.00010635085025076118,0.000541194010589083,0.001406976732157044,0.0008308604612188848,-4.032405756287698e-05,-0.0003436056234068789,0.002343840518240202,0.004125239485401217,0.0018634553683006152,0.0006945971715248268,0.001576245841333422,0.007353847309694452,0.0004471601065942797,-6.79695000082768e-05,7.869126433033122e-05,0.0007417707119957869,0.00030331705081260504,-0.0001425884537777631,1.1613813497257569e-05,0.00011592497259882603,0.00022854441303317148,-0.00011380092572357794,-0.0004175492262436126,-9.53866263567423e-05,-0.0004253680423154617,0.0005157347452842547,0.00021967645418845847,-6.290209495414916e-05,0.00024180190037873122
15,0.0001897276458093708,1.0880625854102558e-05,0.00018075765189477655,4.011872461286323e-05,0.00012982093681723495,-5.6735539840439134e-05,0.00020626035787291692,-6.036435143422372e-05,-1.438593460341455e-06,-6.134126145961104e-05,-0.00021275827440165384,-0.0001075106152033348,0.001120615813691738,-0.0012203151896848534,-5.610160908456525e-05,-1.608315160716104e-06,0.0017821384688555192,7.060031264514784e-05,0.0010802301309876525,0.0005378975706585373,0.0005621667635642872,0.005845926575741525,0.0013794171608100484,0.005156533192780058,0.0004123590760311847,0.0008203377157954849,0.0002972796811895851,6.89282255657644e-05,0.0012400857472823848,1.9155442714687374e-05,0.00016407239235053896,-9.534520617986332e-05,3.2089524349925564e-05,0.00015364511538360116,0.0001258062104047354,-2.5753247535837303e-05,8.510128926422805e-05,0.0005186856803247467,-7.586357957225629e-05,0.00026965646420495085,0.00021519499309992663,-2.8078838930291234e-05,0.001053462594242422,0.001715914677765412,-2.444194535077419e-05,0.0011201268535549341,0.0005892030263351165,0.0009260440276840972,-0.00020358522059554007,0.00019902091915324167,0.0012801703760179416,0.00035686614149707513,0.0005363326961711313,0.0006900722697629762,0.0004545056213766806,0.0002816001237448964,7.505740149546324e-05,-0.00018084453324140063,0.00022552074012109977,-0.00012213193764120666,0.000158974427287861,-0.00017493963241577043,0.00010778035147715284,0.00018658678410417236
16,2.4013600106965523e-05,-8.017026771933276e-05,-3.4617165387688995e-05,5.790742777163818e-06,-1.891209917554171e-05,0.00024973234887850444,0.001023153127250028,-8.627923868469746e-05,-9.624836808543986e-05,-0.000274608700962391,7.138565435247948e-05,0.0007657196562168974,1.1128389229206943e-05,0.00040681483381885627,3.5706718089213085e-05,0.00014557272700939985,6.629248796881425e-06,0.0017740105168294151,8.731777385129831e-05,-0.00012332201004028152,6.309303186706815e-05,7.391784150721844e-05,-0.00017907053737316819,7.599087084750139e-06,0.0001976348586001551,-0.0003835164894491914,0.0015482862116926821,-0.000363058963064422,0.0014373973264532563,0.0008686437445171784,0.00027290037122823556,0.0011875831474692134,-0.0002947661836268534,-0.0002921930814193442,0.0004820500390004278,0.00046041860418804577,0.007692021838689252,0.009253033136917372,0.00015890800346762677,0.00017219579825967281,-0.0003197273965609275,0.0001307887546086712,0.0004585243887820488,0.0022905378018395393,0.0003226571163888661,-2.4629851519005523e-06,0.0021844920465501692,0.0008794170314982779,-0.0002496303138086345,3.511774337897463e-05,-1.657211174398652e-05,-0.00017821182638911751,0.00016844676712812165,-0.00014229144080210417,-2.1847122806617593e-05,0.0002569313776695163,0.0001752497786182457,0.0001156552363250244,4.70012931500432e-05,0.000607390019853235,-0.0007020901825468431,0.0008923805366128194,0.0003962193505238658,0.000177502632141114
17,0.00031388816186937377,8.785749896097637e-05,0.00029910823046150353,0.000425306417174261,0.00022608344837770738,0.0009362091452388458,0.00016680814452090436,0.0008908651642880162,-0.00011551279132648904,0.0011448051969883816,0.0007057028301691621,0.0025087898060426866,0.01823460853705972,0.00012924812607845504,-0.0004352391776392041,0.00021925012944108867,0.00036861633850356214,0.00034644341064711797,0.0021959401793399105,4.871416900117905e-05,0.0009174993482686687,0.00010598716089280936,-0.00032638291181144043,0.0008142560215319634,-0.0008133791260800113,0.0006797960249044136,0.0003398535615306811,0.0012513985068111069,0.00011678469383110748,0.0004930321948002952,0.003997641094660355,-0.00035244731579796697,0.00018937809992644882,0.00014248780779919747,-0.0002123132600622712,7.164655095440013e-05,-9.248418323064034e-05,0.0002750198719865108,-0.00016309851306979656,-0.00026396712509252205,-6.774067878723288e-05,-0.0001420166532872087,0.00012294821820016454,0.0004064112396563535,-0.0002154192682039941,0.00036900932505979625,-0.0001536436000112717,-0.0001822043273408503,0.0031108856201171875,0.0019527047367419233,0.002213332612635725,0.0002325854058993052,0.00043216398206807877,0.0018850665981486694,0.0007583589877112432,0.0003426923590191305,0.0009045464507604057,0.00029252343258615395,0.0014152769315040714,0.008082341339628575,0.001838053687144131,0.0010305097547628134,0.0019110986741922669,0.0002760654788906275
18,0.00040282637385998524,0.0003898871147026458,0.0041519423662605935,0.00048069630639027927,0.004827467061705508,0.002386913461200262,0.0050649481304621295,0.0021176095736228813,0.0007377115346617627,0.0005648025011612202,0.004495939965975486,0.0001781734369568914,0.0032981452295335677,0.0006550530255851083,0.0011920918852595971,0.0003987565889196875,-0.00032797506300069325,0.0011495169946702849,-0.0010133355350817653,0.0013962276911331432,0.0016313326560844822,0.0014452631190671774,0.0003910994125624816,0.0020248389850228503,0.0002651941978325271,0.0004558401592707218,6.92706997111629e-05,0.0001281964576850517,0.00031726643190545576,0.001278210494477871,0.0004317720057600644,0.0002985071327726706,0.0002944186582403665,0.000397213434768937,-0.00021329572645284524,8.68409366930966e-05,4.052105596509885e-05,-0.00012617899199663364,5.031894829313867e-05,0.0002732842655505117,0.0008414963544425348,0.009682057267528469,0.0007779436596369353,-0.0011362140461549915,0.0011269722954701578,0.00014870853747351695,0.0001281206890688155,0.0008633015519481594,0.001911504793975311,0.0026924610137939423,0.0007293870893575344,-0.002520868333719545,0.001249703310303767,0.0018267914400262359,5.27874898102358e-05,0.0021619958392644334,-0.0006658788454734678,0.0005703942250397262,0.007592977103540453,0.011633080951238082,0.001365758604922538,0.0008350226838709947,0.0002044954542386298,-0.0001175671310748079
19,-0.0001886254650051304,0.0009901442770230578,0.0011391397249900703,0.0013202529842570672,0.002729028715925702,0.0005084341865474927,0.0005227347551766102,0.0007756109965049603,0.0007317876916820696,0.00024038452213092566,0.0003932936716887876,0.00016871751365015548,3.071659702365533e-05,0.0008540395962989966,0.0001632843987416373,0.0007705850116277127,3.724684149531699e-05,0.0028084253860732257,0.000355330564207949,0.00016413300724352694,3.763932292741695e-06,0.0005628517118550969,0.00023086091219368484,-0.0004399671392925728,0.00042832503884525803,7.677936958054477e-05,0.0007083496804964804,0.000871339086758885,0.0001598556162947336,-0.000838206986249502,-6.935960155422219e-05,3.578905331886663e-05,4.9485493514500016e-05,0.0026522490937831034,0.0011388689784680394,0.002322786945407672,0.0015359369374937928,1.828145172636408e-05,0.003948033866235765,0.0020843926122633086,0.00011796466374800806,0.0009364394818322167,0.00015660867852679937,0.0019105895090911356,0.000558125770698156,5.774275731232346e-05,0.0002847263368509566,0.00014534996727764903,0.0004715576010235275,6.942451000213108e-05,0.000751384234024305,2.8651144544958418e-05,0.0008573855383921466,7.984395754539522e-05,-4.683308682198761e-05,0.00017700255927392952,0.0005831920494467539,6.33405426801276e-05,0.00020899004855398716,0.000508734735391907,-0.0002739591113591585,0.00012225417767541117,0.00011655183161719873,0.0003584017187862086
20,0.00015837257191285542,0.0013087806055101289,0.00037897643396409626,2.6897858765159187e-05,0.00010078640307409913,5.5858644388488125e-05,0.0006352602425268131,0.0002603722830950163,0.0004936820369655843,0.0013176869537870747,0.0005951160091464795,0.001320153979931848,0.0026241076194633874,0.0004005714998406858,0.003097998893867103,0.00032619298514673106,0.000130127547150953,0.0003918651807106146,0.00037879559953333836,8.958376060097634e-05,0.00016423756793393804,0.0023382023229437327,0.0007215134673199444,0.0003203476889658778,5.233237298868189e-05,7.024028543698868e-05,5.122993962239395e-05,6.724515203701646e-05,6.558885008601541e-05,5.223993527687196e-05,6.565199059954582e-05,3.117474458985198e-05,0.0003364702402535143,0.00014353758197719558,0.000265151767407433,0.0001117328213433114,0.000270353535474355,0.0007438788474616332,0.0037863335366976453,0.002849138389199467,9.784961150863765e-05,8.124416157350032e-05,0.00011380446159233065,0.0002825745081497423,5.256662429388774e-05,3.113913334022385e-05,2.7025655164551984e-05,0.0002563156313815368,0.0013722322754940704,0.001137141454017767,0.0006027443934295093,0.002391750529661018,0.0031192302703857413,0.00042789265260857826,0.0005200192079705714,0.00011180012913073453,0.0010933148658881754,0.0015526383610095019,0.0004755844504146257,0.0011911351801985389,0.0011892035856085287,0.0004565877429509534,0.0032585273354740468,0.004534737538483182
21,9.487948175204009e-05,4.1611618914843995e-05,0.0001562107670105107,0.00022451958413851437,0.00031219246023791834,0.00026104611865545115,0.00010990995471759987,9.625695519527683e-05,8.451938629150088e-05,1.534415503680329e-05,0.00015448513677564856,1.3649211091510824e-05,0.00012409383967771102,0.00019241591631355648,2.6858964208822366e-05,0.0001590544894590213,0.0024354902364439883,0.0046742891861220525,0.0016681905520164347,0.001122765621896517,0.0024205143168821155,0.001337366589045118,0.0010454614283674846,0.003076036097639699,0.0009158546641721578,-0.00053020655098608,0.0028156910912465255,0.002738164643109857,0.0009989314160104503,0.0010138487411757652,0.020406496726860433,0.001634743254063493,0.0013978400472867284,0.0053339085336458905,0.00040081800040552115,0.004346427270921611,0.003750332331253311,0.0020524000717421684,0.0034930019055382693,0.0037611298641916043,0.0015524201473947306,0.0015532525919251519,0.0006469265889313228,0.0006266438354880149,0.0007486100924217105,0.0004070613343836889,0.0020826994362524,0.000410645695055944,0.0006248112452232224,0.00033157154665154913,0.0012611615455756816,0.0017631821713205119,0.0002569232956837789,0.0009480371313580025,0.0014506921929828202,-0.00013249607409460804,0.0003001730320817356,0.004871077456716765,0.0022320262456344323,0.003831620943748344,0.011970649331302966,0.01741558010295286,0.0006144531702591217,0.007057941566079349
22,5.2325806375242e-06,1.717826067390736e-05,-4.050741761417411e-05,-4.364272295396973e-07,1.0108796216675759e-05,1.7021040795212557e-05,3.239941799034554e-05,9.342169357558874e-05,0.0018981190051062626,0.0010142533455864881,0.0003617092714471347,0.003371456922110865,0.0010135941586252024,0.002787387977212162,0.0024444450766353287,0.0008980096396753308,1.9132838410847498e-05,2.301471718286611e-05,4.537529864552512e-06,4.232182341111053e-06,-2.058380741244168e-07,1.4166331897348268e-05,-1.0712987790671082e-05,3.7115256665122212e-06,0.00038440954887260454,0.000558220734030511,0.00041441392090361,0.00027095261266676354,-1.76672208107085e-05,0.00019914214893922914,0.00018718384080013397,7.936914088362118e-05,0.00017350002870721262,0.00013303352614580367,0.001591322785716946,5.696284568918236e-06,0.0003713025885113237,6.1014951285662204e-05,0.000512927265490517,0.0001962063676219881,3.4519171310683764e-05,9.68663874319092e-06,-2.803501941393824e-06,3.547777058714341e-05,1.6654952097746573e-05,2.316095061221304e-05,1.4772354546194785e-06,2.0913148330427766e-05,0.0013166686235848142,0.0011838896799895703,0.001327328762765659,0.000981464224346613,0.001436880079366395,0.0006227372056346841,0.0022556013980154265,0.002557269597457628,-1.3921472985871743e-05,-1.3668405807629064e-05,2.787622102235724e-05,6.897065599085445e-05,-2.585035764564653e-05,4.7241227101473746e-05,0.0006207389346623822,0.00013426400847354285
23,0.00026032581167705846,8.46017215211437e-05,0.0001316866127111114,-2.828796031111303e-05,2.9822527352023727e-05,-0.00011975179284305573,7.08499702356588e-05,6.793565669301752e-05,0.0037096092256449016,0.0007826918262546338,0.0014749341091867196,0.0014919345661745238,0.0012394533318988348,0.0015256041187351034,0.0010056899765790524,0.003192513676012977,0.0010549577616028873,0.00025821944414559125,7.04466286352102e-05,0.0006111920890161551,2.7152441315732964e-05,0.0012285588151317518,0.0004967632940259997,0.0012813826738777806,-1.0280096429889405e-05,-4.020838414207797e-05,-1.3024372569580299e-05,1.9580757213853274e-05,0.00010892496270648456,8.61842753523423e-05,9.632413670167845e-05,1.015602532079524e-05,6.136853816145417e-05,0.0002235941967721747,5.198232198160442e-06,0.001126076205302091,0.0009821229061837923,0.00045409849134542426,0.0008035140522455763,0.0005400302046436398,0.006632530083090572,0.0209776021666446,0.011301848847987288,0.005637540655621028,0.0031295226792157687,0.015832335261975305,0.006295478950112553,0.007945925502453818,0.0006975440655724475,0.00010069143974174787,-0.00016308234909833395,0.0003557296122534829,0.00045719793287374506,0.00049490847830045,0.0005439802751702771,4.8320172196723147e-05,-1.4939676907101669e-05,1.4300947472198304e-05,6.422754061424323e-05,-2.9992754176509746e-05,1.766166444552234e-05,-3.3641265610588593e-06,1.1880140183335512e-05,-3.7749187420996865e-06
24,0.0006361492609573627,0.0005076780157574127,0.0008613942033153467,0.005329802884893901,-0.0001023192021806395,0.001400608127400027,-0.0008291723364490586,0.001009290501222774,1.9592248787315874e-05,4.697149082762485e-06,2.7542902251421045e-05,1.4463723716085814e-05,6.898378921767415e-05,4.500845226189822e-05,0.0001564167313656525,7.0957309108675585e-06,4.7126058804782945e-05,3.694225165803339e-05,6.488369683087162e-05,2.2544194076019595e-05,0.00010754647901502425,0.0001082556732630293,0.0004641969325178754,3.712157071646775e-05,1.5243635339250322e-05,5.631123558950885e-06,-2.0246889631628634e-05,-5.291882207838436e-05,-4.960318743172368e-05,0.00011515819420248441,0.0002494424076403596,-6.953942573677087e-05,0.0005424790463205128,0.0011422189615540588,0.00043683536982132173,0.0010150569980427373,3.682455774081052e-05,0.0001690718582121012,0.00042155233480162344,4.883085267018183e-05,-5.132060939984867e-07,-0.0004720788891032593,-0.00039088726043701194,5.395735724497357e-06,7.932873095496199e-05,-1.1767371226163564e-05,-0.001355252023470605,-0.0007947137800313683,-0.00012685535317760795,6.129554772781023e-05,-0.0001069024457769866,-6.914997504929902e-05,1.502112816956206e-05,-2.0902035600050124e-05,1.3321132983191357e-05,-0.00036629175735732045,8.267492561011757e-06,4.3229783995674433e-05,2.96171944020071e-05,2.574870141882069e-07,1.0946165707151319e-05,4.008096658574916e-06,5.9484046394498415e-06,8.188920505976107e-05
25,-5.528393943431254e-05,-8.36544875371278e-05,-6.724464691290864e-06,-1.549329292975972e-05,7.209333322815356e-05,4.682247921573376e-06,-1.4602885407911326e-05,-4.646611415733375e-05,-0.000438568955760891,-0.00035841182126837286,-4.79817390442371e-06,-0.0001906904123597226,0.0003564893189123096,0.00010633064528642757,0.000196311433436506,0.0003061698654950669,-1.7762689267181825e-06,-1.400166143804756e-05,-2.6919326539737865e-06,-1.760035500688121e-05,-1.0413764897037315e-05,-3.585004705493185e-05,3.883772987424286e-06,-1.7231803829388934e-05,-6.331680184704143e-05,-6.896459450157758e-06,-1.7041372040569943e-05,-1.5975812734182402e-05,-2.509456569865964e-05,-1.5807858968162923e-06,-2.21714124841238e-05,-8.655402619959989e-05,-0.0003902760602660063,-0.00022930209919557715,-0.0001167927758168406,-7.67349186590136e-05,0.0003750384864160561,-0.0016448457362288125,0.0029144448749089647,0.00047599663168696783,-1.4871611433510968e-05,6.477964126457947e-06,1.2943552712262636e-05,6.681655423115793e-05,0.0001337548433724037,5.3721969410528836e-05,2.766185897891754e-05,2.1648103907952016e-05,3.665256298193986e-05,3.639671762110344e-05,-8.264777518935334e-06,4.025990680112539e-05,-9.12001577474251e-06,2.599621223191852e-06,8.448453272805235e-06,3.995279134329997e-05,0.00043889627618304717,0.007842791282524495,0.0019266969066555194,-0.0003293570825609127,0.003887596776929951,0.0007838753320402989,0.0028438729754949035,-5.605665303892978e-05
26,2.0863141043715363e-05,-8.346670764992521e-06,1.317666748821946e-05,-0.00010704135490675735,-2.1425344176212076e-05,-0.00037209058212021715,-6.145339901164342e-05,0.00019408484636726658,-2.0321142875548954e-06,-1.9879159280813437e-05,-8.858462511483529e-05,4.0910759214623643e-05,1.1294701341850874e-05,-1.7992268174383802e-05,-3.982398469569533e-06,-3.0305173437481366e-05,9.412886732715028e-05,3.5129866357568126e-05,5.629608186657372e-07,7.758302203678881e-05,0.00011909412125409187,5.607976246688516e-05,3.7649930533713565e-05,8.063296140250024e-05,0.009702003608315678,0.001361873190281757,-0.00041385424339165504,-0.0001545275672007415,0.001935991190247617,0.001043449013920155,0.0008858502921411542,0.0015561459428173002,-0.0002607268802190191,0.0003448310544935333,-0.00023631726281117643,-2.2987187918968318e-05,0.0008144459481966681,0.00019238560886705974,0.0001842925104044198,0.000592696464667883,-0.0006718857813689665,-9.91356574882707e-06,-1.4915746652472779e-05,-2.9681850287872222e-05,-4.439207456879464e-05,-0.0003722582833241643,-8.039201720286489e-05,-5.670081255797145e-06,0.00011856778193328016,0.00012976335266888452,0.00034120527364439954,0.0001109292951680749,4.597639633436518e-06,0.0006617287457999491,0.00014516054573705497,0.0001318717406967939,-7.338240995245706e-05,5.392452417788198e-06,-2.358550742518873e-06,-0.00027077783972530376,-2.2678304526767557e-05,-1.0271446179537868e-05,-8.605597382885355e-05,0.00012831011060940645
27,6.674558429393906e-05,0.00017612465357375794,4.565816814617317e-06,5.3793697033890145e-05,0.00010761871176250805,0.0003696488121808503,1.4042702771845525e-05,0.0006301322225796967,0.00041832964299088775,-0.0006467528262380848,8.332779852010508e-05,0.00014518832756301692,0.00022545305349059325,-0.000497462385791842,-0.0004526396929207483,-0.0009663418187933479,0.0011462195444915254,0.0002630322666491469,-0.0008396859896385059,9.080717119119814e-05,0.001217177863848409,0.001943353879249702,0.001988103834249205,0.0027174222267280185,1.3436301279875335e-05,0.00010647309028495804,-0.0001678204132338718,-4.211219690614235e-05,0.00013722504599619772,-0.00021900969036554952,6.560198331282534e-05,0.00022757255424887541,-0.0009602692167637711,-0.0001733505119711678,0.0007792125313968998,0.004552291611493644,0.0005262180910272111,-0.0009740085925086068,0.0004902613365044029,-0.0017896183466507196,3.0614561953784615e-05,-3.797017921835591e-05,0.0003168805170867366,-0.0006890680830357461,-0.0031364489409883138,0.00021138534707537739,-0.0002187227798720568,-1.946950362900559e-05,-0.0006035465305134399,-0.0006557884862867441,0.001316272606283934,0.00034227411625748855,-0.0012629375619403382,0.0005602109230170823,-0.0005090559943247663,8.55175115294702e-06,-2.609976267410664e-05,-3.953707420219809e-05,0.00019291699942896014,0.00010600332486428049,4.1691933648059016e-05,-0.0002747228590108585,1.8911846613491929e-06,-0.0001337235256776998
28,-0.0002377881842144475,0.00023564645799540004,0.0008474770238843991,0.0015469425815646941,0.0013156765598361763,0.0011997061260675993,0.0015423661571438024,0.0010976003388227056,0.00028287354162183647,0.0004104810245966523,-0.00034078602063453953,-0.00041879637766692625,0.0003111342252311041,-7.388450331602592e-06,-0.000576059697038039,-4.804487955770787e-06,3.072366876117247e-05,-0.00010634832463022322,-0.00013249405359817693,0.0001486734313479853,0.00010097026824951103,0.0001076242681277004,8.395566778667881e-05,-0.0002668464587906649,-4.222837545136086e-07,-0.0002209609847957822,-1.968569674734175e-05,-0.00011939820596726862,-7.784208756382562e-05,-0.00034577588913805104,-5.5926331018997e-05,-4.117771730584587e-05,-8.353237378392351e-06,-3.6028860989267764e-05,-1.2862732854937525e-05,5.164388882906196e-06,-2.8370042978706315e-05,-2.512771446827604e-06,6.1748896614974095e-06,1.533935635776844e-06,-0.0006967661744457208,0.0021132048913988025,0.001160240779488773,0.0030261379177287445,0.0009875540005958698,0.006249314647609905,0.00243969286902476,0.0009752208903684475,-4.409733465194402e-07,-6.975763935149108e-06,-2.3506455502266122e-05,-3.372328513759956e-05,-1.5392015546049576e-05,6.787352642770488e-06,-1.3880431652065992e-05,1.5075429011172156e-06,-1.215833728596708e-05,-8.760872533766876e-06,1.6875312489975106e-05,-1.8971703820307382e-05,2.2490145796430572e-05,-6.197872808426296e-06,1.2101258261726154e-05,8.393394745001829e-06
29,-1.045796325650956e-05,-3.743676816003703e-05,-5.165096056663153e-05,-4.748280270624394e-05,-5.414526341324778e-05,-9.096274941654432e-05,-0.00023422200801009256,-2.846551143516635e-05,0.0027336266081211917,0.0011271298941919344,-0.0006794868889501542,8.087643122268815e-05,0.0007663015591896186,0.0009252681570538017,-0.0002889794818425565,0.00029908196400787866,3.055836689673911e-05,3.974038665576789e-05,-0.000186126110917429,0.00020447423902608441,2.3865598743239717e-05,0.00015697893449814892,-4.409228341061317e-06,0.00021293203709488843,0.000574649390527758,-0.00028501728833731766,0.0001347469071210441,-7.713447182865419e-05,0.00015286267813989745,-0.0005400968810259295,0.0009074736449678063,0.0009533389139983569,0.00011220877453432747,-6.182719085176673e-05,-0.00014989709450026714,0.0005393917277707898,-4.9363253480297585e-05,-0.0003099421323355947,-0.00030336743694240963,0.00026022781760005735,3.5067736092256675e-05,-8.83815652232944e-06,-0.00011645636316073153,-1.9992812205166405e-05,-0.00011923252525976281,3.909660597979221e-05,0.00020183951167737171,-1.5505794751443036e-05,0.00015637430094056306,9.677117153748994e-05,-4.942765680409532e-05,0.002112760382183528,9.548361018552163e-06,0.005121909965903072,0.00024394261634956354,0.007702940601413533,-0.0011313486907441738,-0.0018704462859590178,-0.0009354292336156815,-0.0021065130072124927,-5.033460714049573e-05,0.0004912453182673021,-1.0213609469140973e-05,-0.00017440824185387623
30,-0.0001312352843203797,0.0006611306788557657,2.9145913609002852e-05,0.00031971729407876136,7.895241349429691e-05,-0.0003489841849116962,-0.0003398636640128449,0.0003238552707736752,-0.00018327165458162077,-5.225761462065871e-05,-2.874332969471303e-05,-3.41297206232081e-05,-0.00018288523463879793,-0.0002730256420070785,-3.8550819380808126e-05,-2.3956773644790984e-05,-6.27364142466503e-06,-1.2481111591144589e-05,-3.357004311125322e-05,4.079230761123097e-05,-4.5124757087834926e-05,-2.9352761931365028e-06,-3.103886620473433e-05,4.7600875466556446e-05,-0.0014605764615333702,0.00018675549555633166,-3.2146098250056125e-06,0.0010642459837056821,0.0008793079246908976,0.001010789709576105,0.0035554918192200746,-0.0009692321389408407,3.130733966827352e-05,-9.681410708669234e-05,-0.00019533704903166966,-2.9062820693192384e-05,-2.7132741475510782e-05,2.985788603963655e-06,-4.803275657912306e-05,0.0028937347864700577,-9.063946998725897e-05,-0.00020708269992116785,-0.0014101852804927516,-0.00022922532033111689,0.00035545381449036696,-0.000868486145795403,-0.0005723904755155946,-0.0009568141678632304,0.00018854868614067496,0.00030760239746611116,-0.0002549103761123434,-0.00010110513638641899,0.0012098490181615795,-0.0001887871047197768,0.0002780526371325482,-0.0003992642386484931,-1.7169926126126558e-05,0.0001721048759201849,-0.0006087432473392793,-0.0001619387481172207,-0.0001338073762796658,-0.00018895935204070116,-0.0003239098241773711,-3.416659468311533e-05
31,-0.00013662394830735752,0.0008283469636561502,-0.0004067400754508295,0.0024146973076513275,5.4977707943669276e-05,-0.00012913573596437197,0.00016140331656245744,-0.00014283899533547154,0.0002797821820792491,-0.00031322644928753865,-7.437927238011388e-05,-5.161156088618989e-05,1.5155743744414393e-05,0.002803919679027492,0.00011936991901720931,0.0001455858602362091,0.001525705143556755,0.0007455278251130732,-0.0003563185869637194,-0.00042251611160019453,-0.0001428349543425978,0.002579567796092921,0.0006213511450816,0.001841714826680849,-0.0013160028700101155,-0.00013571270441604743,0.0014276666156316188,-0.0006688974671444611,7.532410702462747e-06,-0.0006727005465555996,0.0002743955385886991,0.013429520493846828,0.0006441423448465627,0.0015558954012595983,0.0004540459584381618,0.006287251488637116,0.00882836923760883,0.0071331606072894595,0.0011293928501969663,0.0014341079582602322,0.0004762532347339703,-0.00016603227389060801,-0.002566386077363613,-0.00045726258875960086,8.386070445432402e-05,0.0007181329242253713,0.0005248441534527271,-2.451114735361249e-05,-3.8968809580401256e-05,0.001334149958723684,0.0006141500957941627,-0.0016023344912771474,-0.0009161597591335504,-0.0006390749397924372,8.267871404097814e-05,-7.752442764023453e-05,0.0001952466318162805,8.13129847332559e-05,-5.788621255906602e-05,0.0003547890711638918,6.75760083279425e-05,-0.00024088358474989955,0.00012942795026100245,-1.612356153585254e-05
32,-0.00028409998295671245,-6.021483469817702e-05,-2.2959911217125455e-05,0.0002607895156084431,0.0001385666556277503,-8.915440510895648e-05,1.7547758959097337e-05,5.264782299431006e-06,-0.00023304102784496014,-2.6282365039242e-05,-3.6071922819494655e-05,-1.1473388995159697e-05,-0.00047568143424341465,-0.0001029826826968413,-0.00012690081434734712,-8.87402033401775e-05,-0.0007541058427196459,0.00020900015103614993,-0.000519301931736833,-0.0001476356538675588,0.0009289838499942085,-0.0003532570297435217,-0.0033381813663547356,-0.0008282216928772965,-0.00012669926982814702,-1.488363970133815e-05,-0.00025165687173100146,-8.7882123761211e-06,-0.0004141169079279523,-3.9130449295049346e-05,-3.0695129249059524e-05,-6.234443793862688e-05,0.0002509092880507611,-0.00012586076380843587,-1.62559040522127e-05,4.8407053543349786e-05,7.818614022206343e-05,2.060704312082051e-05,-6.666729005716979e-05,-0.0001672991251541407,-0.0005801552433078547,6.708048157772748e-06,-6.033404398772082e-05,-0.0003419609393103664,-3.744788089041004e-05,6.993342254121721e-05,-5.3934121535995605e-05,4.1604547177335787e-05,0.00017501742152844637,-3.6404547044787445e-05,-0.00012047513056609166,-2.2033008478455596e-05,-0.0008883860151646495,0.00018918716301352854,1.3343358443950607e-05,-9.202426773006748e-05,-7.197311369038997e-05,-0.00017032178781800698,-0.00020860009274240002,-0.0002465884564286583,-0.0004177507707628139,-0.0001387848692425155,-0.0001066316992549567,3.5807237786765665e-05
33,-7.17975830627753e-05,0.0005159539691472466,3.418376890279608e-05,0.00015653947652397002,7.063251430705476e-05,4.02669785386436e-05,6.201724379749813e-05,2.4945048962609025e-05,-0.00026743290788036557,-0.00026143657959113933,0.0005351971771757508,-5.9189432758396804e-05,-0.00030385639707920835,-0.0002033680172289828,-0.00037836220304844284,-0.00026840022054769455,0.0050319089727886655,-0.002723467552055746,0.0053434210308527545,0.0001782623387999429,-0.0001106533711239463,0.011636249089645128,0.002506854170459812,0.0007836131726281117,0.0007010193194373181,7.126897068347119e-05,3.109442985663882e-05,-2.07060474460366e-05,-6.981219275523341e-05,0.00012755292957111695,0.0003766649860446726,-9.636454663034303e-05,0.0021465915744587525,-0.00019474352820444832,0.0015244079848467289,0.00017847449092541441,-7.822149890963937e-05,3.86520967645006e-06,-0.0009650779982744616,-0.0010038472838320956,0.0005899041385973931,0.0010566206301672984,0.002323651717881025,0.004240698733572233,0.004031844058279264,0.0003411648637157381,0.00024191605842719774,7.203069783869214e-06,-0.00020676952297404575,-0.0009665004277633407,-0.0004391144897978182,-4.1313090566860695e-05,1.0718733577407201e-05,0.0002654346369080606,-0.0003904003207966383,6.738557653911829e-05,-0.0001789068771620903,-6.161099773342337e-05,3.2225907859154285e-05,1.1780504452978795e-05,-8.930493209321476e-05,0.0001353343664589577,0.00010247957908500486,4.352654440930618e-06
34,-0.0002552270889282213,0.00020906379667379117,-0.00013321537082478215,-0.000291290929761983,0.0009219606043928763,-0.00017411021862999938,0.00031917782153113297,3.605285438440076e-05,-3.14202349064682e-05,5.195807602446038e-05,0.00012212890689656145,5.619000580351965e-06,-8.273023670002067e-05,-3.371804447497476e-05,-6.562572414592494e-05,6.694409806849153e-05,0.0002964704723681362,0.0001265558145814041,-2.1163689888130595e-05,5.662895865358686e-05,0.0001783269946857963,0.0005491466845496255,3.919965129787449e-05,-6.659657268200511e-05,-0.00012327856936697769,0.0022231845532433474,0.0023281129740052304,0.0004886287753864863,0.0012219962427171608,-0.0010914964190984198,-0.00019730349718514388,0.005529452178437831,-0.001052347280211371,-0.0002403380507129734,-2.33286518161595e-05,-0.0006140915013976021,-0.00015374260433649917,-0.00020376302428165154,-0.00011735851481809391,-0.0006327790729070157,0.0005376460188526207,0.0001396486314676594,0.0007464279562739991,-0.00011863950955665677,0.002209364357641188,0.0016871630135229076,-1.686306323035549e-05,-0.0006421036639456041,-0.0002775434720314153,-2.810106439105784e-05,0.0002751360505314182,0.0010716733285936223,-0.00011318315893916434,-0.00019112481909283122,1.1136976339050258e-05,-0.00035594277462716475,6.003046439865404e-05,8.925947092346971e-05,-4.8435340493410505e-05,6.10336408776721e-05,1.1939113422971782e-05,0.00010118848186428434,-3.088328797935516e-06,0.00016210695444527308
35,-0.0005714196269795051,0.0002359025559182932,0.0004139572887097413,5.340727709107659e-05,0.0006152623790805627,0.0005663633346557635,0.000858801906391732,0.00224846298411741,-5.522521875673743e-06,2.16284040677289e-05,3.613266399351032e-05,1.9934217808604343e-05,0.0003370612354601841,4.420037996971399e-05,-1.0749546148012284e-05,2.8176833007293893e-05,-0.0005144911297297054,0.000700037358170851,0.0004884752176575736,0.0014576911926269516,-2.97790866787204e-05,0.002222804699913932,0.0015041626105874275,0.0010925592002222102,0.00327606322401661,0.007881843437582761,0.0010084439132173174,0.0005198737322273877,0.0006055427809893087,0.0008874666892876018,0.0010009216049970229,0.0006709523120168928,-0.0002751411017725013,0.0003093460858878415,0.00022994865805415422,0.0004701937659312122,-8.33899287854215e-05,9.92791127350398e-05,0.0010699377221576238,0.0014063382552841957,0.0012717974387993238,-0.00043477749420424406,0.0010497772087485124,-0.00021388167041843222,0.005016229920468088,0.004321070040686658,-9.406623193773137e-05,0.0006832616814112236,-0.000759197493730965,-0.00019635083311694978,-0.0003658189611919864,-7.568880663080056e-05,0.00022724119283385087,-0.0010500237093133478,6.039263838428414e-05,-0.0002294723260200657,1.8023838431143784e-05,-0.00020217238846471732,3.323969194444645e-05,3.938351647328227e-05,-7.415727033450687e-06,-2.1890437198899132e-05,-8.30373521578191e-06,-1.9555501008440685e-05
36,-0.0004400742256035235,-6.172212503723758e-05,0.00018208915904417046,5.289962736226824e-05,0.0005344617164741119,0.00013751094624147288,-0.00029736454203976474,-0.00012737209514036355,-0.000950312210341636,-6.1099812135864e-05,-0.00036259323863660264,-1.0963213645807525e-05,0.00022142317335484073,0.0001202599476959727,0.0007813401141409165,0.00030000002707465185,-0.00013497648602825072,0.0004102698827193924,-6.288694123090769e-05,-4.4642868688550886e-05,-0.0003198213496450647,-0.00013454889847060883,-9.09261279186967e-05,-3.141871953399075e-07,-1.704793865385072e-07,-7.324754181554713e-05,-3.0421604544434277e-05,7.571002184334257e-05,-9.905483763095498e-06,5.70338156263707e-05,2.510365793260806e-05,-4.12567692287814e-05,-0.00010075104438652969,0.0001345751649242304,-5.8395377660204886e-05,-6.737749455338872e-05,2.6826131141791007e-05,0.0001314716824030481,-0.00028111166873220976,-2.9838186199379843e-05,-0.00010009539329399435,-3.607596381237684e-06,1.8466327149989962e-05,-0.00013906167725385684,-0.0005322714983406743,-1.7805624816378395e-05,0.0002118399587728142,-0.00019948967432572017,-0.00017223923893298259,0.000796063471648652,0.0005522289518582649,0.0011832835310596533,0.0018141754602981814,0.0010411698939436576,0.0005796885086318188,0.00024001426615957128,-4.7449338234074476e-05,-3.325762385028941e-05,8.65934258800649e-06,-4.0485192153410265e-05,-0.00018179012557207328,-5.6942640724827996e-05,7.254087318805189e-06,-0.00010672060109801068
37,0.00028313216516527015,-7.483615713604632e-05,-0.00023672641333886805,-0.00017897961503368176,0.0002361657255786968,-0.00011906987529689968,1.712168677379019e-05,-3.02539033404829e-05,0.00017911094730183082,0.0003334748542914983,-0.0001265295481277656,-0.00011775200649843536,-1.9773588342182927e-05,-0.0001468820086980263,-0.0004553895885661472,0.0001167402429095813,0.00022336386017879464,-3.4293885958398724e-05,0.00014218031349828438,3.950070526643385e-06,7.856245768271726e-05,-2.67821853443766e-05,0.0007136150942010414,-7.318187568147127e-05,5.1623683864777e-06,8.721270803678304e-05,-8.6548974958516e-05,8.183010553898976e-07,-6.210399886309122e-05,0.0004292241597579711,-0.0002304179183507419,3.398070901127132e-05,5.9958231651174836e-05,9.329238180386847e-05,-1.3439332024530954e-05,0.0006516606120739965,0.00043690002570717754,-0.0011407237941935906,-1.0021662308002476e-05,6.339105509095116e-05,-4.6696703312764196e-05,-0.00010657512535483521,-6.268918514251756e-05,-7.024154824725605e-05,-0.00014457460177146712,0.00010753486116053805,-0.00015350620625383026,1.0415659112443048e-05,-2.9597241999741557e-05,3.4349954734409565e-05,2.5779513989467648e-05,-1.4640517153982785e-05,-2.412649534515806e-05,6.861605886683845e-06,-6.708048157772298e-06,5.5493439658210316e-05,-0.00017774812245773935,-0.0013019977989843373,-5.376338958740033e-05,-0.0002579537488646452,-0.0012446662126961421,-0.00011484905824823041,1.165321317768924e-05,-0.0008383969129142105
38,8.123153347079263e-05,-1.0639302811378334e-05,5.472413564131817e-05,7.05213870032289e-05,9.92417335510021e-06,2.1442518395890656e-05,6.21529959015443e-06,6.143723504018014e-05,-0.00033829020241559355,-7.4469184471341915e-06,-2.079090829618813e-06,2.317913508010745e-05,4.506717293945029e-06,-2.0449949523144665e-05,-0.0001647330946841551,3.539303601797933e-05,0.00047554808147883,0.00024306471064938377,0.0001513473058151027,-0.00019970586744405607,-0.00013918189679162015,9.579577688443643e-05,0.00017395261990821632,0.0001115132186372371,0.0006640856548891206,0.0007987224449545675,9.662620091841783e-05,0.0003108826734251918,0.0028323884737693657,0.00048389475224381494,0.0004742792097188682,8.690205671018829e-05,7.00203038877748e-06,-6.940859859272816e-05,-4.276759543661754e-05,-2.813288720990443e-06,-3.234637995897846e-05,1.8301656690690917e-05,-0.00021820755328161694,7.64283083252964e-05,-2.6737734422845728e-05,-2.1496061551370482e-05,-6.698804386591675e-05,-4.016241784824865e-06,-3.972144450171831e-05,-2.8077828682072804e-05,-2.863801131813445e-05,-8.196901466886665e-05,0.0025229494450456015,-0.00014307943441099722,-0.0001515776424084661,-0.00015461242805092944,-8.263426311945143e-05,8.498207997463578e-06,0.002703343407582428,0.002912731493933725,0.0001425520848419688,5.0046686398776076e-05,-0.00018052441083779406,0.00023496959169032046,0.00019709134505967301,-0.00043197405540337114,0.00010865118543980685,-6.374868295960423e-05
39,-8.322525832612463e-05,-0.00011217379468982325,-0.0001726155563936456,-0.00015251464762929952,-8.759862285548239e-06,-1.4846734071177913e-05,3.2516606783459285e-05,-5.265716779029673e-05,-3.071760727187321e-05,1.3094837382683836e-05,0.00035821886385901323,0.0013487056150274744,0.000188404220645714,0.00465677552304025,-0.0003299824262069479,0.00034913673239238887,1.8953771914466167e-05,0.00019861681986663222,3.967648845607927e-05,2.0204459206529473e-05,8.204958196413544e-05,3.2807937112902244e-05,2.0760853411785373e-05,1.6625654899464544e-05,-6.7716937954122284e-06,4.388644533642851e-06,-3.2918938135693545e-05,-4.883034754610815e-06,3.818738258486653e-06,-4.5359134674074177e-05,-2.8492788137029167e-06,-4.9433213169288766e-05,-9.75182500936264e-05,-0.0003137245016583008,5.37431846230672e-05,0.00013691287929728954,4.190509602177251e-06,0.00011403479818569934,3.918651807105072e-05,6.245859598705578e-06,-1.4282889285330052e-05,0.00041448463827876525,0.0013419086650266496,-0.0006031747591697568,-0.0005266009751012814,-0.00049566010297355,0.0004175113419354983,0.0004148685326010508,-5.228792206714351e-06,-1.9570528450653283e-05,-0.00019366862410205913,-0.00015990511845733949,-4.865683741488413e-05,-0.00012331089730989716,-4.588168556407338e-05,-3.8191171015686205e-06,-2.721558182926883e-05,8.555388046523148e-05,0.00014700626922865527,-1.1383982027994256e-05,2.3718102503628536e-05,2.0861625671386901e-07,1.005171719243653e-05,1.5605304200767526e-05
40,-3.664170281361524e-05,2.3846404027131387e-05,-1.754775895910319e-05,-0.00023224293175389625,0.0001740435422477052,-1.2640225685249852e-05,-6.380727735617238e-06,-0.00016442193823344893,-3.774893485894085e-05,-0.00021989365755501535,-0.00023465237375033137,-0.0011080321619066139,-0.0007156275086483713,-2.632302752995845e-05,0.0010650279158252788,-3.5851688708290036e-05,2.9765195765735583e-05,5.5863695629573276e-05,0.0006981865834381619,0.0001099796618445462,3.8874856496261095e-05,0.0001064943054975015,0.0005160509529760347,4.6716150590930335e-05,8.552761401158858e-06,1.7924328981783257e-06,3.840963719252874e-06,1.766444262811404e-05,5.5331294819432e-06,1.1680868722623636e-05,2.473769551616048e-05,0.00010222196578979313,0.00022854643352960836,0.0007440963033902446,0.0008587998858952924,0.00031916165755967147,0.0005302671658790719,-0.00042225142656746446,0.0006542731139619508,0.001007401337057857,-3.6327894461384266e-06,3.837528875318463e-05,5.5384837974936826e-05,1.9098742533534434e-05,8.687124413958428e-05,7.968736907182867e-05,-6.399164765563466e-06,4.058015548576707e-05,-2.1142474675583082e-05,-0.00019847639536453197,-3.135860976526035e-05,-0.00011788485413890739,-0.00010343729439428309,-0.0001169039031206531,-1.7500529854982706e-05,-0.0002478987483654974,6.385475902233967e-05,9.505930593458814e-05,-5.5457575846577946e-06,1.6958531686809735e-05,-4.015199966349579e-06,-1.2516975402825424e-06,9.846131680369984e-06,2.1702152187536217e-05
41,-3.28310465408574e-05,-8.192671052477102e-06,-8.010510670939363e-06,-2.4449901055477416e-05,-2.509645991406155e-05,-2.2529798038934994e-06,-2.0274671457577232e-05,4.713060492173576e-06,-2.3556336507953822e-05,-6.555563817587375e-06,-1.5574744192218727e-05,-7.883598238734293e-06,-2.023173590838235e-05,1.3631279185669287e-05,1.1289397538717262e-05,-1.8943669432297215e-05,-6.998191445560676e-05,-0.00043630802025229127,-4.669165207167692e-05,-8.941302865238517e-05,-0.0001490964727886664,-0.00011664780519776507,-0.00017491841720321832,-6.736032033369839e-05,-3.801200980857151e-05,-5.554496231725469e-05,1.3997999288260433e-05,7.263432114815535e-06,-4.2247317605097154e-05,-3.8351547920086885e-06,5.628092814299864e-05,-2.440557641497951e-05,-1.3973753331070603e-05,2.2143630658164578e-05,7.385318562135471e-05,6.879588304939756e-05,1.20044007139676e-05,2.7780815706417365e-05,9.302567627470091e-05,-2.2308806241618385e-06,-3.1227277497113075e-05,-2.4016125727502016e-05,-5.688303608005067e-05,-7.713642918457208e-05,-1.1995182198989548e-05,-2.6320754471469368e-05,-3.2130439402695394e-05,-0.00028512639514470593,9.72768007698518e-06,-2.5878265752629872e-05,2.0922745688479725e-05,1.6067492759829506e-05,7.658376026961869e-06,-0.00010191485033197172,2.5329448408971633e-06,-4.760605298865283e-06,5.90439570152153e-05,0.00016863669379282848,0.0006531577999308961,5.511712219755794e-05,6.129377979343509e-05,0.00031182321451478086,0.000891521825628766,-2.1898140341549294e-05
42,-2.0076789088168175e-05,-1.2969566603834657e-05,-3.35377151683158e-05,1.4653902942853816e-05,-1.9502841820125956e-06,6.4943806599756865e-06,1.4267230437912362e-06,-1.4088163941596775e-05,-1.3739880868940655e-05,0.00011899006568779086,1.4601243754551993e-06,3.3676119173986e-05,3.9243344533237243e-05,3.802410121690912e-05,1.423035637806823e-05,8.48665328349333e-06,5.307339005550579e-05,4.828544491427778e-06,-3.347861564765507e-05,6.699208485877776e-05,3.892738940352164e-05,3.594059055135143e-05,-2.9751304852756995e-05,-3.8330837831661295e-05,-6.078158394762525e-06,4.209704318289029e-06,8.504673586053352e-05,-0.00017598624956809432,0.0007017911490747467,-8.264234510518367e-05,0.0001348863213749269,0.0019795692573159407,3.7461014117222513e-05,-1.5459323333481024e-05,-6.52872909982848e-08,1.896943076182718e-05,3.694477727856812e-06,0.00015325364419969606,-7.293739561302036e-06,-3.330131708565053e-05,-1.0431696802877844e-05,-2.424444182444075e-05,-2.037468603101798e-05,-2.300840313147945e-06,4.850454249571762e-07,-2.785633176058405e-06,-4.141575704186226e-06,-2.7271271762198926e-05,-1.8740072846407864e-05,5.780640294996733e-06,-2.9959415985361807e-05,-6.255962080872148e-06,-0.00012455249236801766,5.392957541896464e-06,-1.6276361578601425e-05,-2.597853288812277e-06,-2.551192449300751e-07,5.938036967132203e-05,4.826871267816764e-06,8.966836888905003e-06,1.1391495749098088e-06,7.999271659523554e-07,6.1520959361126135e-06,1.5430278697256051e-06
43,0.0002829058695647687,8.145808163335878e-05,-9.447235172077785e-05,-0.00019335342665849993,-0.00012614565380549093,-7.453813391216509e-05,8.397183175814642e-05,7.20791897531265e-05,1.774500992335543e-06,-4.521163843445994e-05,-0.00040031085580082183,-2.248054843837868e-05,-7.521297972132736e-07,-1.0910680738908461e-07,0.0003203779964123696,0.0004911543959278155,0.0001370724985155015,0.00044933113001160285,0.00024114018779690318,0.0003496610512167758,7.913678379382369e-05,4.836361287003499e-05,0.0009512295157222438,0.00021001342999732664,9.516790761780165e-06,1.2936228412687745e-05,2.055703583410191e-05,2.23029973143187e-05,2.3000068583732254e-05,0.00013345783039675116,-1.2466968116114483e-05,0.0001189476352626977,5.49153251163001e-05,-8.648987543786315e-06,7.923124200205154e-06,-6.747952962329496e-06,9.066220057211246e-06,-1.6863568354394433e-06,4.5132839073582275e-07,-1.1355316234844784e-05,1.1280052742719314e-06,1.056530212947469e-06,3.1917782153112934e-05,2.7670698650810288e-05,-9.324591038594852e-06,8.358288619477525e-06,2.608966019195594e-06,6.86387894517038e-06,1.2286007404326068e-05,6.225402072326074e-06,8.285298185837665e-07,1.9924494169528988e-05,9.554169945797281e-06,1.0916994789912383e-06,2.2152217768015682e-06,-1.0198455745836162e-06,-3.922036138631649e-05,-5.8020575571869513e-05,7.671824956344099e-05,6.0122902110472834e-05,-1.0092505964181582e-05,6.892216407646197e-05,-0.00021475452487751352,5.047200089791281e-06
44,0.002241263955326405,0.00011677661184537124,0.0014606896093336211,0.00822133533025192,0.0003165693606360489,0.0008843147148520238,0.00035450822215969154,0.0019355062711036812,8.448150198338076e-05,5.043310634160319e-05,0.0004575045432074587,-0.0001455030198824601,-6.825742074996193e-06,0.00012086079282275606,7.050774865230978e-05,0.0001968877800440374,6.368806806661214e-05,4.4711565567275066e-05,2.1130604259038252e-05,0.00014370174731238652,4.170582456103423e-05,-1.1245767443868642e-05,-8.166341458338451e-06,7.058149677211632e-05,5.9897869320237424e-05,0.0006637896521616802,5.872421345468477e-05,9.07849457304336e-05,1.5740172337683663e-05,0.0002381286378634173,0.0004945851988711605,-1.9804400912789887e-05,0.00039223493155786783,-0.00011889611260365234,-0.00012842679427842085,0.00016350665334928017,-1.2042158741062713e-05,5.127009698900308e-05,4.2931508209742714e-05,-0.00040537219936564577,0.0043751344842425845,0.002207028663764566,0.0002362526069253195,-2.284777366509148e-05,0.002606375742766818,0.0004302445104566678,0.0016796063568632518,0.0002808894141245655,0.00021473027892031653,0.0003805402982032881,0.0008817446433891687,0.0008044202448958032,-0.0002366142757868332,0.00011057772878873059,-0.0002225617230948748,0.00022943747245659436,-0.00024332838543390898,-0.00010990389322830027,2.6388693664029925e-05,0.00013408216379457203,-2.7316101526805877e-05,0.0002717042373398609,-9.136179746207312e-05,0.00035726215879795646
45,-9.113625954773381e-05,-0.0008790210141973966,0.0009338916358301193,0.00027041111962269865,-0.0001582589189885082,-9.867700479797662e-05,-0.0003091455516168581,0.00029067063735703394,-6.115209248106324e-05,1.8750206898834025e-05,-2.475512229789904e-05,-1.0835859230009546e-05,-5.953961004649402e-06,5.834941136633263e-06,-3.5321434675639586e-06,1.8703988042924326e-05,4.2794114452275715e-06,-1.6162456092187118e-05,-5.801855507543397e-06,9.706591145456633e-07,-1.799744569649088e-05,-6.643897396025429e-06,-3.8967925613213004e-05,-5.486405501932541e-06,-2.457712919024687e-05,3.870917578875419e-05,-3.090601856423857e-06,-2.92601979384979e-05,3.6179514254555484e-05,3.8983963303651124e-05,-1.688983480808664e-05,-5.229297330826193e-06,3.298157352512049e-05,-1.8269707590555336e-07,2.5688591649972777e-05,3.883949780868147e-05,7.33836727627297e-05,-1.0064850419252638e-05,-1.6906503903626438e-06,8.593423891879408e-06,-4.9618846279081865e-05,4.650172540693559e-06,-0.0006832147048691533,1.620311858290063e-05,-8.261052228634885e-06,0.0001580311080156713,-0.00025735063067937374,-6.0487601716643185e-05,0.0004890692436088933,0.00020248809103238174,5.638296321287118e-05,-1.2350284447108508e-05,5.447005821486471e-05,0.0005768557726326659,0.0004911220679848913,0.00023813975059379982,-3.1430842512751136e-05,4.60016525397872e-05,6.640311014854021e-05,0.00028393430224919443,-2.264976501464602e-05,2.0364583548853563e-05,-0.00022749577538442271,-4.840301255048558e-05
46,5.9146497209193006e-05,5.455340369153847e-08,3.131832611765784e-06,9.722123711791099e-06,2.8163699780477845e-05,-1.3777260052950465e-06,5.218879146090239e-06,1.9467988256680102e-05,1.2726854469815079e-05,6.275459871453642e-05,5.550998247264796e-07,9.5599788730434e-06,1.7692982140235414e-05,5.830243482427658e-05,9.314387531604088e-05,2.5264539961087182e-05,-4.148552730931526e-05,-1.0277255106780329e-05,-0.0001799171253786224,2.0964544708450695e-06,-2.7473447686532112e-05,-9.76543810408031e-06,-1.1595755310378456e-05,-2.6953296136040095e-05,3.769993782041735e-06,2.1129341448768823e-05,-6.8254895129427165e-06,4.164950322296466e-05,7.276211754750204e-05,-3.570318222045835e-05,7.135635715422162e-06,5.916013556008868e-06,0.0004125530436887531,1.4563738289523412e-05,1.6781990810978785e-05,0.00013664112252704275,3.235521963085984e-05,1.9334888054153805e-05,3.242543188191968e-05,0.00025255801314014734,-6.6348051620698805e-06,-1.1053125737070418e-05,-1.3503482786275624e-05,-1.2886473688032151e-05,8.193365598129243e-05,-1.6144776748398677e-05,-2.4754112049681298e-05,1.916945990869361e-05,-6.515898946988193e-05,-4.10228967666609e-05,2.715117850546189e-05,0.00019312713105799448,-1.8075613652248067e-05,1.3486813690696458e-06,-2.4387644509137607e-05,-2.7914926157163562e-05,-1.7856894913364245e-05,4.988100569047515e-08,2.8801229545607305e-06,-7.904434608197142e-06,-1.2782796964804274e-05,-3.312603902005157e-06,-1.669056334735061e-06,-2.2408315690893257e-05
47,-3.3138509271524974e-06,1.103209994606666e-05,-2.0420273481772876e-06,7.996619757960424e-06,-2.497207310244463e-06,9.5824063834496e-05,-1.7840983503979998e-06,3.196652662955587e-05,3.187686710033872e-05,0.00012553546388270202,-4.745792534391618e-05,1.8382223985963482e-05,7.129069102006786e-06,2.5557259381822674e-05,9.598242024243854e-05,0.00011004886384736957,0.002663196143457445,0.0003150560088076873,0.0007438861717612034,3.968507556592502e-05,0.000673059689796578,7.679906942076233e-06,0.0010942806631831809,0.00013686337713467864,2.9019001176803976e-05,-1.1413531788327528e-05,-9.875176316600256e-06,1.638799400652914e-05,1.6667706481479016e-05,-8.753800796248575e-07,3.3860363192446485e-06,-7.348040402945956e-06,3.2840643898953857e-06,2.6226548825281468e-05,8.030867172500071e-05,7.77234465388722e-06,-4.0674361131959146e-05,8.19222906888054e-06,8.773500636467294e-06,-3.3146243984453354e-06,0.0006311040813639998,0.00023704413640296954,5.54121146767779e-05,0.0005915983248565179,0.00016939539020344356,3.0948448989344004e-05,3.87622138201138e-05,5.674412695028093e-05,3.988813545744311e-05,6.168575610142385e-06,1.6431876663435997e-05,2.3451396974465506e-05,7.592015347244086e-06,2.813541283041826e-05,4.4612561242022525e-06,8.00318637136753e-05,0.00011268409632019717,0.000676429877846928,5.026995125463474e-05,0.0005713155714132017,0.0003505076392222265,0.00022337800365383054,0.0003505278441865557,0.0002681239176604705
48,-1.0623012558887842e-05,-8.819214368274032e-06,-1.4183821819593563e-05,2.9841722068136356e-05,-5.313400494849974e-05,4.725840132115245e-05,4.4107437133791705e-06,-8.680431519523466e-06,-2.2927583274194215e-06,1.881258972620099e-05,-1.5006227008365478e-05,0.00016234284740383213,1.0672262159442479e-05,-7.611715187459736e-06,-7.475836802267667e-08,1.967205839644487e-06,3.375946465184889e-05,4.552620447286058e-06,-4.6408277446915376e-06,-8.367633415484736e-06,0.00013548034732624543,-2.5981058508660283e-05,1.8044422238551203e-05,0.00011403075719283612,1.022497476157562e-05,1.9139152462181784e-06,-0.00024197667332019339,2.8228608228391092e-05,-2.6310904551354582e-05,1.9356355828769563e-06,-3.1280820652589374e-05,-4.6256740214257067e-07,0.002665184311947579,0.0012625476061287595,0.0003454826645931969,0.000125420295586023,9.332673024323159e-05,1.867772158929293e-05,0.00011145235118219546,0.00012704275422177326,8.385641089940801e-05,1.2212511846571269e-05,0.00012390492326122034,-4.1022391642684435e-07,3.09234453459913e-05,3.7768129575040154e-06,-2.0240323018217357e-05,-2.551811226343633e-05,8.507704330703366e-05,-3.788380299584396e-05,-3.5112944699949234e-05,-0.00015814930705700534,0.0001389758061554471,-0.000125658714165125,-3.719127784341285e-05,-4.803326170323018e-05,0.001886594093452066,0.0021250450004965575,5.958039881819409e-05,0.0016640162063857244,0.002884493035785223,0.00011432574967206387,0.0003019642021696465,0.0015199709746797204
49,0.0007124997801699865,0.0004338470555968194,0.0005630234540519068,0.00043116989782300953,0.001002764297743977,-0.00017769862029512232,0.0005605059154963105,0.001302880755925582,3.4361067464788264e-07,3.140760680375914e-05,-1.3833833953081174e-05,7.765020354288964e-07,-1.8548094115007917e-05,3.453937627501171e-05,3.237132046181223e-05,0.00017528564242993384,6.288795147910069e-06,-4.884247052467988e-05,4.276330188169019e-05,3.979481377843493e-05,-1.590105436616242e-05,1.1118160466017197e-05,3.598845106059881e-05,2.4257069927151e-05,-1.5128467042580045e-06,-3.144965838578e-06,-1.1457477585742987e-05,-4.558745077090261e-08,5.185162111864569e-06,-1.5002501718066833e-05,-8.616912162909936e-06,-8.983632265503255e-07,-6.482964855129263e-05,-3.670307539276808e-05,-0.00010099451420671111,-2.365104727825728e-05,-2.9488135192353368e-05,-5.059929217321833e-05,-6.551598593339933e-05,-1.205529196787363e-05,2.681072485644823e-06,-3.1404576059113015e-05,5.24369336790886e-06,-1.6574889926592973e-05,-3.892637915530018e-05,-1.6800427840929242e-06,1.739016023731576e-06,2.4333091105434355e-06,-3.434035737635386e-05,-6.7407549437796375e-06,-6.95132855641849e-06,-1.7931905843447786e-05,-3.33465256933366e-05,3.039458040470955e-06,-5.4423081672798194e-05,1.6179630311865384e-05,0.0005256079011044241,0.00014544972928903432,0.0006605245299258475,2.8912419989953738e-05,0.0001919027102195598,0.0002442456908145153,0.0003505248134419047,0.00012212789664834135
50,-7.158176878750839e-05,-2.4102249387967014e-05,-1.8750333179858864e-05,-8.784739647876668e-06,-8.667424573734743e-06,-1.8208208730657042e-05,1.3089028455348113e-07,-2.8473593420898947e-05,5.177522109726076e-05,4.674923622007914e-06,2.177009138010149e-05,2.1327476380232432e-05,-1.3545408087260458e-05,-3.261586367073096e-06,3.7111720796354336e-05,-2.2875555491039404e-05,-2.5446132078008557e-05,-1.1114119473148526e-05,-2.4439167168159884e-06,-4.657572608883111e-05,-6.32768970424875e-05,-3.137073274385498e-05,-4.223052222849098e-05,-4.249609122840724e-06,-8.159017158746793e-07,9.249087612507175e-05,3.5952839810955427e-06,0.0001944424742359205,1.4053310378122181e-05,0.00019097227161213843,1.3898489838942382e-05,1.9554617041334455e-06,-0.0003459120200852201,0.0007114147735854324,0.0003285973759020805,0.0006865161960407831,0.0009092153128931068,0.00024458513421527167,0.00015354156494140595,0.0006903632212493364,1.741541644274303e-05,-1.6249842562919577e-05,-7.175161676891407e-06,-4.652193037129879e-06,3.039710602519896e-06,9.40578973899583e-06,-6.94949748152793e-06,-4.787692579170411e-06,5.268949573322634e-05,-4.037911609067313e-05,-7.465358634116028e-05,-1.2183593491381748e-05,1.6891350180372773e-06,6.914138793947378e-06,4.453174138477446e-06,-2.1598286042778943e-05,-7.5415029363945e-07,-1.4951673604546957e-07,1.134331953727622e-05,-7.668920492716175e-06,8.791685104367571e-06,-1.1042013006722003e-06,-1.8598196112475632e-06,2.179357965114839e-06
51,0.00031340728371830534,0.00011008018154208412,0.0001497195433762102,0.0007872157177682698,0.0007613089125035181,4.013918213925163e-05,-4.1381787445589266e-05,-3.260374069214085e-05,-1.2972092224385811e-05,-2.0442372661546027e-06,-7.023649700617379e-05,-2.019587209669083e-05,1.416759470762108e-05,1.041578539346969e-05,4.474540888252684e-05,5.147366200462825e-05,-2.5256205412832286e-07,2.8936539666125443e-05,3.7466065358307284e-05,1.6208548667063586e-05,3.3094468763314236e-05,8.228471723651814e-06,-2.919516320955914e-05,3.0503687212025596e-05,-0.00025972269349178894,0.000871092586194055,6.874991675554306e-05,0.00038103127883652217,-0.0005529048079151238,-0.0008499420295327406,6.780786029363575e-06,0.00032772452144299577,-4.789334232525536e-06,8.602516125822658e-06,9.835574586512886e-05,1.724859920599024e-05,5.940259513209083e-06,9.478906453664265e-06,1.5972529427480313e-05,8.277847605239577e-06,-3.280579033544063e-05,3.033447063575285e-05,2.201078301769049e-05,1.1443839234821262e-05,4.223405809728394e-06,-2.884890063335098e-07,-6.409014685682256e-06,6.326982530497111e-05,-1.8291491067983074e-06,5.809558650192044e-06,2.0454748202180585e-05,-1.4494031162582225e-05,-5.032425209621966e-06,4.235225713858873e-05,1.785714747542082e-05,1.4949274265158165e-05,0.00040797055777857036,0.0008958477084919567,0.00010884717359381156,0.000339023137496689,0.00041669910236940725,5.696183544094604e-05,-5.754373841365818e-06,0.00028505971876241357
52,-0.00037539207329184406,-0.00014340877532959307,-0.00016520993184235614,8.403648764400235e-05,0.0004065077183610315,-0.0003801331681720316,0.000812255730063228,0.00017765113862894429,0.00012134293378410243,3.4272670745852916e-05,-1.4355879718973843e-05,8.083753666638625e-06,3.072846744020059e-05,2.3239244848996132e-05,-1.0116057375728584e-05,-2.8973413726034445e-05,0.00012609514139466527,-5.3858352919755945e-05,7.891452918617972e-05,-5.914599208508478e-05,5.3139056189589474e-05,0.0003274174059851704,0.002498756020756092,-5.174087265790253e-05,0.002625069375765524,0.0004116478612867432,0.001333406416036317,0.004136764397055416,0.0032401488999188955,0.0020970005100056275,0.0002839524867170945,0.000996209807315116,-1.1156549898245892e-05,-1.6854728682564004e-05,-0.0009180206363483979,-1.931038953489614e-05,3.1531867334396585e-05,-0.0001694065029338254,-3.0758017200539556e-05,-2.3050959837637988e-05,3.981767064430702e-06,-7.949264372806836e-06,1.0723027132324455e-05,2.0402215294916757e-05,6.947704290939994e-05,-1.1648667060719639e-05,1.7398242223067594e-05,-4.038366220765197e-05,0.00039683762243238345,-6.64319022227117e-05,0.0005728673126737925,0.0001230118638378078,9.617411484152861e-05,-0.0003685466313766228,0.0004070815393480198,0.0017548072136054607,0.0010173846099336263,2.847233061063485e-05,-0.00010771670583951272,3.392135692855448e-05,1.454593266470571e-05,0.00037859253964181704,6.19125568260597e-05,1.5082248186654485e-05
53,0.0005987377490027498,0.00021827827065677965,0.0022834115109201213,-6.230200751353221e-05,0.0003973104185977229,0.000976740303686108,0.00039436857579118137,6.133823071496063e-05,1.6479863453720713e-05,-1.3851260734818107e-05,-5.946068440453349e-05,-6.534222324009929e-06,4.547745999643454e-05,-7.520540285915733e-06,3.0540119288337197e-06,-1.0125023328650888e-05,-0.0003034240108425346,-0.00029910722021329867,2.7293370941944205e-05,1.9609928131107595e-05,4.5263161093493874e-05,-3.4110020782990147e-05,2.1025538444518487e-05,0.00022694215936176198,-2.320035029263986e-06,-4.442061408091195e-05,2.6618020009191686e-05,-4.3575036323675244e-05,7.068833052096353e-06,-8.907232244133451e-06,5.396101939475313e-05,9.330399965837052e-06,-3.045898372844045e-05,0.0001404032868854048,8.215136447195077e-05,2.238811072655884e-05,0.0001270680104271828,4.5533907615532494e-05,3.3256992445155985e-05,0.00010729442208499858,-1.619301610073639e-05,4.6446161755185224e-07,0.00010218458660578699,8.670960442497478e-06,-2.1121133182007008e-05,6.3989122035166945e-06,4.998203051290835e-06,4.23669057377302e-05,-2.6312925047789736e-05,1.9507893061223742e-06,2.105155233609971e-05,-6.390830217783147e-06,4.5339939957957234e-05,1.4437204700406142e-05,1.7817747794973868e-05,1.9723075931354995e-05,3.931039975860892e-05,4.40256070282498e-05,1.942202196281793e-06,2.7912653098666903e-05,8.934130102906231e-06,2.7109000642416693e-05,3.0096809742809454e-05,9.05434964066874e-06
54,-2.1533693297429203e-05,-9.708674782410132e-06,-3.80682364358708e-05,-4.189316246468858e-05,-7.11337237034827e-05,-7.023674956822727e-05,-3.060215484287424e-05,-9.904220952825105e-06,5.897020889540616e-05,0.0020957235562599303,-3.43787468085818e-05,0.0004483198715468553,0.0004342360011601834,0.002624996637893935,-0.0001489969633393344,-4.6060246936343995e-05,-1.526232493127638e-06,-1.685119281380821e-05,-8.524916434689213e-06,-6.248006376168621e-06,-7.443516751969408e-06,7.410423230317608e-06,-2.826169385749832e-06,-2.5275273848389882e-05,0.00014187875440565,-4.7550615617790256e-05,5.448571706222346e-05,6.77118867128196e-07,-3.059940823053719e-05,-3.5783749515729354e-05,-1.4821477865774248e-05,0.0005572488752462115,0.0001085865295539433,5.315117916818273e-05,-4.3046992209002315e-06,6.617125818261232e-08,-1.63735979693655e-06,-2.394288273163667e-07,1.2684424044716947e-05,1.297632263879625e-06,2.1386828462955734e-05,1.3748089135700878e-05,2.5772694813972127e-06,1.6057137715608755e-05,1.1137481463150876e-05,1.68170969365002e-05,5.07270885726076e-06,1.2852882934851193e-06,5.513177079670613e-06,1.3328457282764467e-05,9.900432522226099e-08,8.261809914798738e-06,7.374811980705896e-07,6.7835642119600776e-06,-1.847466169777664e-05,9.131633629233263e-06,-4.338965577594109e-05,1.1580475306102957e-05,-1.7118403467083505e-05,-1.1364282187765791e-05,-1.956029968746314e-05,-2.4326777054070386e-06,7.955704705187917e-06,1.286260657391184e-05
55,4.84050330469186e-05,-0.00023612127465716967,-0.00014395430936651167,-0.00022719472141589068,-7.722084805116823e-05,6.192821567341448e-05,-4.0239828117820633e-05,-0.0003558902417199095,-3.793860896157941e-06,-2.4317179696031107e-05,-3.256396216861373e-05,6.009360491218975e-05,-3.632600024594387e-06,-1.779962646759003e-06,8.451105174371408e-06,-2.171629566256931e-05,-9.071574372760843e-05,-1.1363777063661573e-05,0.0001631874149128517,-3.8130682403763416e-05,-0.0001005722304521951,-0.0002897482807353388,-0.00023257530341713585,-2.425909042358128e-05,-9.851688045566713e-05,-2.1196207252600564e-05,-9.460911407308372e-06,-6.21163744037368e-05,-8.78360311863643e-06,-2.9641187797151822e-05,-4.325636615187095e-05,-6.042452434358786e-06,1.87108072183888e-05,1.452307579881043e-05,-8.025159270086226e-07,-5.910709752871524e-06,-5.986857212195777e-06,5.459886486248682e-06,1.664788036022637e-05,-2.0549332691454903e-05,-8.418398388361434e-05,3.6252757250241546e-06,-7.975025702328004e-06,8.467092352398427e-05,-4.462834637043569e-05,2.928684323520576e-05,1.3555510569429806e-05,1.5571239893694952e-06,-5.38189532393159e-05,-3.098810123184855e-05,-8.22013717586404e-06,-2.661574695069723e-05,-1.8452436237007078e-05,-2.534548609943692e-05,-1.5235300791466794e-05,2.756967382910178e-06,-1.9853397951287183e-05,-0.000273478233208086,-0.0002303729623051,3.9458274841308357e-05,3.163693314891695e-05,-0.0001896316722287966,0.00019945835663100545,-0.0002483594215522396
56,-0.0013714968147924373,0.0005127939127259356,-0.00021839950044276577,0.00022290116649562966,-0.0004768270557209571,0.00023619199203232317,-0.0001279762235738465,0.00012057110414666949,0.0005699254698672535,-0.00017698690042657343,6.663647748655906e-05,2.7862645811953345e-05,-9.3185295492914e-05,0.00010917146327132247,0.00015240200495315995,0.00047690989607471624,0.00047315985469494873,0.001458285218578275,0.0008716300382452503,0.00016727285870050867,0.000928781800350901,-0.0009224940154512051,0.0003756385738566788,0.0026307267657781053,2.2164845870710935e-05,1.17656032917635e-06,0.0005968223183842026,-0.00026389299812963396,2.0427724062387903e-05,0.0013337499004299367,0.002059803170672921,0.0028766120894480503,2.9524882971226222e-05,-4.084433539439025e-05,-0.00021850153551263574,-5.3694692708692995e-06,-5.745685706704747e-05,-1.6605449935139067e-05,-2.0891933117929014e-06,1.4673855345118757e-06,-0.0005462977845790025,0.0006077633065692462,0.00013354673223980334,0.0007836939924854377,0.0007432022337186122,0.0009415634607864618,-0.0005794622130313169,-0.0002498202404733435,4.051537331888247e-05,1.8347370422459761e-06,-1.5507057561708508e-05,1.2636437254434031e-05,-0.00013006844763028606,9.943873195324314e-05,-4.764785200862082e-05,-5.025100910055521e-06,-4.122696690637771e-06,-6.814326270151377e-05,-1.422262166515665e-05,-1.96133377188155e-06,-3.192914744554338e-05,-8.44277062658425e-06,-2.8064064050184977e-06,-1.2960979493992675e-05
57,-0.0001404447070622843,0.0028525287822141494,0.0031200728173983302,-3.127223354274647e-05,-0.0007456763316009014,0.00017849065489687968,0.001705751580707098,0.00014823220543942308,0.0002910838288775955,2.8796367726084642e-05,6.254194146495619e-05,0.0017073699983499808,2.491171077146652e-05,0.00015160592935853305,1.4390228158338743e-05,0.00023187823214773268,-4.100900585368449e-05,-6.845441915218698e-06,-2.243376131785266e-05,7.5424500441140494e-06,-1.3378969693584452e-05,2.280149166866516e-05,-4.536873203213417e-05,-3.3812376402198822e-06,-0.00014709769669225638,-0.0009161092467227212,-4.226777513148527e-05,-0.00014549897888958642,-5.538509053698659e-05,9.584224830242795e-06,3.267344781908139e-05,3.786031472476454e-06,0.0004981251086218873,-0.00031173633316816044,0.00018114558720992472,-5.595815383781568e-05,0.0001342862339343029,0.0003340143268391238,-4.332853575884048e-05,-0.00033945451348514703,-5.673806546096558e-06,-8.314721665140216e-06,2.7328477067460162e-05,2.0523192518849674e-05,-1.9044189129847718e-05,1.1886833077768609e-05,-7.888775760836126e-07,-8.307271084542876e-05,3.6521483275850556e-05,-4.859925326654916e-06,-2.142622814340546e-05,8.829569412487716e-06,-6.7785129708771795e-06,-4.315123719683973e-05,-1.426116894867866e-05,2.757611416153769e-05,2.2361086586771442e-05,2.1345976550701228e-05,-7.564422942824761e-06,4.897809634776615e-06,-3.341825331671234e-05,5.8459275859875166e-06,4.4437030614435025e-06,4.278401197053489e-07
58,-0.00044813802686788644,-0.00017681768385030422,-0.00030485654281357295,-0.0010670645762298034,-0.00039907431198378887,-4.878905365022197e-05,-0.003633482981536347,-0.004775778721954863,9.725975283118453e-06,1.3133731939021295e-05,-3.029229277272449e-06,-1.7939356424035128e-05,-7.266778562026835e-06,1.2847831693746144e-05,3.2517364470117666e-07,-3.5503910759749377e-06,1.6222060736960654e-06,1.7182427947779184e-06,2.1595318438628553e-06,-4.401525198402443e-06,8.811384944587913e-06,7.056078668365657e-06,-3.4098402928492005e-06,-1.1316800521595725e-05,0.0003990157175872283,-0.00015914642204672207,0.0002572243496523078,0.00013533689207950186,-0.0006555460267147788,-6.832914837335934e-05,3.621739856267273e-05,0.00023625664791818342,5.066647367959686e-06,-4.355937747631434e-06,-1.206488932595327e-06,0.00011854454622430184,-5.320251240568515e-06,-9.82074919393748e-06,-9.091476262628519e-06,2.9433834350719117e-05,-1.3545408087257496e-05,-2.9531702146690178e-05,-7.648494536587823e-06,-1.262772386356602e-05,-2.1120501776658605e-07,-1.3528991553740094e-05,-9.405789738991964e-06,-4.9130264985338124e-06,5.8010978213787735e-06,-2.6224528328844746e-05,-5.563209622592995e-05,3.549349257498936e-06,2.786769705306664e-06,-3.374544745784404e-06,-1.0217397899928987e-06,-8.80645998453936e-06,-3.0257312928213044e-05,1.1630482592494205e-07,4.2740571296818345e-05,2.6119967638434103e-05,5.8321818961935986e-05,-2.7313323344213537e-05,1.6095779709892243e-05,0.0003483699539960466
59,-4.086517176381257e-06,-2.456165976430286e-07,-1.470921403271213e-06,-2.910193624131181e-06,8.639036598851775e-05,4.754480669080155e-07,1.074348465871429e-05,-8.616659600851067e-06,-0.00011891429707155097,2.0241585828488955e-05,3.7436010473852057e-06,5.2179320383882235e-05,0.00013874041832099483,1.5360824132347224e-06,-2.8026306023031103e-05,0.00028201786138243453,-0.00010599549544059091,-7.079011302883784e-05,-0.00020333265854141107,-0.00011289227059331811,-4.893351914519307e-05,-0.00019989377361233248,-0.00015191632812305587,-0.00013059377670288108,-4.264762846090397e-06,6.77032996032172e-05,-2.3568080643471456e-05,-1.940813104990579e-06,-0.00016125582032284049,2.8862791546318893e-06,1.2335130723854333e-05,-2.252196861525586e-05,9.963573035589102e-07,5.158074831560263e-06,-0.0001373008146124407,0.0001422914408021085,-1.5892972380426032e-05,2.0444014314873813e-05,-0.00032378455339852295,-1.2103783882269627e-05,7.588953032330096e-06,-9.944694021997774e-06,-6.560046794050828e-05,-1.4583185567696474e-05,-1.1081665249192934e-05,-1.6362990363171138e-05,1.8837719650590584e-05,-5.7441450781705366e-06,-2.0114547115257e-05,-2.3605428257226748e-05,-9.130118256906604e-06,1.7485881255845664e-05,-8.68440937187471e-06,-1.603036613787595e-05,-6.364083896249226e-05,-1.9438943620453323e-05,0.0001608638440148305,0.00018199823670468477,0.00022480649463200986,-0.0004292787131616656,0.0006625288623874465,4.0473069174616383e-07,-0.00015409518096406812,0.0006456698401499602
60,-6.772704043630201e-06,-3.2074118064612847e-05,-2.5118306531740118e-05,-1.3311156782054131e-05,2.3638798018633975e-05,-3.559104466842464e-05,-7.258633435785122e-07,2.899336612830566e-05,0.00011870820643538142,-0.0004699351423877771,1.9030045654811836e-05,1.7735917689443366e-05,-0.0002806732210062305,-7.026680445267522e-05,0.00036746364528850086,-0.0002520690530033424,-0.002752607151613397,-0.0001468274552943336,0.0003475950936139641,-0.0002722639148518161,0.0005201242737850932,-0.001719888994249248,0.001542782379409022,-0.0001869019815477318,8.542658918995001e-05,0.006000191478405969,0.005426697811837924,-0.0001293279356875661,0.0011349572973736283,-0.0007657641071384256,-0.002304036738508839,-0.0013397750207933324,3.0234203500252696e-06,-1.8310496362590525e-05,1.5429015886989594e-05,2.270255048395972e-05,3.598403122466098e-05,2.9428530547561243e-06,8.481286339838527e-06,9.064704684883557e-06,-1.4980718240896985e-05,-4.8644083031155584e-05,2.4411132780169882e-05,-2.1987547308704926e-05,-3.444959046477403e-05,-4.075480214620422e-05,-6.530193959252534e-05,6.303475317307504e-06,0.0009984323533914847,-0.0003344376208418491,0.00026295548778469284,5.95925217967967e-05,-1.440310882309519e-05,2.3744874081368234e-05,-0.00024944139739214733,0.0006220583188331723,0.003749483722751424,5.13994087607161e-05,0.003561419955754686,-0.0005604463108515357,0.00030722254413669675,-0.00015501996849553364,0.0008653089151544102,0.00016665913290896995
61,0.0012968637175479187,-0.001944069134987005,-0.0003419811442746924,-0.0005097692295656346,-1.876232987743391e-05,-0.0033586712206824343,-0.0010035846192957983,-0.00022619053468865845,2.629373033167592e-05,5.4553403692385846e-08,3.0322600219207465e-05,-7.100150746975895e-08,4.630220138426585e-06,-2.143872996506104e-06,7.5606976525258735e-06,-6.951770540008615e-06,2.4668998637714634e-07,2.1436204346472967e-08,-2.058008212154192e-05,-6.85705976968213e-07,5.868216187267192e-06,-3.7919666807523407e-06,3.041478536902624e-07,3.4396426152339545e-06,-8.485074770660191e-06,-3.7710419145681436e-05,0.00011948609756210701,-4.077311289512134e-05,9.313983432316544e-06,-1.7877605001812156e-05,-9.88325830233265e-06,3.1092409360203795e-05,-4.398507081856446e-05,-6.102057079134945e-06,-1.887017387455296e-06,-1.3944519273300656e-05,-0.00014175600924734244,-1.6021147622894297e-05,5.204041125412812e-07,-8.681441767743889e-06,-1.2819355322141693e-05,-3.848742630521661e-05,-1.74879017522716e-05,-6.723564938973008e-05,-3.015755091683e-05,-9.966856342247971e-06,-2.5216868873368098e-05,-3.0118024955359033e-05,-2.4170251721043092e-05,-1.3935363898845306e-05,2.001554278741998e-08,-2.1096445241219347e-05,6.694409806848265e-06,0.00019266140663017623,-7.098155506586539e-05,-1.1723930552861524e-06,-1.9282860271000868e-05,-2.9848414962557116e-06,-7.824183015500692e-06,2.14223134315387e-06,-3.73671873141024e-06,-2.733277062238763e-05,-5.029647027032035e-05,7.664121813692864e-06
62,-3.631368784583795e-06,-2.90320081225176e-06,-4.676767324996746e-05,-2.8302608910246238e-05,-1.290983567803373e-05,-9.564524990013186e-06,2.3374618109875166e-07,-5.8800992319137166e-05,-6.95810984756976e-05,-8.869019605345844e-05,-4.0070485260527176e-05,-4.6792929455382744e-05,-7.59605634009949e-06,-0.00015347892955198185,-1.5439181509664133e-05,-2.0421788854110716e-05,0.0003123758202892195,-6.042193558256296e-05,5.25268457703632e-05,2.5466337042343748e-05,0.00022303249876377932,-7.330967208086202e-05,1.0605585777156278e-05,8.506163702172887e-05,2.5012230469006506e-05,-4.6633057675145735e-06,2.265380600751726e-05,2.5204177630147216e-05,-1.924080868898645e-05,2.896078562331773e-05,-7.637981641088958e-06,2.259672698326487e-06,-1.5666676779922213e-05,-2.1099034002254543e-06,-1.0276244858562049e-05,-1.7503813161629804e-06,0.00027816982592566715,-1.0296007839292738e-05,-2.1342251260399693e-05,-1.2375035528411873e-05,1.4615766072674622e-05,9.226881093898458e-06,-1.1275632906767488e-05,3.07620581929611e-07,1.7781631421234063e-05,2.6767536745231407e-05,-2.2554422839204743e-06,-2.398455547078722e-06,-2.8912041146869037e-06,-8.415935908335877e-06,-6.139783535960515e-07,-5.85186279426155e-06,7.3235418836983124e-06,-8.30388675301761e-05,0.00014216212903038627,2.051245863154701e-05,-1.3329720093030522e-05,9.851814326593168e-07,-5.640720917005717e-06,-2.1897130093329047e-05,-3.752535430052175e-06,1.9662334757333547e-05,6.170090982471767e-06,-2.3712041014331616e-05
63,-8.650660767388325e-06,9.59394846932209e-06,-2.9730089640206887e-05,-9.143756607836677e-06,-0.00025203268406755256,4.127899468955628e-05,-7.032842959387113e-06,-0.0004006240327479432,3.355097467615712e-06,1.338174787618285e-05,1.1321599200621415e-05,7.99838769233706e-06,1.6735266830964152e-05,1.04709070617536e-06,2.7168605287194046e-05,5.577302585213937e-05,2.1283151739732463e-05,-1.6201855772652239e-06,0.0001225693751189657,2.034816701533153e-05,3.481517403812801e-05,1.5297683618884408e-06,-9.84385862188811e-05,-4.1252854516956e-06,-1.752528093625097e-06,7.360289662562791e-07,-1.9049871776062133e-05,-2.0779543003799583e-06,1.0353781409149427e-06,9.0076256606366e-07,-2.6575842146175224e-07,-1.1179154202093503e-05,-0.00013698662741709833,9.36530404171671e-05,1.6632726636989798e-05,-5.019317239018074e-05,5.564447176658419e-05,6.244697813260417e-05,6.342388815798914e-05,-2.6125018879525603e-05,2.4942902185145326e-05,7.16518547574531e-07,2.4631114329459547e-07,1.5213201611723032e-05,-9.209422741906272e-06,-3.080953985957469e-05,2.2886541940398926e-06,1.6079236895349657e-05,-1.4112662460839656e-05,-3.585187812983072e-05,-3.1598038592642204e-06,-1.1931157718265878e-05,7.74178464533649e-06,-9.268774824629574e-06,-5.3033611531983396e-05,-7.00615030729056e-06,0.0003463191501164836,2.934771069025269e-05,0.0001336720030186527,0.00018368939221915728,0.00027501280024900366,0.00016693644604440322,0.00029365289009223694,0.0004435575614541289
64,2.1014173152083762e-05,-4.433221736193142e-06,-2.9802827511803764e-05,-1.5816067234959591e-06,-1.1624421103530124e-05,8.154976165899865e-06,-1.3373160766343916e-05,-4.799310433659896e-06,0.0016085424665677327,-4.15919190746257e-05,-1.3898994963047657e-05,5.470127877542933e-05,8.85644201504928e-05,4.575717247139056e-05,5.606890229855654e-05,3.095804634740577e-05,3.096284502647304e-06,-4.7636360435138195e-06,-4.448880583555481e-06,-1.844965805441506e-05,-5.762960951208346e-06,-3.922983246335244e-06,-5.458939378542978e-06,-6.2903105202368005e-06,-0.0018544783026485131,-0.00035257460707324706,-0.000510337999311545,4.388518252615669e-05,-0.00037958056239758637,-0.0002046540632086269,-0.0001294228990199176,-0.00012968859430087103,-4.665326263944795e-06,-3.3789014412184888e-06,-5.810347906623817e-07,-3.1382098036276374e-06,-1.2158842410067926e-05,-3.192794777579227e-06,6.918306067840758e-06,-3.867419594423465e-06,-0.00046312202841548557,-0.0010957232976363902,0.00016759058176460422,-0.00020525010965638358,0.00019068637136685434,-2.5963379164875396e-05,-0.0003652491811978607,0.0032187720476570796,-0.0009506031618279957,-0.0016254590729535693,-0.0006129317364450247,-0.0002500525975631463,-0.00037782071000438727,0.0008020986944942116,0.00030695078736645123,-0.0020291502192869024,1.7774307121662835e-05,8.514422481342533e-05,-1.5400728936926304e-05,0.00014233936445187832,8.553569599733312e-05,-6.850947768000665e-05,0.00034515736466746974,2.9002584643280268e-05
65,0.00032279451014631863,-0.00012347657801740913,0.0004095182580462987,-0.0008331234172239128,-0.0014006566193144187,-3.9698713916843894e-05,5.10175349348659e-06,0.0001548912565586932,4.862987641559716e-06,4.160454717734522e-06,4.322536415974145e-06,-2.9704454591705795e-06,5.8360776658759054e-06,7.198081683302495e-06,5.887221481832268e-07,8.742384991403609e-05,-6.266569687150449e-06,2.6792887661416913e-06,-4.27461276619838e-06,1.048208293268286e-05,-1.775246050397979e-05,-2.1551120079143055e-06,-3.787875175475039e-05,9.842343249524528e-07,3.160814107470898e-06,-5.918444465782551e-06,-5.2232863539357775e-05,2.0710088438901085e-06,1.312211408453462e-05,-4.485375800377037e-06,-3.0375638250575925e-05,1.5004206511927119e-05,-1.602657770706231e-05,6.472748720039475e-05,1.101202126276994e-05,1.2398523799441291e-05,-1.3389829861921523e-05,-3.6041425951452884e-05,0.0001339498212781974,-0.00015773864115698779,-2.184636512044807e-05,-5.013988179675102e-06,-2.015470448186982e-05,-1.514690407251836e-05,-3.4183642621784134e-06,-1.5174938460532603e-05,-1.914016271041384e-05,-4.616455506468577e-06,-1.3425693673595747e-05,-1.7072437173222745e-05,-1.2107446032055246e-05,-1.8067279104457043e-05,-1.841935060791661e-05,-7.70206926232558e-06,-3.250328413510414e-05,-1.5124031421487817e-05,-2.554791458583691e-06,-6.303342722230306e-05,-1.6718345173334747e-05,-7.528369709601853e-06,-1.0579824447628477e-05,-3.842239157627532e-05,-1.9266443737479895e-05,-3.286438473200294e-05
66,0.00010281775967548845,-0.0002334451271315778,0.00026695809121859396,-3.1689466056178026e-05,0.00010488093909570334,-6.881128933469962e-05,0.000907459501492774,-0.0001489494816731624,-4.651864706459382e-05,-3.9442868556007437e-05,-5.181184259511509e-05,-1.5185546066802639e-05,-9.411245079364332e-05,-3.6420395313660156e-06,-1.8727034330369075e-05,-5.178885944819422e-05,-2.727038779511513e-07,-6.293846389003379e-07,1.061518313521575e-06,-4.737495870912033e-06,0.0001051405728873583,-1.3998756974423311e-05,-3.224459745117529e-06,-6.027393421884438e-06,2.7474205372693747e-05,0.0007148768942234914,1.3546165773423894e-05,-8.699979822514437e-05,-1.2700840578246008e-05,3.2749721559425465e-05,-6.72935808108617e-06,-2.9840711819926474e-05,0.00013083118503376672,0.00012489496651342129,0.0008097583964719593,6.619594612363977e-05,1.567905232057711e-05,0.0009268582877466238,-0.001374961208488981,0.0007376347557973043,-5.1092040740857344e-06,8.757589227064226e-06,8.622215966046477e-05,5.8723708330569546e-05,2.9801564701530686e-05,2.0058478339231297e-06,3.0278654421788448e-05,-1.5481043670139407e-05,-1.0803341865541948e-06,5.807980137354615e-06,-1.7204527127564772e-06,-9.989334365065943e-06,-1.9105561708995785e-05,1.1345592595762412e-05,-2.793740417997493e-05,6.108592122286006e-06,2.395349033808831e-05,-6.572472847114405e-05,1.4325445991447192e-05,-1.6521599333164792e-05,-1.343882690041855e-05,4.88328731666177e-05,-2.464677317667903e-05,2.7306125325669736e-05
67,-1.4709214032709476e-06,-6.324122265231263e-06,5.488173436307816e-06,-1.6218335446663386e-05,-1.660582877821807e-05,-1.3640371419612883e-05,-3.738802368357784e-05,-6.927019458705797e-05,-1.4019340781840686e-05,-8.418196338717732e-05,-1.0595609576013907e-05,-9.679061881572596e-06,-6.130943864078897e-06,-8.430205664391663e-06,-6.122508291470456e-05,-1.8661810179888563e-05,1.783492201465907e-05,-5.3746215367724885e-05,0.00020201883073580972,-0.00012452824641082008,5.659410509013599e-06,2.9392161611778856e-05,2.7271145481172604e-05,1.5557822534737556e-07,-0.0003439930535979148,-0.00015964750516212178,0.00017677323292877685,-5.870072518364813e-05,-0.00039644160513150554,-0.0001989855604656656,2.688573578656518e-05,-0.0003616875511104778,-6.259497949630617e-06,-2.031356601392097e-05,2.0362815614161476e-07,0.00014800338421837493,4.9536889892515056e-06,2.8742824570624805e-06,-1.459682391857553e-06,2.1568799422928438e-06,-8.723240787698241e-06,1.7257817720960776e-05,3.3198019205546475e-06,-1.2042158741025431e-06,6.9214630935120445e-06,-1.4217980837403303e-06,1.0779853594507536e-05,-6.343095989525951e-07,0.00010719339726334952,0.0005771861237994681,8.070569927409025e-05,-0.00011276794692217262,0.00010258262440309195,5.719495021690643e-05,0.00019404443643860998,0.000703532817000051,0.0005704750448970493,-0.0032233787795244665,-0.002148321119405454,-0.00033200595338465943,0.00048185910208750534,0.0029434854701413933,-0.0016163607775154763,-0.0002792002791065293
68,1.7141386614038994e-06,4.20679985466618e-06,3.301996295738908e-06,-1.4667604434292895e-05,-2.5817903421693032e-05,-4.729729587750275e-06,5.415530275489133e-06,1.6708558393722443e-06,5.37098464319271e-05,0.00033745927325750085,-3.503742864576379e-05,-3.616688615170092e-07,-1.819457037974649e-05,7.601713730117457e-05,-4.499241457147167e-05,7.153365571620134e-05,0.00188666279033079,1.1262247117901532e-05,0.0027250435392735376,0.00483398114220571,-2.4961212934075168e-05,0.00025213572938563464,-0.000729164834749901,0.00036269325321003717,-0.0002461378857240813,-0.0002665398484569456,-0.00011144654225495226,-0.00018959126230013302,2.5438050092255343e-06,-9.455923306739207e-05,-0.0002833342148085785,-0.00017036118749844492,-9.206644559309331e-06,-2.074121671207608e-05,-2.345859499297629e-06,-1.052173517518707e-06,1.5796619956774237e-05,-9.468753459090026e-05,-1.5707086708583283e-05,1.291678113452249e-05,3.6910681401260437e-06,8.716421612237606e-06,0.00015464071500099577,0.00020685438382423476,0.00012140683198379635,-1.5125941422029427e-05,-0.0004538843187235159,3.454089164733797e-05,-4.8378766593287543e-05,-6.064722093485424e-05,-0.0007290274409924519,0.0011657213760634592,-0.0009319539797508145,0.0008988703711558186,0.00049645213757531,-0.0005874088255025584,0.00014562323942023052,-1.388485148801761e-05,9.84264632402814e-05,-0.00011285785901344454,9.565030114119305e-06,0.0012406656297586746,0.0008837247298935728,0.0004381527334956783
69,-4.368010213819627e-05,-5.002496606215944e-06,-6.544893070802613e-06,4.016683768416127e-06,-8.957618373934764e-06,7.657713051567015e-06,-1.0429550025422688e-06,6.293846388967881e-07,2.5343276181458567e-05,5.733221769330872e-06,6.16945957733254e-06,-6.115600719289258e-05,1.8063238111568788e-06,-1.8663325552212965e-05,-4.868259874440225e-05,-2.326222799594376e-06,-0.0001280550229347395,1.6033649444570175e-05,-3.2692768816217644e-05,5.458876238030955e-06,-4.850176431364106e-05,-3.04900488610982e-05,-0.00014027725842038875,-0.00017987267445709516,-1.2264665910754317e-05,-4.139037455543022e-05,-0.00024191201743433067,-8.327071949587327e-05,-3.864767692856883e-05,-0.00015652987916590878,-0.00012359073606587243,-6.923281540304866e-05,0.001607636273917504,-0.0015891285265906363,0.0026575670403949283,0.0010945362559819625,0.0021774809239274366,0.0013351117150258206,0.001564316830392612,0.013815992969577596,-0.00018857899358716945,-7.18364776191044e-05,-2.227117449549805e-05,-0.000130100270449105,-0.0002089652974726784,-0.005810042559090308,-0.0001471024953712842,-5.2331741583543994e-05,-6.315667750471967e-05,-2.3571363950178814e-05,-3.1703104407104325e-05,-8.218268216665779e-05,-9.954278751954794e-05,-7.959606788925544e-05,-0.00012898748203858922,-3.0840352430181355e-05,-9.640293606257568e-06,-0.00040499840752553085,-5.861409639908611e-05,8.487852953247723e-05,-0.00019378379239874696,0.0001816183833752659,0.0007890543695223514,4.796203920396318e-05
70,-1.0383078607464873e-05,5.4151640605118685e-05,9.78804240792467e-05,3.667504100475903e-05,1.246797836433234e-05,1.010248216529978e-06,2.5764107704162252e-05,6.406943676835736e-05,-0.013546442581435381,-0.0002173518730422129,-0.0004307415525792055,-0.0007799641560699968,-0.003238774962344411,-0.0008170079376737954,-0.0008870747129795914,-0.0002665600534212815,-1.9414950225313067e-05,-9.109913292582534e-06,-1.393384852651661e-05,-7.325814942184027e-06,-3.5122668339034106e-05,-3.7758027092887035e-06,-4.813453908695815e-06,-3.708368640835126e-05,0.001128334110066043,-0.0004714889041448047,-0.00047817068584894614,1.1033931020960446e-05,-0.00032490794941530683,-0.00012172480760994837,-0.0004341157816224178,0.00013361542911852802,-6.603588492183218e-05,8.26292118783705e-05,4.935693942894238e-05,-0.0002494535203707377,4.306940709129841e-05,4.22783827377566e-05,1.2308106584061994e-05,0.0001497975850509413,-0.00013556318768000045,-0.00015350166013684838,-0.0002333451125581411,-0.00019930277840566224,-0.00017139997522708667,-0.000501842822058728,-0.00023216514264122847,8.51437196893313e-06,-3.891753948341292e-05,-5.0256818027823507e-05,-7.879734039306216e-05,3.4191850888524132e-06,-0.0002600085937370628,-5.321482480582682e-05,-4.7273807606453324e-05,-0.00019735501984418597,-2.7679412041678033e-05,-2.9310584068297567e-05,-1.7562028715166393e-05,1.0301501063975915e-05,-2.6203818240408192e-05,-4.8988956516071826e-05,-3.6817233441233734e-05,-3.758375927553089e-05
71,-6.388708696527094e-05,0.0011826369722010737,-0.0001530000718973467,4.920312913797622e-05,-0.0008732141074487706,6.894944077831532e-05,0.00065031900244244,-0.0008422954607818102,0.00016661114611868163,-0.00010724795066704328,-0.00018970441010039208,-2.1615270840918505e-05,-0.0023576405088780333,-0.00010449199353234232,-7.384838694233293e-05,-0.002910799899343718,2.841310480893303e-05,-0.0003579188201387025,-0.00013589555934324755,-1.4068969225441777e-06,-0.00015509330620199695,-4.1924543299913203e-05,-0.0003740918838371667,4.482597617779031e-06,0.0002111863281767271,1.0495468721549604e-05,-0.0002986960491891642,-8.569430496732304e-06,-5.445490449168421e-06,-9.356312832589875e-05,-0.0003172664319054485,-6.457051988375426e-05,-0.0011967602422681912,-1.1288513571529727e-05,0.0003582380585751317,-0.0004348391193454579,-0.0008887840529619626,-0.002384141340094099,0.00021250773284395042,0.0004597275944079385,-9.342270382380455e-05,-1.9923105078229987e-05,-0.00012263453612893234,-2.8489252268261013e-05,6.083512710312505e-05,-8.061401924842608e-06,-0.00013602790185960603,-0.00013689267433295702,0.00042056431204585867,-8.545942225704643e-06,1.5671475458954186e-05,0.0003948408668324108,-9.038387718846453e-05,-0.00020198044130358066,0.0002902574458364689,2.845136796013805e-05,2.8039186687792233e-05,-3.895769685000002e-06,-0.00013131357855715022,-8.774700306228983e-06,-7.463865360971701e-05,-0.00012080371379852184,-5.871310072430202e-05,-1.789926219794543e-05
72,-0.0001390505645234729,0.0001099230879444178,2.3324610823289917e-05,1.975641412249451e-05,-0.0003809322745113039,-0.0007663581330897441,-0.0005304005186436543,-0.000761654417393573,-3.621209475953934e-05,3.6807383521131094e-05,-6.921867192801769e-05,-6.078764543694928e-05,3.333415015269362e-05,7.196856757341462e-05,-0.0005350779678861995,-0.00019437074661255154,-0.00035279484118445615,0.0004289877616752987,-0.0001748709355370462,-0.00018264681605968447,0.00022179797544317494,-0.00041552115294892666,-0.0017946776697191128,-0.00041382595644159307,-0.00013300928018860936,0.00026282112477189014,-1.4254602335252282e-06,-0.00020446615704035817,9.889698634710648e-06,-1.1507484872462356e-05,0.0003124182507143158,-0.0006227735745704771,-8.83320630606956e-05,0.0009189945156291383,0.0012005789805266858,0.0030271562479310126,0.0003053414619575122,0.001200271865068856,0.000488741923186739,0.00021640324996689435,-0.00041933483996633975,-0.00041011935573513684,-7.849426592810286e-05,-0.0001981298802262633,-2.4845034389176826e-05,-0.0004100976353984774,-0.00040648650314848323,-0.00019247223765163284,0.00017916145971265868,8.470779758389224e-05,0.00021629515340772302,0.00045162439346313704,0.0007110854326668442,0.0002634686938786935,-0.00022382857435841174,0.0001148167303052961,0.0003753294379024178,-3.119848542294101e-05,0.00022087056758040254,-0.000105910382028354,6.039768962532595e-06,-0.00019594370308568894,-0.0002716193764896712,-0.00015892012644622117
73,-0.003208988803928179,0.00016898522942752998,0.00014699515649828143,-0.0009494838068040773,-0.0002704474885584941,-0.001501839039689405,-0.0013434927342301723,-0.000216804318508855,-0.0011254811691025547,-0.0032844058537887313,-0.00029121415089752454,0.0015208519111245356,-0.0006163170782186195,9.43571834240966e-05,0.0007427587347515542,-0.0008435330148470618,7.710214388572482e-05,-0.00022027452113264275,0.0003256989737688514,3.0716218180573565e-05,1.9707922208111684e-05,7.473008107330689e-05,3.116211648714949e-05,0.0010011155726545931,-2.487281621512413e-05,-4.8413367594697234e-05,1.2802623086049657e-05,8.187667166754026e-07,-9.541794405138431e-06,-2.1101054498697737e-05,-2.484111967733539e-05,-3.433568497835367e-05,7.357296802230315e-05,0.0013166847875562778,-2.2302239628160357e-05,0.00045691102238024756,-0.00042073201324980175,0.0022627963858135682,-0.006969146809335483,-0.00011179608813786987,3.058374938317146e-05,0.0001399961568541406,7.155386068052816e-05,4.0159892227683764e-05,0.0004431958925926092,7.039460085205944e-05,6.635108236538696e-05,0.0006624924934516569,0.00034219935788946693,-3.767771235966936e-05,0.00022342649556822614,-0.00011247851080813731,-0.0001248868845276953,-0.00016949035353578792,0.0002636616512880484,-0.0007002151618569568,0.0004914877778392745,-5.515147063691435e-05,0.000226367833250652,-0.000482526876158633,-0.0026007991726115583,0.00011461468066199638,0.0005192554603188738,0.00026527501768985
74,5.85378226587347e-05,0.0004164647247831704,1.2850357314297014e-06,0.0008381544533422441,0.0013188184317895924,-0.00013642694990513826,0.0008700419280488642,0.0004948721093646542,4.374980926513961e-05,0.00022556620129084268,5.2047988115735323e-05,-0.00040858478869422297,0.0004505868685447559,0.00043733241194385513,-0.0003004569118305746,0.00010841781810178754,-8.09936200158037e-05,9.976504212718902e-05,-4.024929919485048e-05,-8.582664748369901e-05,7.745270001685945e-05,0.0004214624227103525,-0.0013407347565990398,-6.717342441364415e-05,0.0013643381959300934,-0.0005912639326968432,-6.461850667403425e-05,0.0010601787243859255,0.0007142111406487966,0.002988637503931079,0.0007705102532596925,-0.00039061853441141445,3.9124892929858214e-05,-1.1735548407349397e-05,-0.00010801371881516788,-0.00011359129921864712,-0.00012383420588606573,-0.0001770076105150121,-0.00039576473882642897,-0.00023388786841247038,6.318496445477621e-05,8.55963108903288e-05,-0.0003304905810598579,0.00032605357089285136,0.0005016165264582253,0.00020383980314610215,0.00046646797050863996,-0.00012076103081137619,-6.399063740746285e-05,-4.7798378992892305e-05,4.879700935492444e-05,1.3335276458210968e-06,-1.254349441850972e-05,-2.5073981891242797e-05,-6.275005259756143e-05,3.438834416664094e-05,-0.0002986182600764886,-7.25964368399845e-06,-2.2338229720876533e-05,0.000102940757395857,-1.899317159490763e-05,7.00950622558597e-05,-0.00016570848933721282,-8.097720348228673e-05
75,-0.00025148310903774996,-0.00015450130074710935,0.00011289725869389126,-0.0005076138649956664,-1.3253951476793989e-05,-0.00015114121517892587,0.00047826766967773297,0.0021030377533476237,0.0038982003422106714,-1.676809989799737e-05,3.418679964744577e-05,-0.000465694120374779,-0.00014176661685361586,0.0006352168018535027,-8.429713168386398e-05,-0.00013176667488227234,-0.00040560960769653364,-0.0005122281737246788,-0.0006522404945502908,-0.0006892236612610898,2.4207567764543876e-05,-0.00018079402083057461,8.705409906678602e-05,-0.0002387317560486878,-0.0010671736830371932,-0.00023298041295197262,-2.625433065123276e-05,0.00017755314455194048,-0.00034250647334729237,-0.00026334544359627387,0.00016459772142313125,6.007339994785935e-05,-0.0010395696607686722,-0.0009420605029090001,0.0005204798811573089,5.519087031736124e-05,-3.894860461607236e-05,-0.0016545400781146564,-0.00022244049330889134,-0.0024928965811002023,0.0013288885860119864,0.00019533149266647332,0.00016813965167029735,-4.833431567175981e-05,-0.0008939605648234707,0.0005741402254266272,0.0004642777523751992,-0.0009842242224741805,0.0004453497417902542,-2.394439810413353e-05,-5.8489583306392834e-05,-0.0003330268092074603,0.00044673176135047395,-3.738852880768194e-05,-2.741763147256784e-05,5.4891836845274236e-05,0.0003739130699028424,-0.00022610163284560584,0.0001065857329611025,-0.00043367935439287883,0.00032248335369562567,-0.0002851809485484021,-0.0006566613407458297,0.0002584699857032894
76,-0.00012804593070078372,0.00012724278336863977,-9.573566711554883e-05,-0.0003251943547846929,1.5312332217974334e-05,-5.23227756306324e-05,-0.0005277172993805475,-0.0004270278801352285,0.0007999064558643408,0.00044898663536976696,0.002403764401452015,-0.0007518348047288809,-2.4934188794280518e-05,0.00029890416032177003,0.0007297629016940881,-0.0032912432137182195,-3.308638677758361e-05,-6.636497327836792e-05,-0.0003318321906914149,2.4072320784554993e-06,0.00014987941515647805,7.342484037755056e-05,-7.064918340255121e-06,-3.02922927727097e-05,-9.912555500616801e-06,0.00047008061813095755,0.00011798688920878053,0.0004460528745489593,0.0001303098969540307,0.0010708833144882958,0.0005207869966151355,-0.0003486932334253312,0.0011623067370915795,0.00012873795072911018,-7.9126176187547e-05,-6.755403542922756e-05,9.884066500906192e-05,-1.881637815701129e-05,0.00042535288859222095,0.0003282740964727881,0.0007027569463697525,-4.835654113252179e-05,0.0004871012800830881,0.0021748946884931125,0.007980152712029925,0.0028824887033236228,0.002120874695858713,0.0017240491964049254,0.0007099701186357932,-0.00013405993833380593,0.00016739610898292392,0.00030604863570908727,1.3294866529565962e-05,-6.467710107059863e-05,-0.0003247180227505958,-2.047571085267214e-05,0.010643175092794128,0.00746108717837576,0.0037542844222763824,0.004607806771488513,0.0007774708634715968,0.013978105480388057,0.00017152726650237853,0.002374376280833099
77,-0.000589433362928488,-0.00023636272398092173,0.0039588960550599175,-0.00014045784028909137,-0.0005191342305328881,2.9729584516100008e-05,-0.0003828446743852021,0.00025171748662398984,-4.276279675758308e-05,1.7345961877852268e-05,-0.0005691758656905872,-2.5964894537200834e-05,-0.0010168067479537678,-0.00012413121886172888,0.00026461835634910576,-0.0005088458626957283,-0.0001528576268988196,0.0010133658425282627,0.0004628391589148584,-4.084635589082458e-05,0.00018106981859369113,7.539482439978649e-06,-7.249541201834804e-06,-0.0003996663174386757,-2.8466774245439156e-05,-3.4265599008333635e-05,-0.00024578126810365314,0.0002760089049905029,-0.0005230499526201677,-6.69440980684946e-05,0.0003476304523015432,0.0007572315507015933,0.001149452338784428,0.0007300942631091102,-0.00018808397196107038,-0.0011054257215079612,0.0022607142642392937,-0.00016099315578655004,0.00034876395080049436,-0.0001864514108431551,-0.0001531293836690636,-1.5355772891285092e-05,-0.00044858657707602467,0.0005611807613049526,-0.00018870628486245529,0.0008027593968278272,0.0008622448323136665,0.00028644476906728025,-0.00027635542012877833,0.0031432943829035336,0.0008209519467111345,0.0022733009467690696,0.005269357713602356,0.004792973146600236,0.0007821018412961805,0.002379352763547736,0.0004241259421332397,0.0006145380311093076,0.0004964829501459194,-0.0003554497734975022,0.0007212101402929243,6.534285464529315e-05,0.0034020957300218485,0.001789982036008673
78,0.004600751197944253,0.006619954513291182,0.0006737143306408881,0.00014454227382854166,-0.0005613585649910628,0.0009100154294806016,-0.0006467609082238152,0.00018398842569125118,-6.659960342665381e-05,-4.5461169743942356e-05,0.00016043953976388809,0.00041226209220239745,-0.0002368870428053015,-0.0003765316332800936,5.885302010229068e-05,0.000504744254936605,0.0015808556039454578,0.00024242724402476134,0.00021795701172392076,-3.292398937678464e-06,0.0006612195806988213,8.987168134268984e-05,6.54327667365635e-05,8.706420154894823e-05,0.008759652153920319,0.0001117945727655466,0.004008598246816857,0.0003607457472106127,6.9718239671083e-05,0.0008281418832681924,0.000202531531705695,0.0006684307324684296,-0.00020151774762040652,-0.0004041326248039662,-0.0003703772011449729,0.0002691099199198059,-7.763151395119366e-05,-2.4051989539187912e-05,-0.00266035128447969,-9.903576919588048e-05,-0.0006271287546319496,-0.00030810146008507954,-6.104525873215519e-05,3.598908246573638e-05,-0.00015036332405219302,-0.0002251853377132033,-5.2060111094332274e-05,8.561297998590211e-05,3.520411960149665e-05,-0.00017102441545260592,0.00042701373666020046,-0.0001332916445651269,-0.00019461320618451703,-0.00040329714952888596,-0.0005080417051153678,-0.0001834247071864327,-0.0001603385149422277,-0.0001261042336286112,-0.00015909995062876822,-2.8973918850145174e-06,-1.6107397564385272e-05,-0.0008155935901706464,-0.00028815511929786695,-7.448054976378976e-06
79,0.0005953837249238619,8.443301006899435e-05,0.00016480785305217374,2.4903628785730164e-05,0.0005575468984700891,-7.87064180535739e-05,0.00029261637542207325,0.0002929133883977336,-2.2320424096063422e-05,-0.0005046351481292213,-0.00021129947597697712,0.0013319274126473136,-6.768663050763522e-06,0.0005768072807182669,-7.860924566650005e-10,0.00045124150938907027,0.00011380345134411968,-0.0002742131887856097,-1.322623279135188e-05,-2.2451630083181196e-05,-0.00024581561654300635,-4.217685279199012e-05,-5.281451395006064e-06,-0.0006668254480523481,-0.00021192987086409446,0.0001930483316971109,0.000538939136569783,-6.273944499129515e-05,-0.000505282717236019,-0.00012423729492444985,-2.7334285994702604e-05,-7.203322345926412e-05,0.00011160111023207686,7.878471229036067e-05,-1.8454204171393313e-05,0.00012418678251363273,-5.240713135670265e-05,-0.0002729326991711598,3.732690366647892e-05,-0.0002323873972488644,-6.640412039676025e-05,-8.713441379998653e-05,-0.00034328032348115647,-0.00023968896623385272,-9.915965088343029e-05,-7.299270670292483e-05,-0.0001716361207477173,-0.0004022182044336268,0.004686307098905918,-0.00034878516601303524,0.00019721863633495083,-0.00017172704308720486,0.0001174363039307706,-5.831253730644813e-05,-0.00066624910144483,-0.00015709662841538623,0.0016673035540823204,-0.0002489807242054066,-6.756641096987838e-05,0.00014980667728488404,-0.00041105383533542435,-0.00018304081286414127,5.250259981317469e-05,-7.871247954288012e-05
