layer,0,1,2,3,4,5,6,7,8,9,10,11,12,13,14,15,16,17,18,19,20,21,22,23,24,25,26,27,28,29,30,31,32,33,34,35,36,37,38,39,40,41,42,43,44,45,46,47,48,49,50,51,52,53,54,55,56,57,58,59,60,61,62,63
0,0.00015379209424439094,0.0002414791578592197,0.00012388655956809097,6.624457508980951e-05,0.00014407061735186667,-5.446897482130912e-05,-0.00017574323317243672,0.00020991355022578133,0.00011864966565320971,3.05725282751503e-05,0.00021759211068084685,7.946966632556811e-05,-5.275359019987348e-05,3.267798665981606e-05,-0.00013073869868604653,0.0001089690398591493,8.597059445095431e-05,-1.2980165402031582e-05,1.834810819474063e-05,6.685119582632355e-06,7.428031152082477e-06,0.00011659680757674882,-2.652067772996329e-06,-2.5881520720304412e-05,-0.0001226917553164897,-6.73455664205776e-06,9.070936706230488e-05,0.00010262844325738786,0.00016282511263565922,0.00012197595730796617,0.0001249100061146215,7.058654356129324e-05,0.000132009420908247,-0.0002324279281928559,0.0004582047191327771,-7.211014210409413e-05,0.00015655912351572132,-8.324357462796958e-09,0.00048035035267121867,-4.9887325295541634e-05,0.00013530082644794595,-8.150336415232451e-06,-1.5268911458581068e-05,0.00014258768632612753,-1.124742810160399e-05,5.773163998642092e-05,0.00018826319106697296,0.00013215402656653786,5.0221183609112986e-05,0.00014413966655369985,0.00010471112625087426,0.0001804013429400268,0.00014309814429988116,0.0002016970567218818,0.00015736927671627774,-4.1825740603084996e-05,0.00017603334827437714,0.00011435605252304162,0.0002198146996487295,5.557385242916205e-05,-0.00014644142711949293,9.212844565205791e-05,5.907448428069432e-05,4.1835501485019975e-05
1,2.937993829768817e-05,1.5872284216441845e-05,5.812978003402562e-05,3.5533812843188246e-05,6.491950712391912e-05,4.684311070163647e-06,5.211106658975988e-05,2.9983203731041058e-05,-4.331543872172438e-06,1.425396049447355e-05,7.825165738472207e-06,9.487252442378642e-06,-5.519182800431232e-06,-2.3247870398433818e-05,5.359546626671343e-05,6.716684286480642e-05,3.736113128195462e-06,8.304420522526406e-05,8.084164075186122e-05,3.7394762688778596e-05,5.4755565160325494e-05,1.2817868145241211e-05,3.27657159753941e-05,8.772467238329974e-05,1.826986015249451e-05,2.8874225197096985e-05,1.507361473867823e-06,1.4175579708753107e-05,1.2407939347286765e-05,8.816670533199058e-05,1.1313723582402339e-05,4.807017444208441e-05,7.027531377378126e-05,3.538944442855765e-05,5.6298144607943765e-05,1.4578973008792866e-05,0.00011981193363169428,4.606711493919278e-05,5.44511024657297e-05,1.2414576521057509e-05,1.664155807523857e-05,7.688746116123193e-05,6.386277303268104e-06,6.373382545583825e-05,2.7758592543407872e-05,1.8211506685583365e-05,1.9134096434116646e-05,3.535394825837482e-05,-1.3735345857807234e-05,4.633851321110316e-05,-1.1619087238037905e-05,7.698895625763204e-06,6.542321495073225e-05,-5.0910184381586576e-05,2.7848328544933004e-05,9.359465664853526e-06,5.058142115800499e-05,7.463747619949533e-06,0.0017500815516262678,0.001059995587121533,-1.1191540274137027e-05,-8.448359639108453e-06,0.0010181001590181956,0.048125156405480006
2,-9.550784034563213e-05,4.4622945008266024e-05,5.3331673913510894e-05,1.3209116123360875e-05,2.5127783496780846e-05,2.5965358110156403e-05,3.4888384410427733e-05,2.4151777208886617e-05,-1.7009099339595702e-06,4.5008714493699015e-05,3.196822706725737e-05,0.00011438989928493534,5.832960556590881e-05,0.00017045077340362486,6.584284531970704e-05,0.00014550946624645772,-1.0975117571341781e-06,6.286772229257322e-05,-1.602066882728387e-06,3.2606316480425714e-05,4.3435783391701275e-07,1.9410036227483052e-05,3.366171183958422e-05,1.1711838211045502e-05,2.0975769526401146e-05,3.925980075096681e-06,8.525822517815653e-06,2.0401312957616455e-06,1.693154890668962e-05,2.1490423041276332e-05,3.4697797259567545e-05,6.0521286486493496e-05,1.617460324512908e-05,2.6058154272434414e-05,1.489181125182018e-05,6.157121394419725e-05,2.4488366648857058e-05,7.96917631058536e-05,4.675922247385356e-05,4.575786218215422e-06,2.09165758215347e-05,5.848019456573784e-06,2.3512405550233537e-05,2.7122320586120678e-05,2.0417871294007827e-05,6.325614241101345e-06,6.9670857885643e-05,5.052747646906238e-06,6.35923096137659e-05,2.4875246095690607e-05,0.00012033130801293296,2.100844277948669e-05,3.074170277369828e-05,3.100519292367253e-05,1.3869963275651578e-05,0.00011059874562804902,0.00023102907180063415,2.7441363880542208e-05,2.1247496832672783e-05,1.4507211038702515e-05,3.0443077967666357e-06,-5.13630938222673e-05,9.398724406483031e-05,-0.0002553126774022232
3,-1.256500029762604e-05,-5.995966296397293e-07,8.192367518463125e-05,3.38660690077664e-05,0.0006745638406303796,1.4543606757755113e-05,-4.582304770153958e-07,2.9431205522477936e-05,-3.454005564587641e-05,2.212579544968334e-06,1.7126348544649277e-05,-8.494931698930213e-05,0.00014471266647466454,-2.2152389334041695e-05,3.8065180080837323e-07,1.584900609479827e-07,1.197704343496349e-05,1.7631403576521432e-05,2.03562797335971e-05,9.58619886406262e-05,-0.0001614360397200088,8.837556730534968e-05,2.1805431781343405e-05,3.404315445258414e-05,4.050551212538758e-05,1.8544944174093283e-05,1.8658075507070448e-05,6.706965769482937e-06,3.766854540066952e-05,1.4178288240515512e-05,3.3676245837972864e-05,1.543328177305139e-05,8.019084185700636e-05,1.1820594657993352e-05,2.9804711770250437e-05,3.21428285144845e-05,2.0631730918000603e-05,7.127145117457853e-05,6.261400714618166e-05,3.413653242669216e-05,4.883414985918382e-05,1.7305896804581962e-05,-7.207716523565011e-06,3.968007789135093e-05,4.758535572938279e-05,-2.5746562970778885e-05,-1.661277251138859e-05,3.917102360924115e-05,8.341292705926515e-05,6.717767699185737e-05,5.495033090633354e-05,0.0002254205526412687,-2.926900994154581e-05,0.00033226087293993704,2.6233409551891764e-05,0.00031058067756678905,3.210737047274931e-05,1.3626818181528731e-05,-1.1922171659964166e-06,1.0573805801970233e-05,-2.8430331015426824e-05,9.364450606004318e-06,-5.7188374603958305e-06,1.2682198664742016e-05
4,1.0293588561934645e-05,4.958689009445961e-06,7.256072429746507e-05,4.898588694886731e-06,6.134895052847283e-06,2.0215105635365244e-05,6.618984382517885e-06,2.1300201641063296e-06,7.583689822943008e-06,2.9069343984263134e-05,8.852435297094762e-05,1.9889978735710566e-05,-1.8705826441928667e-05,1.3221456323996797e-05,2.466415855087317e-05,0.00011035628825810217,8.926583896020401e-08,2.762391722681639e-07,4.6046134409260986e-07,3.441167575920645e-05,4.607907314929121e-07,3.18605020300437e-06,-8.566100277441623e-06,6.551149995309824e-07,3.0203645454381304e-05,-4.094317160022762e-06,7.012397209018544e-06,2.0662831019684252e-05,1.3528458090602375e-05,9.066526233651424e-06,1.3750587350674553e-05,3.7464530064586813e-05,0.0003798903616383876,9.153131466185915e-06,-4.395385646318199e-05,3.479983745152669e-05,-1.850483587421161e-06,-3.6663663170395995e-06,2.227644164218853e-06,-1.707136450254809e-05,2.8627333630205797e-05,4.673376679420064e-06,1.4314118707786147e-05,0.00014198680462667148,2.7707031588374146e-05,1.5298168685419696e-05,6.160376151460774e-06,3.295907732367375e-05,0.009350198249730126,0.0001248114031313787,0.008424456143035752,0.00014067962878664696,-1.4739598350921305e-05,-2.9419232484645824e-05,0.00018445550449263824,0.00020266319762762944,0.00020034869933688507,1.2379083175204132e-05,1.4608360154776898e-05,1.703676788123667e-05,7.920038912493289e-05,4.450008950962138e-06,1.3181713465853886e-05,1.603727164685691e-05
5,-5.1930942167290064e-08,0.0003130887723312521,0.0001253516069409371,1.4906244986514174e-06,6.785840812823855e-06,0.000170346188491,-0.0001960765059198556,1.8110093494721186e-06,0.000862416984277569,0.0005949736206345351,-1.680052827215959e-05,0.00029482251319856576,5.962565778510772e-05,0.0010160157475352172,-6.23491246018844e-05,0.002965576737735012,2.2983487760413893e-05,1.7875133306804384e-05,2.2115478880976846e-05,2.7221039366865103e-05,1.587032978058158e-06,7.362165957847337e-05,4.5595619999790216e-05,1.895978448063695e-05,9.559671069022912e-05,1.0194940389419849e-05,0.0003630985944356042,6.4812256044470886e-06,0.0002106156897779852,-6.188688357731537e-05,5.5125922280970255e-05,2.553264491847301e-05,6.62508761683949e-05,6.638632535119821e-06,5.705315984044804e-06,5.3285391629862134e-06,2.5050372162082187e-05,1.4124569497927444e-05,1.7666505752771717e-05,-4.0488375507585756e-05,0.004034092337729067,0.00031608928325412553,0.02373106701975975,0.006632035206989209,0.0014501146074042482,0.0016796913582596976,0.02152479517360453,0.007276996326229606,8.16254373117335e-05,3.2261052113122914e-05,2.9399652115949325e-05,0.00010061701244255959,4.328511389843805e-05,9.414914167903262e-05,2.014083071831209e-05,3.1592962674517533e-05,0.0006314296221715017,1.1634505251484001e-05,8.490484157030407e-06,8.852619443362721e-05,2.531399858593997e-05,8.657626621283793e-05,7.157923598668416e-07,1.8229839406832557e-05
6,5.960998840635741e-05,6.202163868119251e-06,-4.0499153148052636e-05,-0.00016651707584881687,2.3365486766280092e-05,8.725985557044963e-06,-7.507679496776566e-05,-0.0004675729967049403,0.00015488309874689838,5.260223439464608e-05,2.571109645605246e-05,-1.0132101181557026e-06,1.0073385670937542e-05,4.126120519692361e-06,-5.25860735825943e-06,2.466993006771035e-06,5.569947294613776e-05,-4.896346883534358e-06,1.5740399337156155e-05,-9.779345986967552e-06,5.628601552590474e-06,1.451631808841238e-05,-2.5724485188955576e-07,7.122308806635637e-06,0.00016444451101490053,6.268921479794375e-06,-3.523643639071269e-05,4.34804360372936e-06,-7.39443010683599e-06,-1.7621529721416816e-05,-0.0001217451757151965,0.005146338959550023,6.94316668524836e-05,0.0035266239955806544,1.924959455501403e-05,-0.0017082584545954037,4.344822738637934e-05,0.0011580629758621295,-7.60818777254242e-05,0.00018910437799745392,1.4614768557877981e-05,1.0336663113613225e-05,-5.351899190325254e-06,1.550927882487111e-05,1.1893280183751774e-05,-4.874459037825748e-06,4.142976116735014e-06,2.9606794072787892e-05,3.723234186758223e-05,-1.0773313596807151e-05,-0.0001726544563114162,-0.00021498920883167438,2.4761318301857983e-06,-9.805054444086314e-07,-0.00013259841783016065,2.0437722092237866e-05,9.207504041000712e-06,8.723981695431498e-06,6.807989202891557e-07,-4.364395057999779e-06,1.0821687296269771e-05,7.222682644327031e-06,9.51733613856764e-06,-2.3837135631627744e-05
7,0.003430807834506643,0.020842568814709295,0.00017989589532637615,-0.0001106940639163567,0.0005235233110424275,-0.00012225653747430595,-7.459187740353544e-06,0.00030505991031762856,-8.946489980493992e-05,3.359687936133212e-06,-1.6287754348404886e-05,5.7876268239363855e-06,1.8266405997808317e-05,-4.413434734301222e-05,-3.108403125074533e-06,1.6605299336154572e-05,0.00010473115639400847,4.524349533670539e-06,8.30011737446048e-05,-0.0003958345363319081,-0.0005123948987638366,-2.6033057282592977e-06,-0.0019538986402718385,1.871063909899275e-05,0.013444554905172003,0.0011779231678092936,0.008023554850383804,0.0018479617099313428,0.0002078245407347471,0.00021137227110106915,0.00015913285569226385,0.005063329165952497,0.0044812787383500885,0.007998102808468622,0.000580419891480661,-0.007814705597803043,0.0005313537116751748,-0.0017335059698826477,0.01417437387832283,-0.003333542724736628,4.217971943832695e-05,8.206710027322141e-07,-1.3005855501013113e-05,9.407182707758848e-06,-7.997054417445855e-06,-3.260586458774467e-06,0.0005413461490686112,-2.437579170874721e-05,1.570241210856399e-05,0.00017326541521767982,6.267715349985505e-05,-0.0002476613660758921,4.2284826145778724e-05,-1.009473459931746e-05,6.22454067583267e-06,-8.235176441973062e-06,1.4331361237936725e-05,2.3659222658335283e-05,3.5314034837226787e-05,-9.486605670980483e-06,-2.91076503620811e-06,2.5612718006982274e-05,8.54777602917779e-06,2.773144509053e-05
8,-0.0005933827889336162,-6.935473777199719e-06,1.2274170640382053e-05,7.846794451972525e-06,-5.0860125969722766e-06,2.086484117025256e-05,7.3017723366912896e-06,1.5145281387648857e-05,1.8895532402032126e-06,-1.1264477165194235e-06,-8.256569606413769e-05,1.6332070545841513e-05,2.985790518759077e-06,-1.8573094263864546e-05,0.00012904072040586303,-6.568644243809002e-05,-4.1736525690356274e-07,1.0155372948607173e-05,2.2762317360122312e-05,0.00041253034412363745,-3.150862396621963e-05,1.9846872410317934e-06,1.3513294266785214e-05,1.2269174401915624e-05,5.8345774144860315e-05,2.698811834469072e-06,7.866394449762532e-05,8.639435681364018e-05,2.823674442688312e-05,9.732305370920022e-06,1.795886760864004e-05,2.036497513731753e-05,1.1482440539612044e-05,2.137675508574296e-05,-2.438879209634708e-05,-2.599755546372683e-06,6.2014362502931255e-06,4.4948145340478805e-05,-2.0482290008010737e-06,6.883830351753726e-05,-1.8623531135850377e-05,2.3983395640780053e-06,3.7914968128890067e-06,6.660170587650474e-05,-8.17618044015634e-06,3.098037271810596e-05,2.183625933525153e-06,-4.408348682164642e-06,-5.036093989404577e-06,9.718923698868103e-06,1.7811601079144858e-05,9.726250008979249e-06,0.00011276785309700089,4.9872407188371996e-05,0.000203843851989647,3.757558542729471e-05,-7.546833738220887e-06,-1.918197870028818e-05,2.3690609429440447e-05,3.6746715396710096e-05,1.693418894846813e-05,-0.00011279715833743413,-2.730687214534283e-06,2.080516732940458e-06
9,-1.1546857841452598e-05,-2.7967895112132664e-05,-0.00011724373714050787,-0.00013685104429405826,1.1888514128121688e-05,-1.6260369651872554e-05,-6.217307568590653e-05,0.0001935360782339877,0.0003070903545170623,0.00042326978553958915,5.942245011893103e-05,-4.1560129381834e-05,-1.1792546244081651e-05,-8.766905004278614e-05,4.42219636854245e-06,0.00016074472582186235,7.630692310545893e-06,-0.00011358882912729054,7.5768676556064725e-06,-8.52453179955589e-08,-1.1174896501790594e-06,3.254421371641728e-05,8.379404205006889e-05,5.756240052829905e-05,0.000246544293014269,-0.00019436797876986963,-8.050393287749256e-06,8.72607311125066e-05,-0.0005839548841220507,5.5030064545763835e-05,-1.0451105641449104e-05,0.006605031998253308,-1.0215991704108318e-07,2.123421683647505e-05,-0.00011889227553693799,-1.5868370402210164e-07,1.3700954000363894e-05,9.028020740639958e-06,-0.00010103854923378567,-0.00010442280177368863,-1.86686752147996e-06,-0.0002333445360120088,-2.2264286435124145e-06,4.3053849345343305e-06,7.709571590216987e-08,1.8693772204630265e-05,-3.329909055679521e-05,6.75740235903839e-05,2.154652551774258e-06,1.8579172220430278e-06,2.0116239989499317e-05,2.4847545074246525e-06,-0.00016814919924356818,1.2253437239257204e-06,4.421871570675241e-06,-1.1374110566384551e-05,1.0545515907902062e-05,2.0989232750960132e-05,-3.559156472796483e-05,1.551946335619889e-05,2.0317690922870795e-05,-0.0005684696742311614,2.0224287529799935e-05,-6.834433397803101e-06
10,0.0002854400913854571,-7.904459347410291e-05,2.0578108202610075e-05,1.735127247853102e-05,-0.00021955703044136685,4.6149020487833335e-05,-0.00019310118801399984,0.0002343739588392599,0.00025170910439770015,-0.0003218631386485801,-0.0011878054281181263,0.002202188611663222,0.02107055897600638,0.00012801337910927732,-0.0002610832283314248,0.00011648872614449089,0.0004226067827179937,-2.9364387540768406e-05,0.0011360916881691476,0.0020941417266059086,0.001743649062647621,-6.638424382054483e-05,0.00026016590313264574,0.003755328689586768,0.002067758243494272,-5.8808601923836e-05,-6.638018808372158e-05,7.738616780700684e-05,-0.00022043720441302042,0.00015500596836717876,0.00025198283838990783,0.00023809303561334353,-0.0009174908626432029,0.0003284824174674187,0.009497622633811828,9.508030185471378e-05,0.007324669015868493,1.1526426643561545e-05,0.008721876361317667,0.00033453393832040903,-7.1990712516839345e-06,-1.7485317969698263e-05,0.0005275360827558047,-1.8833226286344898e-05,7.369377741405151e-05,-4.777900586533126e-05,7.857216226955445e-06,4.7841968637599314e-05,-0.015846097848919685,0.003915853668470286,0.004247757952894742,0.018019436072724798,-1.0408444147930829e-05,-0.0009892780596419974,0.0015770810189528978,0.054548886800191904,-7.555269444865312e-05,0.00013535682159991944,5.7232140410208644e-05,0.00010566237164411565,-4.028962180865446e-06,-6.20396346011973e-05,-0.0016536330232302116,5.6063139230759316e-05
11,0.0002477994602430587,0.0001964321906499769,0.01165625952336714,0.0005760069758581172,0.0022679099402163777,0.000117854063397019,0.0011047258622904827,6.1021434246274095e-05,0.0002715712564293445,2.101334863941321e-06,6.27725522815511e-05,2.536891625630334e-06,4.2597063512764545e-05,1.960957791427511e-05,-0.008509939235661226,0.00020913135788492839,7.800238208394618e-05,0.0003106555109949534,1.1682894484763872e-06,3.745417598524925e-05,0.00025819438573896773,0.00021565416044046283,6.012206189644914e-05,0.000674983151850147,1.0201700068470614e-05,7.498947800425916e-05,6.583674194417007e-05,-4.297463043992998e-06,-1.3555481272992899e-05,-2.052492043391897e-05,0.0003443002203723773,6.241867935865353e-05,9.168060870670503e-06,9.685761271958463e-05,9.662940973942723e-05,4.23645604913042e-05,8.753745889374532e-06,1.1997327061653096e-05,0.00010240316204585601,0.00010752609568712489,2.8370826634335165e-05,0.0013870803005230862,-7.1738994171269964e-06,7.319019721158743e-06,-0.003123280132603158,1.0686272358443614e-05,3.0948018614224165e-05,3.461533690673881e-06,-0.0008763303984467782,2.096540000150695e-05,9.251097280749685e-05,0.00020702292265722323,0.00019653448785589864,0.0004999649804862173,2.6620972486403776e-05,0.0004728608076277856,0.001877715250504026,0.00042115049217803223,0.000945409919453716,-7.573807918501294e-05,0.000739797938493639,-2.4628783826850172e-05,8.84152625470654e-05,0.000517266753770077
12,-0.00010219159860155435,1.3792165713927446e-05,0.00011122834510745365,5.7258567659124174e-05,0.0007919661469130564,6.24832251674735e-05,4.260014909250135e-06,8.757822808664772e-06,0.000146405692293485,-0.00010886465264957393,3.940035067244425e-05,7.022353534539435e-05,3.136259202165407e-05,-0.0002518076282997243,-2.9040996191463985e-06,4.959528400104336e-05,-2.0345270498130018e-05,0.000226419676064178,-1.1113040866589875e-05,8.29921867288842e-05,4.884907926366965e-05,-2.6380692674318644e-05,1.0526280813456822e-05,0.00010060460798843057,6.062235228485726e-05,-2.4833220076255154e-05,0.00041045891325793563,-0.00014816795089554158,-4.102777155896977e-05,-4.5607811217059454e-05,4.825730885041336e-06,-0.00032993014605321914,-1.3601107606160682e-05,1.2935196431499183e-05,-6.485007381329708e-06,0.00010298208317311986,-3.783109967144172e-06,2.076192684838725e-05,-1.4478726265913132e-06,8.654815283936232e-06,7.136729831852576e-06,-0.0005113794733124141,-4.805867377332818e-06,3.447340147526017e-05,-2.383417573456321e-06,6.042957486664345e-06,0.00029159229392802875,1.4607453545081636e-05,0.002340655872729622,-8.815592486719182e-05,-6.938162538658945e-07,-1.1583935636021614e-05,-3.4871993415554176e-06,0.0001034541867554741,-1.6033045038115165e-05,-1.1172368727122916e-06,0.3033976638018859,-1.0750430881117033e-05,-0.0002736315594377392,0.0018692928972887759,0.0005514864400989448,0.0008966357442264293,-0.06006654127697948,-0.01595620588428419
13,8.695301902709844e-05,0.004146723244748756,-0.0012515043109723185,-0.0001282397095591325,-9.385266618758207e-06,-0.0001258598393432224,2.601571025226589e-05,1.791346369140193e-05,-3.619988006204494e-05,-0.00021154933395125565,-0.00028071079722311585,-0.00013730262629998516,-6.611583651332295e-05,-6.573081829947343e-05,2.9072967598676128e-06,-0.0007580579050207275,-0.00011983181690970943,0.00038941942262685686,0.0005496207107821584,-4.262902503487143e-05,0.0010239172379477091,-0.00020441835445378045,6.850266022786655e-05,5.360350995639401e-07,-0.00014448315018139818,0.0001816513684773771,-3.194819127546514e-05,0.0002859668626850288,-0.00019034054172680607,-2.743301233890836e-05,-1.910417548989976e-05,-1.081153242040278e-05,-0.0004888544984619393,0.0001520709592885685,0.0005487890926792016,-7.457746485130803e-05,1.1497419369859794e-05,0.0003744841096435501,-0.00031162067468280217,-0.00013529628492648865,-6.902567375736714e-05,9.601692851968827e-05,0.0005732648204545983,-0.00012838624458734636,-0.0001047956075878042,-7.191914401332755e-05,2.0040886884750584e-05,1.6879486633214494e-05,-1.9506004111530003e-06,-1.1349980909323432e-05,7.224658262646961e-06,4.320791650668011e-05,5.7850321832478605e-05,0.00016391202186073807,1.9764180285991206e-05,1.5090652857993187e-05,0.00010223561294879355,1.716423692171628e-05,-2.3616559752647258e-05,1.073968572043554e-05,-0.00031416589243110307,0.0043804399708710995,-5.0147350699589445e-05,-8.528652495737083e-06
14,-0.0001584226837476356,0.0013400733787241627,0.0005036417149159811,3.444712956445098e-05,0.008003252938988535,1.4937086662078353e-05,0.004498953526448444,8.27181646550545e-06,0.009456783917205091,-0.0021816826707219557,-0.026607494448241724,-0.00013024658755518678,0.001372213206388806,0.0028895481099135245,0.00036769818410085404,0.03757207008633675,0.007934578988839496,0.279471604909022,0.0236599555604832,0.16480941714618674,0.040969628832211905,1.3893508043498863,0.002952910264935613,-0.01512228999741607,-0.00028340774923676037,-0.00012001853896597073,-1.1548140086937883e-05,4.9854659103278866e-05,4.91304502422363e-06,-0.00012693141246040944,0.0001750509448807019,0.012812735367399712,-2.905738294983196e-05,0.030268518015505057,0.004691644904286317,0.00011440259746930383,0.005635846284775227,0.0028743902962708487,-0.0013468715618558701,0.00011104811900849586,0.002156912060376818,0.0022264101723995598,0.0012545845922509139,0.002245311126101641,-0.0008554840015587772,0.032887410358374,0.007366062566310371,0.0016695764410034825,-3.6866636417235245e-05,-9.885736493290837e-05,0.0006078062769677935,-5.051809263508707e-06,-2.8072169348541434e-05,0.0001216900448079689,-5.295815071976583e-06,-7.22440605004471e-05,0.0001105467384289892,5.0210744888154293e-05,0.00010401706428036006,0.0001039308431566062,-6.13895078967085e-05,4.8656188872296685e-05,0.00030970225467927726,-1.2255343661521296e-06
15,-7.5304074392275015e-06,-8.762362917957634e-06,0.00014197491984913342,-1.1705145962853409e-05,-0.00025309300314214423,7.188889544692483e-06,0.0005252313848875783,5.8866026186421506e-06,-0.0001915406331227882,5.735103337487959e-05,-0.00021668230949521938,5.267748017487984e-05,0.00033628624257397863,0.017243266286408925,3.542319516325378e-05,0.0010310841655080463,0.04423673339103369,0.0006100623737780355,0.04864067593878919,0.17693213172895245,0.2553778034525445,-0.11572188405578475,0.010720615950924958,-0.04558850708470551,-0.0008657936619663886,0.0003866379327896966,7.65393230388852e-06,-7.319387678308489e-05,-0.001454490436759295,-8.24352897212218e-05,-0.0004353651591916333,-3.453583609795834e-05,-2.509879740556599e-06,4.772834022261051e-07,-0.0001484716453725771,0.00014934116032559266,-0.00011214162021807751,-0.0009448720796077527,0.00012122671924096562,1.1230792802241653e-05,0.0005675590765846785,0.026617934434498867,4.837777779082245e-05,-0.0003210762353265173,-0.00010665269445703884,-0.005747918110168543,0.0010028968623770759,0.0001824794618174199,0.0003433137160526074,-2.997234700935299e-05,0.007639734739602921,8.800980536841976e-05,-0.0008976236268188842,-0.001148279821267171,0.00630501014342174,0.0001480532605328081,-0.0003414191785773348,-0.00035321740172322024,-0.001914474370354856,0.00032022594275846677,0.0019086084870156834,0.0105820525948797,0.0009585488149846729,0.0012170972925320564
16,-0.00047589341422840957,-8.995900491225941e-05,-0.00010017023179637544,-0.0002040033079712026,-3.3426143008710405e-05,0.00017516969098025275,-0.002778462754948018,-0.00021939950065236554,-4.5817082718160946e-05,6.321144881259225e-05,0.00014275896353781444,-0.0005413841080539036,0.00036017497870125166,-0.0005358388651673567,-0.00020064336160894263,4.903324812627939e-05,-6.21927471392367e-06,-6.512866565184834e-05,0.0055266418540179515,-3.487502109651917e-05,-0.00016020155929091505,0.0003094990385401151,-0.0001802993733562974,-0.00013089639793480187,-0.0001598848051153568,0.002402312697742455,-0.001542828496972027,-0.00728787609444503,-0.0018882524162824508,0.0003174618846815177,-0.0018277446639817997,-0.0024616647796977895,-0.0003306316190637179,-3.0192158907266325e-05,6.534101567185095e-05,0.00040911615934220106,-0.0020053856656621787,0.0034197369156867092,-0.00017586235208345033,-6.660681226381965e-05,0.0015505718588377144,0.00046364916735657137,0.00017594825688232852,-0.001091308264772127,0.0006570428316117793,-0.00015622509009373408,0.0772774821433992,0.12397140259992181,0.0001833770449546525,8.692956156039966e-05,0.00015797954083754412,5.49103327553037e-05,-6.192574069932215e-05,-7.434393236183015e-05,3.4769001424624686e-05,5.282600600218755e-05,0.000152764490285184,0.003117281799518853,0.00021176858098331108,0.0001835511705024025,3.411608993148789e-05,-0.00028284186662553635,0.004424342429484265,6.348891091943076e-05
17,0.00017725400078739622,2.5147065192647027e-06,1.4081179327452906e-05,-2.241994369382325e-05,-4.126567611014485e-05,0.00023093347955238346,1.670390231940302e-05,-0.00037497955348294427,0.0001754982169601717,-0.0009253514906599103,0.028294924084574458,0.002664905953714575,-0.05367315511435971,0.00019496446581298757,0.0011221276168302662,-6.204554309801442e-05,0.0011921737278113283,1.532394633860942e-05,0.04897231274793508,0.0011904036980673017,-0.0035093917007966865,0.0018844434580539023,-0.0002255550020115198,0.0008306043495094343,0.017593837850829522,0.0028545074701489927,0.0035657965838683183,0.08821640636452768,0.007560446779324846,0.008119715557033313,0.0023366141445804855,0.002874343434999712,0.00015762693745065005,3.738848491090849e-05,2.053422095018312e-05,1.0746646279905094e-05,-4.3329325948727974e-05,-3.829802908257603e-05,8.97422263439732e-05,0.00016590087216310638,2.268026070986897e-05,4.564858888296161e-05,-5.285321559031522e-05,1.2451620423691909e-06,7.075626315538942e-05,0.0004094179276266785,7.274570091824263e-05,0.00016727467957909585,0.009891890141889847,0.0005320501291363241,-0.00011707933858274197,0.0007698734300076906,0.0016135111100932158,0.005979670187665984,0.00018019570917501306,0.002136150574123796,0.03172403804455136,0.01238655302902349,0.016120639689679035,-0.09879595009642536,0.033215939591923295,2.0315177402684323,-0.2589791495299321,0.00326053471706237
18,0.0003624818513030077,8.63493426538421e-05,0.004917923115346357,1.6051792935767034e-05,0.0258323866097289,-0.0018730995056753918,0.007568971056934556,0.008206980982181067,0.005356017164066942,0.0041926951007105525,0.029007091045018123,0.00010071238439312465,0.0039268751050415525,0.00987562381290323,0.001691805222795442,0.000190362921711891,0.0019034341576426562,6.863237602227833e-05,-0.0004746503591356731,-0.0004511714614278171,-0.00045508774416838817,-0.0034509345019198105,0.00017446369904293386,-0.00043461709604560093,-0.00019459194808046175,-0.00029157638730561666,0.00020183463544895945,0.0009045454477884269,1.9553215599493588e-05,-0.0006321614397756072,0.000392712816494356,-0.0006444393413549473,-0.00035488591942487536,-0.00015783743753498434,-0.0002509961420157555,0.00011815170251211444,2.216491240999422e-05,0.0001704658157812823,1.0304537074324474e-05,7.303218393275138e-05,0.002305467723896323,0.029786334379411628,0.0001471798875460163,0.11380310940688265,0.0063489760929567535,0.1951908432596827,0.00011918074123058423,0.0019270598300936727,0.07911331749396219,0.009526930630794524,0.011110682483872652,0.0006361181217219628,-0.00034784909176772326,-0.00011282567276567777,0.0005825655400707843,-0.0007684135003194743,-1.7884059599441048e-05,0.0004185805996771182,0.009353556716143858,-0.0001664035152177904,-0.0007389438613243774,-8.401202378262032e-05,0.00015406517299221213,0.00022652121634985818
19,0.07438111323312524,0.003531431184744093,0.0003371452001842072,0.0009004822999261559,0.8042596002886745,0.00010097404155340659,0.009822615897501843,0.0005269031166759172,0.00012832337748923235,0.00048062372514928324,0.00027272247563174925,0.00020440927141086534,0.0003473734747197585,0.0019140518732916865,0.0008897203401329846,-0.0001022636754843586,-2.2711640420151863e-05,-0.003541631170797745,0.0010565161433881462,-0.00019443410196658492,-1.9369617251376905e-06,0.0004533942311527687,-0.00024672983450090626,0.00035175439351611837,-0.0002918315259139604,0.0003246742161591009,0.00012451313136652465,0.00016205495193747307,3.7787910028329354e-05,6.222336286844115e-05,4.07290422527795e-05,-5.5867673051096456e-05,6.671357190997616e-05,-0.00045162136578216506,0.02798728747653455,0.002484724320996612,-0.002686363896969325,0.0032556742045624495,0.02299105497451331,0.034867659041698994,3.556025986241133e-05,0.00020643072294592417,-0.00040870086996731,-0.0005870633635040123,0.0009225681932520179,6.627539417072965e-05,-1.7055649934527948e-05,8.302217545698974e-06,0.00010322819522513564,-2.8827872305221075e-06,-8.161199915309612e-05,-6.748877121157037e-05,0.0008756780009815619,-9.215352569591598e-05,-4.944374743874597e-05,-2.848652387045021e-05,4.505235602947915e-05,-2.0500676391522744e-05,-8.986823661839025e-05,-0.0003257059888282972,0.0003484129182672373,0.00016615151726359303,2.039607453292215e-05,-0.0002957838922851993
20,0.0002587099162080762,0.002862603127549687,-4.822978293742142e-05,-2.4639380710246808e-05,0.0007650748268052257,-3.980243630803429e-05,0.0020476323894879594,0.0002575316060393757,0.0013822266059539976,0.007818441123470743,-0.0005107632950456707,-0.0011500206926358832,-0.0029948507862799637,0.004113718539679748,0.004354680822689124,-0.000826837078380804,-0.00015326681419066448,-0.0001891703204371152,-0.0005968864258714874,-3.1362018682816574e-05,-7.012400033349301e-05,0.0006911211433150349,-1.9341006795985976e-06,5.8066673220964005e-05,-4.978400568242953e-05,-9.604671107177473e-05,-5.062840387530282e-05,-2.2866436258421624e-05,-3.353602918736423e-05,-1.8828334548057947e-05,-0.00020858200324856007,1.8553562614843016e-05,-0.0002969474312118556,-7.713117253337736e-05,-0.00021966594505075382,-0.000227382532275025,0.0002089971344610131,-0.0009117540327932385,0.001753445915239522,-0.00034237976685177666,-0.0001948160529588577,-0.00010256416717201204,-0.00022364432067018366,-0.0005640140349798097,-7.822213325878537e-05,7.857967498539911e-06,-2.9197865087395506e-05,-0.000194548837518588,-0.0016527249561827497,-0.0015923118302097275,0.0009027762370998857,0.005187554916167821,0.010408842355758516,-0.00024068056181400824,8.681723798559676e-05,0.00022159773260467785,0.0013943145092551322,-4.846458637507599e-06,0.0028730762827296964,-0.006115757217002332,0.011112190359374444,0.015721188339887015,-0.011774747727765017,-0.01306134774162518
21,-4.3881490792714536e-05,2.1232290643916768e-06,-0.00021169259522881725,-1.2302281189544896e-05,2.9545782912036948e-05,-0.00017386660194469632,-9.561484288410187e-05,-1.381334253474508e-05,0.00015026735391826572,7.332942764175092e-05,-0.00015757313680251478,5.671925351326479e-06,0.0002255063557642849,3.220017793234493e-05,5.892081817413015e-05,0.000228438077323631,-0.00022055797273232478,0.022204552390884504,0.001405691540177976,-0.015315114412459575,0.007004726285551243,0.005303123667892676,0.0019311223904954582,0.0019263639153631643,-0.004834376653999521,0.003455678064593589,0.009668790724713121,-0.0028855867508779066,0.0006944444524780929,0.004307303490107307,-0.03957248077508262,0.008814119045439772,-0.001925297448633294,0.04712512296108336,0.0023064533809173103,0.00864541196208546,-0.018500496891070896,0.0018693976008232296,0.0063614270468387215,0.09709959051842217,-0.0009660735285761141,-0.0015971976035105814,-0.00020341257691112134,1.5767981736747364e-05,-0.0003254178620541626,-0.0002932222708325379,0.0005347961002086677,0.0019057684544815637,0.011757167565994322,-0.00031729694385253986,0.08802765205649375,0.004707206190310254,-0.000465300654352752,0.002024802409671671,-0.0018395945554072436,-0.00010571018753854549,0.0013403757401177878,-0.003607796212775496,-0.0017178503738559505,0.003284862856687787,0.024630172764197544,-0.07976803551848138,-0.0008208266797618826,0.07360970278053776
22,1.414283443527405e-05,6.988565518695204e-05,5.1707243991674905e-05,-5.744640532545989e-06,1.950661699097347e-05,-5.196833628612162e-06,2.369863052454361e-05,0.00019946669519987106,-0.0021293081958877764,0.0042445822318816755,0.0005713290929613527,0.003203295504531686,-0.0008571198530681583,0.030950709307528156,0.0486859740227619,-0.0007446412338823691,1.4815024799970845e-05,1.304166234741457e-05,1.3013765035112434e-05,1.9451407002533178e-05,-2.438700994458579e-06,1.1936426049742844e-05,9.267803470773973e-06,9.456029482370191e-06,0.0011281179514140908,-0.0004903468062608324,0.0001568549550600875,0.0017399251958111048,0.0005907956807336805,6.408990559205404e-05,0.0001451509345924417,-0.0003778783320657583,0.00021945219133910648,0.0003144399427481917,0.0006821618286202216,1.6843057022200198e-06,7.08870719652239e-05,0.00024673259104626585,-4.232065346857088e-06,0.00011368716097491951,2.7206769443262537e-05,7.449678223722078e-06,-4.3229607355414534e-06,-0.00012528514482471065,9.529286934644156e-08,3.884239595346658e-05,2.5878566471878645e-06,5.8549000875253596e-05,0.0020597308218885863,2.1165930203545824e-05,-4.5331704788265384e-05,0.0009511550598925394,-0.0016711276982027626,0.0013026314490306,0.012434618142267536,0.0005762210120026862,-1.0536442750147799e-05,-1.381915500437038e-05,1.4864730170675134e-05,2.3484467285161182e-05,1.395749065169099e-05,4.796804669592029e-05,-4.842409679074552e-05,0.0005895406391875516
23,-3.418738729940768e-05,-1.4849176589422719e-05,-2.887799850099324e-05,3.1650088970366505e-05,-2.322504134500058e-05,0.0003911762458072429,-3.9036111048982595e-05,-2.555406798549652e-05,0.000499115467433048,0.050785204964754166,0.005397779278180381,0.005671828510726917,0.011281808096861821,-0.02257333658607373,0.002581899323365831,0.09377108205892173,-0.0020384439652032975,0.0021161786347650246,4.3498218014349225e-05,-0.0027826342101888845,0.00115597483061587,-0.0011409452415217611,0.009917562707433923,0.0031820854696023655,-3.4362738606059846e-05,-3.700339044016959e-05,-6.429444351731571e-07,-1.5729641466989848e-05,-5.504052868568156e-07,-2.2273767708467166e-05,-3.899133413284597e-05,2.7334988343169178e-06,0.00035714416272537207,-1.1100517790633458e-06,3.3388791254200744e-05,0.001888194709586953,0.0031153152529446804,-0.0018333681972755279,0.023008391385371255,0.0005179286635762545,-0.006461787711860015,0.14921233182246257,0.05008209610274563,0.0036690649071636303,0.012977777962615943,-0.016594157244239096,0.0009484988798961393,0.025743167810678664,0.027045548911163352,-0.00011960449229595708,0.001402688984440708,0.0002998286255206684,0.001518259950439708,0.0003224230788710265,0.0003704655974809652,0.0004477345464444708,2.043605573796678e-06,3.502514549418615e-05,6.632989242819948e-05,6.803248848673023e-05,1.9546527587793486e-05,3.329335151972872e-05,-1.0930267222638996e-05,2.113234892860379e-05
24,-0.0023614040281485196,-0.0010760934900568694,-0.0033843626661495905,0.022577129592490613,0.0006916902795535661,0.007680854985350637,-0.0005341343033756585,0.005074257286684904,4.334701472290365e-05,6.382252069202736e-05,7.040684561190616e-05,-5.3886756289629825e-05,8.681998323363769e-05,5.5568683906609723e-05,-0.00018736573220022378,6.036813440785301e-05,0.00020193925990219869,5.702583445482353e-06,0.00010838723932819636,2.347230007469142e-05,2.9759482961423797e-05,6.629243052483309e-06,0.0006005693512309947,2.2751593381909102e-05,2.1243226446827032e-05,0.00030920255175136114,-5.996536810891616e-05,0.000269308946094693,5.169923984253912e-05,0.0006626719683747655,0.0011683121334882841,0.0005554553683369869,0.0001679040700581311,0.002858155147879299,0.00028821950251627576,0.00026458063479894214,0.0003577744626384258,6.987926090549614e-05,7.895473461425963e-05,7.857594687075825e-05,-4.2632594987060795e-05,0.0012835051816372013,0.0016984907942707535,-7.989092068386688e-05,0.0002290086370241108,0.0003342964913105785,0.0013418494073435432,-0.00017873051493704883,0.00043677108770432657,5.5304411417430815e-05,0.0006557265586072138,0.00011071732226784463,3.556392584179617e-05,0.00023619056742149854,7.533047622220438e-05,0.0015355103661202395,1.0429118238122555e-06,-4.3646054705430085e-07,3.9034670641063136e-05,1.4026099258152942e-06,1.4838619246635844e-05,5.657662488547287e-06,4.193055711073468e-07,1.2430302386394966e-05
25,-9.103914704440405e-06,2.102591690464167e-05,2.2805673638646908e-05,-1.2379107181999287e-05,5.3846752489940455e-05,8.594575165078909e-07,1.2439777304989532e-05,-5.966113136088852e-07,0.0034707733136944197,-0.0001505397322324287,2.7341696125161812e-05,-0.0044956062669732335,0.0002354575974910501,0.00014213877613568042,-0.005297699148136165,0.004032844300519525,1.1253559720436361e-05,1.6758459887781734e-05,1.8274260457486828e-05,-1.2625782687701872e-05,4.5176699949735355e-07,1.2899705909975227e-05,-5.163043353324529e-07,-1.2802243955756721e-05,-3.4215257780581945e-05,8.88309169665189e-05,2.4495362512443348e-05,1.936722222017648e-05,0.0006644985637852805,-6.334241860919475e-06,6.112083510253316e-05,0.00012446299387344133,0.005646423827164817,0.004117670521942208,0.00197487653793034,0.0014791269818429525,0.0012481265487410602,-0.004864096641540527,0.020147577752842878,-0.0009127682677898742,0.00013186904044653805,2.216372619170249e-05,3.709894597213976e-05,-9.456470642603443e-05,-0.00013068501383540752,0.00033869105726593794,-6.2719337681735e-05,2.340788277285504e-05,-0.00014703457015676115,0.0003784450393811263,1.241245827410727e-05,-4.9074337880571285e-05,0.00011170863359601587,2.2918909471793024e-06,4.1943578680779085e-05,6.745960153893553e-05,0.0001051183719360271,0.01397353541769703,-0.00011077019371165724,0.0013856690792173403,-0.005573406465312041,-0.0006955151669991753,-0.0030454920493264014,0.0007026375266437379
26,-5.184864121191026e-06,1.8196814524755116e-06,-2.9830266301426115e-05,-6.331544626472412e-05,9.525341911691876e-05,0.00015605223549415795,-1.0199144403529277e-05,0.0010546056315065596,5.106107699678916e-06,8.051176474255073e-05,-4.0276268379901445e-05,-1.3244449188531054e-05,9.507830505392414e-06,-2.1482706973730933e-05,-5.941219497939694e-06,-3.55391903661088e-05,3.3812869941845997e-07,5.175459104744551e-06,-5.3268527559833715e-05,-1.0686923013300745e-05,2.1265685513131175e-05,-2.706949856806605e-05,-3.6872646589906544e-05,-8.675244787228716e-05,-0.0777505891986468,0.0006403799216073062,0.0010169720089372315,0.06347828800701752,0.05914769812548495,0.005934118591898584,-0.006355950288288154,0.008484708078889073,2.836462581944051e-05,-2.0424735826284018e-05,-0.0009566974784498234,-0.0009942965764182343,0.0056005630464242935,0.00033970761244905964,0.00037740409329047416,0.010221446256370052,0.0032592842848215993,5.5148261313274954e-05,6.96121471410492e-06,1.3449741209700148e-05,5.460693765716233e-05,0.00029884142076725214,9.242093319057687e-05,1.8418244763337645e-05,-8.82263297470724e-05,-1.0393407418929508e-05,-2.3715825041104543e-05,-4.573300808465821e-06,-4.8696079698813334e-05,-2.0285711042625017e-05,-0.00012920483935502969,-0.0001106857575639992,6.0965417911824744e-05,0.00015701527528639284,9.377400155675018e-06,-0.00015392278160806697,3.1666289323018476e-05,3.4142570842654416e-05,0.0001958025233866677,3.920643504955593e-06
27,-1.9856220940210704e-06,0.0002852352936219002,-2.054846969131232e-05,9.059041761100414e-06,-1.3439141501975404e-05,6.43619139190842e-05,-8.051795567228892e-06,9.921748950862654e-05,0.0003384986639565087,0.004040989575736716,0.0007241868990854006,-3.291267994862019e-05,1.2205259830688016e-05,0.0014881411676067034,0.004885213315441719,0.0006704739859105941,0.0020600765197904287,0.007501387252691932,0.015445955058134713,0.00042285414877219846,0.0025852591002683387,0.13916890200021323,0.023125615962262043,-0.0036800173397223274,-1.60892548391183e-05,-4.070673005159843e-05,-4.04754626741889e-05,6.167494590938532e-05,-0.0004130206928730394,-0.0001320719628554564,4.094436911582178e-05,0.0006918050377001991,-0.028313857303414045,0.0020183670963637304,0.03253196386607693,-0.0010920865143493237,0.022775048826389734,-0.005447286109837554,1.0772584997586359,-0.0008295374082922485,0.014690515306341188,1.2592407588798749e-05,0.0016389362192045472,0.0025703199348999207,-0.013757441421636043,0.0009786140927769535,-0.0002912557694476317,9.147612726805896e-05,0.00015105597443251657,0.0025310541663412073,0.025236123976515857,-0.002135704646425052,-1.6853337580729764e-05,0.009484629996171768,0.0034740258564634518,0.003860839937020649,2.3490963242469135e-05,-0.00011191470230773456,0.0004403466433625583,0.0001501691237464816,0.00039621560613343874,-3.17960051174313e-05,0.001225663822107554,3.379990062178727e-05
28,-0.002005889074110099,0.01766272364826795,-0.014354201859827742,0.009582243515199743,-6.977476072275073e-05,-0.05232947373408273,0.011048231638228016,-0.004940033230119987,0.00800177326159011,-0.0016860994450335618,0.004016893844517728,0.022040968324489173,0.003289349337614695,-9.228628611727231e-05,0.000371239056995732,0.00011125339125936172,-0.0018499097289055761,-0.0014473298808857736,0.0053668051980678725,-0.00011313366022319708,0.00012626675740618276,0.0005104274709989301,0.0019014323182500099,0.0009551989006399675,0.0005014960267852896,-7.059449404817148e-05,0.0001107164523744321,0.00011270648607075918,1.767713794028762e-06,0.000329481812025941,-2.0451284521360883e-05,0.00019064615109908622,5.845508627856953e-06,3.9165651734970615e-06,-8.903119015458822e-06,5.5022419086453145e-05,1.7776435708526747e-05,5.085908096788789e-06,-1.7186001203006577e-06,3.3789202062535476e-06,0.008400272111986695,0.0011101074522421885,0.005469959192514601,0.021916435739142683,0.0007079354373680275,0.025064111207813093,-0.012331755076329576,0.0059699451860105385,-7.144154993489674e-06,-3.378180231979733e-07,3.28727298111859e-05,2.4812274850436277e-05,8.019965376338585e-08,5.172341045239005e-06,1.669736117282474e-05,5.350206004930744e-06,2.5470931029285204e-06,0.0016137465913698857,-2.994277628194783e-06,-3.3586765438246254e-05,1.346506884461425e-05,-2.057300181529633e-05,-4.1137236912559865e-05,0.00011773602902844193
29,9.609983670520737e-06,0.0003276780710878304,-0.00012397942351427313,8.397018981755113e-06,0.00014718024906015998,9.615413161097356e-05,0.0016014326513491418,-3.1029086749238635e-05,0.0018965266164818714,0.017280244393453534,0.0024329560827901645,7.287438300814451e-05,-0.0005946589564626374,0.014254947066578203,0.00021768126910703565,0.004891260904828376,8.996081813162878e-06,-2.809843278636133e-05,-3.778168520663791e-05,-4.2257049573740216e-07,-2.0242385831721878e-05,7.845173851841368e-05,-1.0129084091820066e-05,9.876998018549713e-05,-0.009932599707568027,0.0025854117948056333,-0.003488822991961869,-0.03223057639155991,0.0024057959317257223,0.0019389203861864147,-0.0008676957686440891,0.0034409117029868272,6.66097269716149e-05,2.2323148281304823e-05,-1.807934502203228e-05,-0.0023325382533445787,-9.8810853878602e-07,-4.931310526433415e-05,-0.00022025389414650107,-0.00035065905084385833,0.00015276397060860034,9.371321069371497e-05,5.197004782963782e-05,-3.340634728489799e-05,9.123602538871601e-05,9.362074215363433e-05,0.0024372305808598757,6.1504401611144425e-06,0.0007254902027699872,2.041990057459374e-06,-3.3668399851281524e-05,0.0004210567908182205,7.483285764928555e-05,0.002836457339988865,-0.0001495942371735712,0.010904174758413689,0.03568957012833023,-0.016821466855156866,-0.0025215860430809283,-0.004726242644033079,0.00289824444566196,0.0052358519859256126,0.004263344228583992,0.003434414536868011
30,0.0008743037049566104,0.004537318401756025,6.883508943083027e-05,0.0005065494240279213,4.222998685055697e-05,-0.00048611794935202,0.0018773093379022858,0.000253142999418761,-0.00010288525386865207,-2.4246920388786552e-05,-1.79298928147263e-05,-1.834044296511423e-05,0.0005402911604128624,-0.00011394074055351571,-2.4679949375797467e-06,-1.1489941958135352e-05,-1.8141570644358444e-06,-2.2708657928447258e-05,9.937120080434749e-07,-4.3080228580682574e-05,0.00020395133466409484,-5.505256032833676e-06,-2.3936213102187937e-05,0.00012139283499092152,0.03663983066665846,0.0015039261856975644,0.018381478480989054,8.118494362248965e-05,0.0004401447490094919,-0.0017610142138801427,-0.007548092891991003,-0.0005460746185268002,0.0005079783256348478,0.5193639239006823,0.00031559457374033274,0.03425230105055201,6.632015414089207e-05,9.997281682951945e-05,0.00028209791570291094,0.027050883052383436,-0.0022994151975821143,0.0005106954433594414,0.0007092681592662192,-0.000577647659794862,4.7880130974608386e-05,-0.00021643180843552819,0.0007546346597910065,0.07208703267384516,0.026860203862280625,0.005262181829375875,-0.0007269338191323761,0.0008133943104400523,0.1544281060809525,-0.006377605527887933,-0.009791512576082243,0.005560358312655976,3.9302388811933764e-05,-0.0004954816176188094,0.001077106407503906,0.0006765416619269689,-2.7608394713176603e-05,0.0010660135492942234,0.00030081406789263135,-0.0002826534273770841
31,0.00889343832188072,0.0012849948006746353,0.0004340364252463504,0.01385737947662099,0.0004591196210570585,0.00036849310851801864,0.0002469232558661826,0.0029788633654567694,2.672369051738584e-05,0.000699540852958085,0.00011002547457147464,0.00010808107921171302,0.00037280335129888647,0.0034012306450532186,-4.544386455197712e-05,0.00026621792106758425,0.00253705530116014,-1.6831285217838654e-05,0.002848698118584368,0.0004316743257101799,0.0008357052915108945,0.009164518800262613,0.001195788925755107,0.0006498250209354297,0.00020354025353980354,0.0008314679842089222,0.003565900338428141,0.0038435386834133746,-0.00031686669682986455,0.00010426835050358561,0.00032550860210473593,0.01693544105836349,0.07827496040581391,0.1273343575732829,-0.001559973305332742,-0.17067312453170905,-0.06914954442160884,-0.11243205110262161,0.24171034181723547,0.06046412459280204,0.0013679650536624671,-0.00013676161473225742,-0.003431032425169695,0.0016739218410350234,0.001506972123132318,0.0023826233268778294,-0.0020509118650608484,0.0002182785582596663,0.0007794770080994404,0.010049106317365414,-0.0012216166712462316,0.02017585773916295,0.000916101642862424,0.0053098924780000415,0.00088627190188624,0.006198745500508178,-0.000102091820697332,3.696687186279224e-05,0.00027648592826721416,0.0001924002233827724,1.53964440464679e-05,1.4664821321083898e-06,5.9517395595782064e-05,5.164261204080889e-05
32,0.0035079299183484736,8.124452002397513e-05,-5.2840828082161526e-05,-0.0003567747291603982,-0.00019958894346770373,0.0011229920875312084,0.00023938115287946892,8.767106096521335e-05,2.193328916708055e-06,-3.664663811358211e-05,-2.0450403330630314e-05,-4.7975288276149934e-05,-1.1004569676900264e-05,-6.785852110141488e-05,-4.8473432174317487e-05,-0.0001553373186763582,0.0016919422818459345,-2.3392891233121038e-05,0.0003401542857707287,0.0008952328885839758,-0.0001136369556979389,0.0002022306233576739,0.011163584475629342,0.0012976057697553535,-5.356447772603528e-05,1.4765593389203668e-06,-7.686127398030415e-05,-8.229962730152057e-06,-5.226008949900994e-05,5.2781856087139026e-05,-3.626277787472653e-06,1.3240947020240397e-05,0.0009021071252540884,0.00024846057217621184,-1.4106564398873629e-05,-6.755626138366659e-06,0.00023858031149250446,3.757813014796175e-05,6.81038592872141e-05,0.0009942262619168877,0.0008449372782501156,5.76009413254255e-05,7.556370933277754e-05,0.0022275358370707934,0.00015710180143771113,-0.0002671403357077037,0.00010855018053206443,4.68678687719618e-05,-0.0006801918476616629,9.959992628552323e-05,0.00013498447897580937,-0.00016655860478630754,0.003386895976525713,0.0018803308731322025,-1.0729174979079503e-05,-0.0002475032262317654,-1.1417689966920892e-06,2.9068742402125988e-05,-0.0002595571697978378,0.0005239454790712561,0.0002611417766770565,-0.00011661274809110592,-7.754652404351532e-05,-8.14458777544816e-05
33,0.000507493828895682,0.0004918594831223748,-3.26098751353116e-06,-0.00019542701186512192,0.0001731676256412647,-1.8111677943440528e-05,6.305670946090288e-05,0.00013335190368837237,-0.00024918320506155686,0.00013760719631909112,0.0015689480747572836,0.0007798402394373524,0.0010043859843325625,0.0001634979469474321,0.01162892747232641,0.0009014659121327533,0.7185776763291319,-0.002139103963937247,0.028011330697823873,0.03043114009275863,0.0004738490065450949,0.04195587991131717,-0.004543417326151375,0.0002022389664263139,0.00033547868775634304,5.169401483340642e-05,2.5345937513418086e-05,2.2115390620686344e-05,0.00033892113842505387,0.0007253594137304535,0.0008422664117415448,7.880771133012281e-05,-0.0008582054800477497,-0.00017035721467244382,0.0008646046419411216,0.0002510972417060655,9.79260141149961e-05,1.928569513165863e-05,0.0011359221832240671,-0.00012660026550292963,0.008297997319942354,0.0008571229259383948,-0.012848179298788422,-0.0761480320575474,-0.0019318873996170666,0.021680685134436526,-1.0534160692101394e-05,0.009528232307665448,0.00031282946501291493,0.0020520247411691746,0.00020564829901007512,0.0002281612026772753,0.0006416010937969058,0.00037946065688693176,0.0006100708919551145,0.0006244258052747787,0.0003072967621482912,-8.012477514687734e-05,9.974844081551237e-05,6.15721290268668e-06,-5.0961383822471665e-05,0.00012648128215971309,3.0767841941028586e-05,4.285741442075401e-05
34,0.012947450721688665,0.010421271257277596,0.007685129167095471,-0.0011305995200781142,0.07521368031071568,0.00441648080730366,0.014237082845067507,0.0018874086818069596,9.684266919344289e-05,-8.586415112966742e-05,-1.699110836220011e-05,-5.730609264763539e-05,7.389685798540673e-05,0.00014429629255731879,5.7849245056945305e-05,2.3115824532379417e-05,0.0003717278128234173,-6.349589266137196e-06,3.635770358126648e-06,6.248659035575498e-06,-0.00012517278170928858,0.000494443507154752,3.389117164625886e-05,-9.7610807671879e-05,-0.0001992256217512612,-0.0003749716905502765,0.005361907133286067,-0.0004011183593018307,-8.367606416808021e-06,0.001208910985459334,0.001442233344837965,-0.0011486886033874474,-9.926627132366564e-05,0.0026233780103890273,0.000879544394770023,0.0011305649728825615,1.3054933870625433e-05,0.002458127996431686,0.0005065822031933578,-0.00017720614535235608,0.001570118160479168,0.004472319152519682,0.015488323431470523,0.002327436565720195,-0.007865365659585045,0.025493222895312074,2.9725167360878073e-05,0.0002841595404974167,0.007764028364099092,0.0008289759768239465,-2.6129779262556376e-05,-0.00013651895965926153,0.00023645964691907878,-8.380060579127801e-05,2.6103377432601117e-05,0.0012077623194505826,0.00023579971414338142,0.000357424991432686,0.0002065454697952302,0.0009037983336170208,2.6135344603366983e-05,0.0004161809139671039,7.745327598837746e-07,8.077062016824924e-06
35,0.002170612542714195,0.0011132174680592657,0.0013380440190671682,0.0011912375869309896,0.00029719766113593465,0.001343634021923883,0.0009452377511661459,0.01610972865049002,2.6258416163187717e-05,2.6408424763352575e-05,3.0372034789393957e-05,3.710681737779463e-05,-2.638239856918761e-06,4.515017949784371e-05,4.4644918289931334e-05,0.0001586550695594257,0.003055475623974571,0.009599460942714478,0.002163133086174885,0.24465201423419436,0.004026985263354487,0.03353706971545216,0.0034580675375289857,0.0014898223665467194,0.0011085345041941625,0.022371047730695308,0.0011156067150483251,0.010904051120575853,0.01061481359422523,0.004410821800434382,0.0046057903106868775,0.0005457503629327215,0.0008855366273031143,0.010319969706502802,-0.0009878903649990268,-0.001551005495055503,0.0070748421348704816,0.01315193722155891,0.00026085595455560106,0.0004241741272967571,0.02433815031362538,0.00015823539682551242,0.006604239649624423,0.12424624264466211,0.013335969070307317,-0.0011370943024630261,0.03824849107032296,-0.0007890892173414255,-0.0005346835337415459,0.0008447651749221153,0.014361416778390926,0.0001358076127936582,0.0009482989173842883,0.003485097950204381,0.00028709062940699987,0.0010098051943500626,-1.7474328504537553e-05,0.00022129231528679282,0.0004602119360483438,0.0004033646952301534,0.00010798891852351266,5.3720312917474315e-05,6.557535591949613e-05,2.3137492786491753e-05
36,0.0001885408904174661,0.0001094579820925732,0.00016388123102310955,4.303950881352279e-05,0.0029038112212348122,0.006560770284957828,0.00011722652002931524,0.0015985373297453436,0.002299774858967833,0.0034458986550592093,0.00933268677564712,0.0008533808478267967,0.0009292087562161881,0.00033421914987802966,0.0016790574206105725,0.00031753750892187405,0.002138586230491307,0.003712688819127519,0.0001072890497320405,0.0022312266253629713,0.0001793814663456821,7.708529977747751e-05,0.00020372027063839544,0.00010937940360380924,0.00023478662723659227,6.58210160788282e-05,4.6656947862565525e-05,7.909404183084872e-05,4.109793919519071e-05,6.685609321326387e-05,0.00010003070428210326,-7.494063970266339e-06,2.8857934465904144e-05,0.0002875733524673845,0.00016394101642495533,5.0878032217249095e-05,2.0005966877737043e-05,8.538401515488879e-05,0.0008906875260405819,5.179282116834994e-05,0.008305757492215819,0.0036074930831643073,8.838216493851037e-05,0.005727050429135221,0.0023683077960054075,0.0007941381239005299,0.016346205898629073,0.0036322015808602872,0.0008129753607344319,-9.97615457033017e-05,0.0026746088578178625,0.006284801412297525,0.0036399876013951753,0.0007500829255608019,0.012754356617092453,0.0004967239157913104,-0.00026793132865853773,-6.082475501735204e-07,1.8102673981749094e-05,-3.7256405152906548e-06,-1.6336553109424514e-05,2.4982999905745162e-06,4.3160258774686534e-05,-5.115718892164259e-05
37,0.0029755048086645025,-0.00032254615184300903,-0.00020123426212877293,-1.5309355853631727e-05,-0.00028408242501120956,0.00017624419575120226,0.0037055145031218246,0.00014612496667417967,-0.00015051090147930943,0.009508774757746767,6.399201433978462e-05,0.0009214778439938762,0.0004471065285894396,0.0017561384274075683,0.002967284971154758,0.0003592249138776369,0.00510797458132439,-1.4921993446495464e-05,8.183569732808006e-05,0.00042440547375537216,0.00010154762328619209,6.221112787407106e-05,0.0008810916301244224,0.0007680833475259042,0.007588484054085337,0.006319850208724964,0.0017289200725656634,0.0011362185344450208,0.00974772372328937,0.008643642711856312,0.0005802524144040287,0.0006019321691818169,0.000981766270181266,0.0001203406480698081,0.0002478753372608865,0.011418648069785162,0.006698003946785858,0.0015338658382713663,0.004024387400108719,0.0012987976818937886,0.0012802767247481232,-0.0012714466061711396,0.00027542385619366654,-5.2376576135156396e-05,0.002984585501733736,0.0006122468455981948,0.0015969146283130178,0.0001767351940963312,0.00018561410578567532,0.000246527894958571,6.281555693107268e-05,2.7658628233449186e-06,1.4066258395953621e-05,6.782253914659656e-06,5.786906619971325e-06,8.781291572677961e-06,0.00023508108050828756,4.382484604500644e-05,0.00011498651624719502,3.759735818158668e-05,0.0011256926885782714,4.818371247847583e-05,0.00021254605104563084,0.00020396544501309784
38,3.362740188769012e-05,-1.2808237182448395e-05,5.506425305151996e-07,3.164068960257354e-05,2.304953752456676e-05,-4.438930519429041e-06,3.0204230090537312e-05,6.366537501180796e-05,0.00034303876195015135,1.0341648760843761e-05,8.541151282460087e-05,0.00031576344603567085,2.7627987085276124e-05,2.9423190076025048e-05,0.00041122353827076363,0.0007459358160381901,0.002330275581495792,0.00274590681320433,0.009152759106616525,0.0006369575123790531,0.003856182098388665,-0.00103483993596792,0.009312314911264644,0.004957553561299565,0.011755187914532363,0.000415816552897486,0.0006537964345832124,0.0009826455290702517,0.0024414456550418823,0.0022416172649392155,0.0016441430170668005,0.000549274843420552,9.114432506615757e-06,-4.944782012155881e-06,2.6803328129625234e-05,-5.070374285840049e-06,9.0433794431725e-06,4.1332206010272714e-05,5.094278843860072e-05,-6.187890767148172e-06,-1.3991741292667621e-05,4.948202274891961e-06,1.0746595441977644e-05,5.567799392208202e-06,6.7578432368350276e-06,-7.513094300840624e-06,2.7953894911976048e-05,-1.2095077097459212e-05,0.23755974874431388,0.00047495240420441967,0.005878489518183663,0.00043252953261114515,0.022789228495727263,0.0007086085315180856,0.012381718138838645,0.07338976914273508,0.0006446125574686712,0.0001785476339685777,0.00046409970436066966,0.0005340094680222133,0.001384976779628286,-0.0003956373529600504,0.0004330121991849479,0.00022011936569503015
39,0.0009075799410410062,1.6003553391957324e-06,0.00037819495067350253,0.0001454161673535636,3.97088267389198e-05,1.204123408438129e-05,0.00014795549355102152,9.937374270079436e-05,0.001614992956576514,0.0010340969566145397,0.0005868467261521801,0.00542749601209408,0.0011620914466097159,0.006128517491425229,0.0029688986799227056,0.0012973939224659589,7.620435758824514e-07,-9.958300290458628e-05,-2.4284788995553875e-05,-4.057850550303724e-05,-2.2972037929578684e-05,-1.3093421005498474e-05,-6.762254839144737e-06,-7.584470749983861e-06,1.0122396080126705e-05,4.01896687960047e-06,6.942802911638865e-06,1.5700096158565846e-05,5.229297316462234e-05,6.868976639291122e-05,2.4497085353290902e-05,3.3700738421340234e-05,0.003251832393735894,0.0026121245269254806,0.0010742521177556478,0.005632102805796311,2.8951657008181158e-05,0.0031035295754693686,0.001584485636415399,0.0007885829619695917,0.012026078507609218,0.02035132061811538,0.009240144305919679,0.011325912189989762,0.009245669416987234,0.028327588333696738,0.006102336365856664,0.00016581413418709204,3.7337195091484974e-06,1.2546741008936003e-05,0.00029736120109760694,0.00012991797119672735,3.930920109412677e-05,9.549870646478992e-05,2.4856968448861866e-05,5.780215783949486e-07,3.7428869995040454e-05,0.00010700658291374979,-4.140263348480537e-06,2.3526442466670848e-05,3.5192296360818825e-05,2.867704182524038e-05,4.946916640211165e-05,7.386437255018838e-06
40,-6.154510019583775e-06,-5.4586263566982635e-06,-1.7587126566673878e-06,-4.420709359184811e-05,-0.0001163524353115589,-8.266936024542205e-05,-2.4734120011062012e-05,5.140518762561031e-05,-5.8512160324343636e-05,1.6887274721157907e-05,-7.610776552743238e-07,-0.0004795862925242437,0.00010009332531053406,0.00024286226579146885,0.0007443776900701414,9.785277360854109e-05,-3.393698509125448e-06,-0.00014954746628096976,-2.6613315729772494e-05,-8.67672812495869e-05,1.9289739571166706e-05,2.0446872919024266e-06,-0.0005239159704791126,-5.508175259561933e-05,1.1482635418316988e-06,-1.167778386095166e-05,-1.4721115851957964e-05,8.239749031052356e-06,-1.6409694764355284e-05,-1.5897505476762905e-05,-1.3083228001182308e-05,-0.0001786127968933478,-9.68460696858858e-05,-0.0006282768799013271,-0.0003068048091798818,0.0009590576235501486,0.00020155055311432858,-4.192881732388195e-05,-0.00016385947239046692,0.0003052458246157341,-5.846121507305614e-07,-6.771390414581556e-05,-3.55806967089624e-05,-7.469602454512185e-06,-3.443786011581014e-05,-1.7246687565908163e-05,-4.477008126556911e-06,-6.558991816118288e-05,0.00033502103344250383,0.00042257271000975576,0.0001234404398149549,0.0002357614501305271,0.00011314496883756505,0.0003713035533787877,0.0006537187316365272,0.0003892703658256508,-7.952355452791442e-05,-6.047265153658223e-05,-3.909484580034654e-06,-1.5053240027365398e-05,-1.1121220124136035e-07,-8.249781048602526e-07,-5.953299154195705e-06,6.576168256953788e-07
41,-4.2649467530077876e-05,3.421290087779667e-06,3.043283977409925e-06,-6.016936941161001e-06,3.746763673852527e-06,1.9000096132213584e-06,1.689239805443857e-06,-1.0153054174280068e-05,1.661589339521985e-05,-1.1058929542230248e-06,1.1282071324344642e-05,5.155489684685809e-06,1.4469696885259053e-05,2.6780165805339274e-05,4.849571048354136e-06,2.058213004747402e-05,0.001981478690016528,0.002973104354736926,0.0007717003191484368,0.001178338411994904,0.0004340422885538867,0.00032547489091064194,7.812410785087115e-05,-1.2011951438579381e-05,-5.783648473733472e-05,-1.7698704518540578e-05,6.271806108490233e-05,2.4932297546810085e-05,-1.371993772950803e-05,-2.775752212261642e-05,-7.946915794629818e-05,-1.8152094095197463e-05,4.7968950481282167e-05,4.8955223206045045e-05,0.0005346734791293637,0.0040360397240535315,-1.2589268346820938e-05,-1.171269680714243e-05,4.321442376129402e-05,5.737372968483713e-05,6.778302960453112e-05,1.8936952602868843e-05,3.3764336667700246e-05,5.255548609668092e-06,-3.9039573676584266e-07,-8.196604577223617e-06,1.2887990592193199e-05,0.0005723875837853849,0.00013122226339655173,1.197255769403575e-06,5.413075574335794e-06,-6.686588233851141e-06,-2.4528090839950443e-05,0.00016156591367685254,3.2040306774403055e-06,-7.55815929856279e-07,0.00011816127133965708,0.001626533369298588,0.0023082384699849644,0.0010059696987237358,1.901741774358623e-05,0.0019420188335508364,0.004161417032390756,0.000897657654337852
42,3.5046099192977685e-06,-9.766909053054723e-06,2.42813404895181e-05,1.656171428696338e-05,-1.7104138019366736e-08,-1.0730214332247804e-05,5.374557371840331e-06,-7.203415070091833e-06,7.732821468874624e-06,0.0003930572829886225,1.3422353688831006e-05,5.3311163634396504e-05,6.998750614884019e-05,9.853935110648737e-06,1.7651882788009693e-05,-8.797566770059247e-06,2.576551986878913e-05,-3.25030872459671e-08,8.73839283549812e-05,1.4778811250141894e-06,4.3643173889466617e-05,9.375620828240752e-06,0.0006449333052458049,1.1626371183204451e-05,0.00019185291356076933,0.0008101629614378035,0.0008500474614569178,0.0003716579615120606,0.003500693308936547,1.8962111727947727e-05,0.0024439037704756922,0.009744448585886228,1.682825753686374e-06,7.050107653342862e-06,-8.978457998558734e-07,-6.90785974512692e-05,4.4199813883168164e-06,0.0002758122918459293,3.6980072777753397e-06,-1.4061420319928088e-05,-4.5182772257533006e-06,-4.56340012223151e-06,7.9479449802145e-07,-2.696954837975295e-06,-6.158421009530033e-06,-7.975713785530916e-06,-3.727097869191811e-07,1.8468430270019522e-06,-2.527130743696184e-06,-2.1930373047133066e-05,-2.3329863501263538e-06,8.830395361254506e-06,4.167614153065814e-06,1.8108582478565676e-05,-1.1223912736142986e-06,-1.7371144459226343e-05,1.496724343778924e-06,-8.26749863093129e-05,-7.671448793981138e-06,-1.1142317863732164e-06,-1.1873459040977558e-06,-6.124416791386271e-08,-1.1609850269179851e-05,-1.7383944319439445e-06
43,0.00015384238301560812,1.6286851975209667e-05,3.4381237962737326e-05,3.446644232795198e-05,0.00014924754510782303,0.00011649981728550713,2.4644104400937087e-05,6.381264542475768e-05,9.903577216381248e-05,5.800514803229239e-05,5.208153540298121e-05,2.1226404741732896e-05,-0.00010682087761601568,0.0002751122197027459,0.0005491319888464069,0.0009305207814295396,0.0002153063132240295,0.00041645064870908066,0.0005696226049770846,0.0008798650578172696,6.924628917694722e-05,2.4983097345107823e-05,0.00039588223360449346,0.0002735512242161592,9.755620208988598e-06,8.033733981587681e-06,-1.2098245994895411e-05,-4.392396870426088e-08,-5.0610314046354555e-06,1.975728468609016e-05,9.39659994600934e-06,-5.916145102739778e-06,1.1799536459003911e-05,-2.0414223672761e-06,-2.1058905070428273e-06,1.2315795605066642e-05,6.050439134882637e-06,-2.011817747936892e-06,2.473262311655551e-06,1.1393231275497241e-06,3.3243040330387355e-06,-3.83222364086993e-06,8.250105846462904e-06,-4.763010440223497e-05,-3.1503732227935166e-05,-2.5996835259786294e-06,2.1487214603218306e-07,-6.318167896998529e-06,-1.2690053124421277e-05,-3.0159520958292625e-05,-1.7151657359178902e-06,-5.671459336999132e-06,-6.880150815587578e-06,-1.2718858458581886e-06,-8.214930237648826e-06,-1.2336424506006405e-05,-7.159159525133054e-05,-0.0003304941533098105,-0.00015637592622238058,-0.00012114440698891223,-1.3479088815075123e-05,1.3631410540910074e-05,9.925886028367747e-05,1.0983635748399898e-05
44,0.001731040353030307,0.0003840754075516724,0.0022489823926299516,-0.000650186535081148,-0.00032539400212054463,0.00011888139622061573,-0.0001286797400583747,0.001568256136682379,-4.176058332697993e-05,1.1479548426446624e-05,-9.615988194536286e-05,0.00022651487855498653,-2.4824103141392835e-05,-7.02864896446794e-05,-0.00011589802332770767,-1.2866536987108942e-05,-5.736741448460772e-05,-3.87356758466967e-08,-1.1868486809311605e-05,-5.193260852091753e-05,-7.243622221486251e-06,-3.7764798541969675e-06,-7.0563748399795316e-06,-1.7352828683951736e-05,-3.8548476480009085e-05,0.00031770220120988903,-4.7764180961019405e-06,-6.32791310390646e-05,-7.068019549533159e-06,-5.142465290289769e-05,-2.3764923181021085e-05,-9.40648509843769e-06,-0.0006395337525599832,2.4575437895719178e-05,7.240631256797594e-06,0.0006404417857154941,-0.0001253473478524058,-0.00014447581822263,-4.61466028619709e-06,6.780197802958349e-07,0.056443938890851926,0.007282123681358355,-0.00015807400335409187,0.0002033403192712424,0.0073961989277687105,0.0008956912433314797,0.0017231203011258973,0.0009601471368068086,0.0006918157023674982,-7.487525083153163e-05,-0.0005555065225886071,-0.0007725498999855201,-0.0003842670326435346,-0.0019728246288285125,-0.00046178648831539084,0.00010707043534973428,4.293936233433562e-05,2.4895321428092613e-05,3.617072451105604e-05,0.0002469438960644396,-2.7513361682124353e-05,0.00016391964190108838,3.343997939777003e-05,0.0006276733772243133
45,0.00010473802516277342,0.008099730580570664,0.0002734440126773268,0.0001460915266156993,0.0002519319693955415,-2.7735161907843338e-05,0.0001039337296211124,-0.0002559721695825511,-3.2718498838774287e-06,-7.781168337263085e-08,1.9039416444218995e-05,2.1908343278881652e-06,3.7617170851427136e-07,1.0309860934978182e-06,-1.6056467200699315e-06,-1.674072874866713e-05,-3.825424068166297e-06,-5.869162385439406e-06,-2.382330206688631e-06,-1.3310890828370145e-06,-1.3430052810403062e-05,-3.059313458135025e-07,2.107669834478911e-06,-5.019638034944637e-07,-1.9108183213124617e-05,-7.128324628008796e-08,-3.55260657080237e-06,1.3966710674566106e-06,-7.635297379410658e-05,5.288949692403009e-05,-1.6628595816086675e-05,-6.011381485500228e-06,-1.4981688469803626e-05,-7.816242976244969e-07,2.2746102885821077e-05,-6.544513174579587e-06,3.4126853450303794e-05,3.964425974763161e-05,-4.0480828899804354e-07,3.4997760797642898e-06,4.496013603036563e-05,7.3673165459076635e-06,-4.0640911882439286e-05,-9.875481918602092e-06,1.2397526045289668e-05,-3.8158360351842586e-05,-3.8525771697064575e-06,5.060994688355931e-05,4.339868865110622e-05,-1.4135118367726854e-05,3.8668468108767314e-05,3.764363199223731e-05,0.00017375416680887645,0.000339297260001717,2.44204161111098e-05,-7.136455307050085e-05,0.00010997245626253437,8.041047299784038e-05,4.421318002140643e-05,0.00039755224820065124,-2.821825777969241e-05,9.560202042921386e-06,0.00038225622318114043,0.00017006298734709515
46,-9.719443375455309e-05,3.3978799285987665e-06,5.496116503335781e-07,3.2507069550091183e-06,5.567139911324367e-06,-3.5350208846456182e-06,1.4943540254443004e-06,1.969866290790027e-05,-1.8972276488971723e-05,-5.717784550444874e-05,-2.12891796961036e-06,-7.689603582484773e-06,5.2577261675286996e-06,8.661991904594106e-06,-2.4313769438123634e-05,-2.039548424810594e-05,2.667104501991257e-06,1.0521896748354985e-05,2.2082266887088923e-05,4.1365189939583965e-06,-8.38484329830087e-06,7.638172546606517e-07,5.223003863568572e-07,1.8239913789316465e-06,1.7492370319865042e-06,1.7690282368675715e-05,1.3241588142984165e-05,-3.527937466850054e-06,1.5742879098249815e-05,2.721106807240331e-05,1.7152391684775433e-06,5.236588887320783e-06,5.366700087827952e-06,-2.0921247262135344e-06,-4.462894953227945e-06,-5.310100529393634e-06,5.685510375085711e-06,-1.2391258858657978e-05,-5.9344749996569596e-05,4.108952834264456e-05,-2.0149657453344915e-05,-5.264009735275301e-05,1.479493252159133e-05,9.596356281824956e-06,4.466550200160846e-05,-0.0001113970140510671,-5.754662382503466e-05,2.712511243562407e-06,-5.592002481826689e-07,1.579258023246159e-05,2.4767435799046994e-05,4.1340566024895066e-05,1.0299625565733408e-05,3.687821616721127e-05,1.325850446310733e-05,1.2474652828817278e-05,-1.9202179715343684e-05,-1.3214992846474054e-05,-1.63383352611878e-06,-4.375392713720209e-05,-1.915390910389565e-06,7.699622890550063e-07,-3.616828711490108e-05,-3.5154313368717807e-06
47,-5.465281888605339e-07,-1.868800774859777e-06,9.789774822770055e-07,4.465857674625459e-05,-8.242583245466087e-06,-0.00011075324773608047,-1.8264280690021388e-06,-2.7757745244630708e-05,-0.00010872771786956601,-0.00011941909202578606,-0.00010419773097468442,-9.90205885696746e-06,-1.1039061091944094e-05,-5.036859947501563e-05,-7.441094804659528e-05,-4.102702593604437e-05,0.12873361976513634,0.012697800621107907,0.02215004762616277,0.00015951497614428487,0.02588195833317523,0.0005086138449083778,0.027082533615841117,0.0003523130232497869,-4.232158267289597e-05,-1.2277466632631999e-05,-4.160157923808561e-06,-8.711691626640436e-06,-2.1129619214369442e-06,-1.2315660037260788e-05,4.93316413372527e-07,-1.3391423046901732e-05,-4.076540831636446e-06,-1.4521170286082751e-05,-0.0003174332007935217,-2.602534686366716e-07,-1.9392511264403775e-05,-2.549038642143004e-05,-2.352751288746437e-05,-6.58953863169858e-06,0.0014373800852155833,7.230150453333636e-05,4.709557749449002e-05,0.0006711056189070607,0.00034954958652527366,1.0825014356140546e-05,6.785582033655202e-06,1.4597014824126003e-05,-1.5039491192512907e-05,-1.4172797744430943e-05,-2.2458896843022944e-06,-1.6212032668691032e-05,-2.9231867187395072e-05,-7.641759444763156e-06,-1.4937267419146881e-05,-3.0181166617776e-05,3.63339001342486e-05,0.000537873037481416,0.0007898691841108128,-3.568289223902888e-05,0.0003079116751155286,4.518352917778902e-05,-0.00032095876582379195,-0.0004818032780228672
48,2.5877707875792264e-05,-4.2301730462509585e-05,-8.575629564376202e-06,-1.269641068959576e-05,-2.103927598205872e-05,5.492981497849846e-07,3.6359016894382776e-06,-5.501033660584828e-06,6.043434233445009e-05,7.430869602994391e-06,-2.887449562662197e-05,-0.00011187918354291832,-2.438939650280959e-06,4.982886450410614e-06,-1.3691337159224517e-05,-1.093011470885488e-05,-8.053620083935757e-06,4.618501373994841e-06,-5.426138097177163e-06,-3.928834059817667e-06,-3.465517530665403e-05,1.5819582232386133e-05,-1.679842697118978e-05,-0.00011494796415275826,-5.498090003410455e-06,7.75343342383981e-06,-0.000142604971221217,-1.9991209757323777e-06,-2.9536538882341697e-06,5.960701721196705e-06,-3.898390614688467e-06,8.182120710680074e-07,0.0007616644831115857,0.001106317157181395,-7.859873355926309e-05,8.999849468402037e-06,-1.9520498569304937e-05,1.7312517032383715e-06,7.506945171168282e-05,4.534364040373122e-05,1.404087050020731e-05,-3.7470319851289254e-06,-9.234698095314579e-05,-2.1729643729891052e-05,-2.6046551927824527e-05,-1.0910858431942538e-05,-3.252596996153967e-05,3.748142511398134e-05,9.036513781167576e-05,9.063313559113927e-05,0.0028538909303680933,0.0005819605687425498,0.01109781131498555,0.0002750939858330239,0.0010799911661162388,8.690117140262807e-05,0.0015028267759911661,0.00011221961689501252,-7.32205328026726e-05,0.00018147738979475548,0.0006687319396209129,0.00014113227556472618,0.00030444877630295884,0.00016616306312161822
49,0.00039201437116482564,0.0033231633824774265,0.005181591288441504,0.0014891014395562723,0.017725596742434787,0.006125728771305156,0.0008914376452983117,-0.004207420927543727,-2.6860952919586647e-06,1.1223996053867759e-05,2.177075466664979e-05,-1.5530746551603896e-06,-3.3100687074693824e-06,-1.7424428255110266e-05,5.658368570862594e-06,7.290221959736604e-05,-4.399152666079612e-06,-4.804830283626927e-05,1.8106803151119552e-06,-1.1096710594788622e-05,-1.3034484314589664e-05,3.9633741945455e-06,-0.00010165667346338829,-1.1224560919723527e-05,6.583638607880116e-07,-6.790090016199469e-06,-6.371621858720864e-06,-1.1805933564784761e-05,-3.276087789933984e-07,4.51482307106496e-06,-1.7736341530306753e-05,-1.2270845698762453e-06,1.3931700289021984e-05,-3.1605374189491187e-06,-9.371007568823847e-05,-1.8887419516202255e-07,8.719139382907799e-06,1.719276123511167e-05,1.0949529148219715e-06,6.801527137553743e-06,-1.4665414430228276e-05,1.1997262102079493e-05,-8.781658735483016e-06,5.650614374869618e-06,2.540279408581986e-05,4.657321779720715e-06,7.659877163946622e-06,-4.14100840653829e-05,1.5245328309227549e-05,5.6198969698007795e-06,4.372008037529906e-06,1.5269366175586982e-05,2.582141616924024e-05,1.9769930620372046e-06,2.062015681667946e-05,-9.099359061337285e-06,0.001260219332483161,2.387907550902121e-05,9.668187447981954e-05,1.2150490437620064e-06,1.2456534756600357e-06,0.00013549875544272613,5.025192360881324e-05,0.0003697623620890008
50,1.211983799211077e-05,1.6002173707099933e-05,-9.71182898376495e-06,1.9168306122321396e-06,6.283813461920888e-06,8.892428929184973e-07,1.111042271336328e-05,4.9152265361437495e-05,1.1241689064538311e-05,-6.884923932045641e-07,-1.9821114527446367e-05,1.1562705152949812e-05,1.3539659380457255e-05,-1.0780867265428048e-06,-2.7077612866047308e-05,-3.837268740232598e-05,-1.5394656246048542e-06,1.1687928851666934e-06,-5.614591467279147e-06,-4.056325694933594e-06,-2.8506039985658672e-05,1.0991511390548518e-05,-5.226216538098092e-07,-1.0770141875045534e-05,-7.705854773068671e-06,1.889866034671561e-05,3.482842813665045e-06,-4.135532596962838e-05,-1.763103923804835e-05,4.31646873229725e-05,1.5083684884661897e-05,4.677031361485963e-06,0.0021619692817612724,0.0015283903450203104,0.0028074087294057224,0.0019249429840134157,0.0018245229854829534,0.004766061913343516,0.0014349190098847072,0.00813256022241461,-4.953927190308495e-06,-0.00016112197430591334,1.0514949604451693e-06,3.356336869462147e-06,-1.243187553779234e-05,-1.7503195973933934e-05,8.661124835506933e-06,-1.0544209655606263e-06,0.00010416058539621069,3.366347986969921e-05,-7.352416796881708e-06,3.827000043896459e-05,7.975141011557226e-05,-0.00011924754226632483,3.1397116622569245e-05,1.125487303354045e-05,-2.0070989998205763e-07,7.789791014447346e-06,1.4861871949461877e-05,1.24479487956739e-07,-2.008365287845984e-05,1.3644704658754295e-05,-2.6044199261541776e-07,-4.442903644618082e-06
51,0.0004673628666077284,0.0001992776233016573,1.1427462146172635e-05,0.0006440598136371833,0.0016745980532445923,0.001269972712999038,0.0009256213609696906,6.403827508791334e-05,8.346300806576099e-05,6.882348143754584e-06,5.551224815926463e-05,2.7723881536760596e-05,1.1593716994343757e-05,9.285829752311138e-08,2.0929062181206692e-05,-6.129661570721355e-06,6.171386799096049e-06,1.2026468490991804e-05,3.715652557282941e-05,-2.2441239136467905e-05,9.251559341017625e-06,-3.0964121527523474e-05,3.4357355434479656e-05,8.432599881806479e-07,0.00470133185657793,0.0011028811459834096,0.000821530186289445,0.000686019907583334,0.0020422179469382594,0.001385325324454029,0.002407997643251683,0.0044445365644748555,-7.910759861129686e-06,-7.691817856630137e-06,-1.712965300988764e-05,2.4867421291470806e-06,-8.742520592716989e-07,-2.7052618964227423e-06,-1.1348964150789607e-05,-1.4905273417251798e-05,4.497486773180651e-05,1.6484371442246803e-05,-1.0239888177511974e-06,-6.125419428169639e-07,7.25121896112266e-06,-8.169496664950324e-06,1.6408593275945497e-05,9.404135256484374e-06,9.891867264823288e-07,-2.031388937568221e-06,-1.741878524524352e-05,-5.20804904011453e-06,-1.78276210277718e-05,5.442310488974173e-05,-7.18572347158721e-06,-1.0530380327380994e-05,0.00016128013674466374,4.867842199225803e-05,-3.9861815006469156e-05,8.82231890929301e-05,0.0002688475862608613,-5.307045734859604e-05,0.00030492997422554145,0.0001225193130689837
52,0.00029234365589063816,0.00020560439198734427,-0.0004043994842830094,0.00022897564885831516,4.856264708709191e-05,0.00020232753739201498,0.00015013585314775893,7.495230983115259e-05,1.2495984987743434e-05,2.9285701727485e-05,8.61197868199364e-06,7.105187722639731e-06,-0.00015438960934336434,-6.5568724394388346e-06,-4.738793793819379e-06,-3.805754309445234e-05,0.020324434268827057,0.01686674306752376,0.0007066676298536154,0.016254213427485075,0.01190684861175213,0.5743919991470812,0.0780867228822513,0.0016572480404169084,-0.002014224686525012,-0.0006453633037275054,0.00021337260795055064,0.0017985482393023259,0.0029196730158923697,0.001710290435229943,0.0002634296641375087,0.001922064156492521,2.473900115810479e-05,5.1954600160722624e-05,-4.4390367142084794e-05,0.00014015637377701214,0.0187384662888464,0.002319577553219809,0.00022814557848777886,2.7835236366627585e-05,9.684646226766928e-07,3.4679840174109664e-06,6.2074012336982726e-06,3.913157620241804e-06,-1.792432323788221e-07,2.2500089685335685e-06,4.333045003177213e-06,1.2198941806122416e-06,0.000872590060122,0.00027608565302668386,-0.0012603261599132213,0.00018475502390497014,3.063290678613887e-05,0.000861317936085312,0.005282842520966137,9.951060969690446e-05,0.004350727484748614,0.00014540905004381294,0.08996547108983524,0.0002535755793374074,2.5061167454609084e-05,0.01963244585307644,0.00017368395539555702,1.8401386341962052e-05
53,0.019079689910865536,0.055937261270518734,0.01800311361866706,0.008401926400717501,0.01200085629831217,0.017482934529533704,0.013718027884170265,0.007275570152924762,3.173566191055016e-05,-4.636426685748225e-06,-5.440005553862583e-05,-2.346212684068827e-06,-2.228969692550693e-05,-3.6604366377508445e-07,-8.093791931210572e-06,-5.557256171067981e-07,0.004887100758201878,0.0007371286084201854,0.0001530105232559705,0.00010395912316551145,0.0002290753137893594,0.009746406320553099,0.00027189295035675963,0.005403540977661669,2.6423421951735663e-06,-1.9044049756372842e-05,-1.9821594663418375e-06,-2.0714353846273647e-05,-6.430088651843216e-06,-2.5697989450023427e-06,-5.097500838683766e-05,-1.1724112746025603e-05,7.928361928399341e-05,1.3071250020778016e-05,7.693537873148758e-06,7.994128412327941e-06,8.422605427853194e-05,2.3018328686207262e-05,0.00010800057735471685,0.00016511832113244023,3.300714528948911e-06,3.4940328062076558e-06,5.801827551470351e-06,-1.087727715699394e-05,1.4600562181678996e-05,4.79382937992787e-06,4.5824812907343263e-07,1.5357495133763114e-06,-8.915625145435169e-06,-1.1201318102047456e-05,2.189203136521998e-05,-4.879569661626312e-06,-4.554581154105344e-06,4.313915256210398e-05,-4.163732112493245e-06,-1.1814797722178201e-05,3.6566492122080017e-06,-2.3142028659287173e-05,-6.632341341686898e-05,2.308670569767857e-05,1.782611566027025e-05,-5.898833658950062e-05,-9.43351392947858e-07,-4.551208340100251e-05
54,-7.828369940020667e-07,-4.6448410687065986e-06,4.852086819645535e-06,-7.333836946819664e-07,-3.2949048836529515e-06,-3.1023308171551313e-06,5.108257014249519e-06,-3.5124912101091234e-07,0.04162196050185521,0.0007230915564131432,0.0003672775793382803,0.04930569169374919,0.0005264365374815964,0.059588906980085045,0.0008741740569460956,0.01050093690945941,-1.1173498458826189e-06,1.3936045519589596e-06,2.6517457994557145e-06,-1.902646124588238e-06,-2.9849036793713154e-06,-1.1599361416374791e-05,0.00046642143858300944,-3.346957836845166e-05,0.002238486326490947,0.0003660405061749207,0.002045974982697641,2.5176065405535938e-05,4.246367185380733e-05,0.0001932434664249652,3.683319071009018e-05,0.0010468260052531285,3.070161141980118e-05,5.06740309145502e-06,-1.1870285200973279e-07,-1.7906840639292635e-06,7.689623352791196e-06,2.8288705024502874e-05,3.468297517958965e-06,3.901117504591888e-06,3.3089700433845422e-06,-4.616240498420729e-06,1.8389970403082719e-06,-4.249340356796046e-06,3.4806271273589116e-06,-8.019620808258847e-06,2.5743828313968866e-06,-9.314877978771402e-06,1.8343308953238926e-06,-1.4586357923726872e-06,3.268061752252596e-06,2.573218148616345e-06,7.786075609302322e-07,2.1445654598122342e-06,8.423491419942036e-06,2.73474153920277e-07,1.440747973591477e-05,-2.0238959920331254e-06,2.9694178820198313e-06,1.7118464429506593e-05,3.1972536993704445e-06,6.349024400283625e-06,2.7700738982794717e-06,1.3161394137879753e-05
55,0.006949508886069757,0.0003410030080117106,0.00038089663626299,0.005887558281286091,0.0006719519687114662,0.013679190464684958,2.5695236435071063e-05,0.002788294437168399,3.0421951984789607e-06,2.3627872603511773e-06,2.9094750238142633e-06,1.5752446513631016e-05,-1.521963538591824e-05,3.7402034630549463e-06,5.8124060767261445e-06,-1.6177263763315259e-06,0.0018762196890778145,3.4700570750901554e-05,0.0011671495491849134,6.680454073121852e-05,0.000964143517525287,0.0008723595722594686,6.584053784269637e-05,3.741229400659671e-06,0.00010320299655944919,1.8431866503372594e-05,6.755047150862911e-07,2.9768594247628685e-05,-7.166135335978593e-06,1.420631405979851e-05,-2.406300289147396e-07,-2.5160417209255824e-06,-3.58435626817016e-08,-3.281100974378997e-06,-6.860482892679691e-07,1.5444409630347214e-05,3.19299143347141e-06,1.662205325733848e-06,-8.345061914541315e-06,9.22651036477742e-06,-5.255481390631565e-05,-9.821275979210216e-06,2.5775676156821525e-06,6.7643928563990325e-06,1.5882814728099518e-05,2.2070324210795167e-05,-5.246507931695421e-06,3.297040782659862e-07,2.3259424729452565e-06,3.7123791596665574e-05,9.215789916977378e-07,-1.7159607846054435e-06,-2.7624686856527833e-06,4.2514487185917825e-06,1.0983784025684291e-05,1.5006570810614433e-05,0.00012258737940422409,0.00017558220121514616,0.0002950734492049591,4.317691666867895e-05,0.00032809437722125105,-1.561727552724775e-05,0.0001620325832497011,0.00016766109866025362
56,0.0046598615295693575,0.011693529327138073,-0.001817683996442051,0.013468546972209708,0.00351039223638423,0.00027010642370552113,0.0006110545719456168,0.0005530143344465531,-0.00030818945354725016,2.6716477180446188e-05,2.9766860109462317e-05,0.00016333100649332632,0.0001892863664778909,8.337600742713277e-05,3.475346196502022e-05,0.00015105369237446934,0.013423027280065667,0.01626323117190369,0.006420619475109456,0.013087983742367597,0.010879587413145791,0.012175288590813696,0.024766433320323838,0.010104060986441493,0.00028792289710568436,-1.7053435660386782e-05,0.0022773988505400337,0.0192166511265955,0.003417588459713335,0.010707985098566221,0.009109314867183057,0.007548087333711011,8.669258903787813e-05,0.0018343020786924526,0.004057550403184289,7.017893353737234e-08,-7.919012551235177e-06,8.410959871000138e-06,2.0437479199920085e-05,0.0001926484141411217,0.004989535859175212,0.015120793238474255,0.03747726047102297,0.010288471159743394,0.012617336519746005,0.015622122257021542,0.004226901523989199,0.00737467916559504,-5.861385594813301e-05,4.5933726104561996e-06,3.0470841124345736e-05,-9.764165923257515e-06,0.0002466051573098994,0.00020351999180166525,2.7231216837367524e-05,2.537423164397672e-05,6.400948281627508e-06,2.088782979829194e-05,-1.3351655078710206e-05,-7.599781438920501e-06,4.2376281457741095e-05,3.195886724007241e-06,4.385792882583379e-06,8.644749374438839e-06
57,0.0004579864549672949,0.005726003348601411,0.010068635673031283,0.00045111649998034786,0.016298066539417348,0.0002641546807567483,0.005161625765958816,0.00010065231090969183,0.011965849301957831,8.670675304913633e-05,0.0001909725814266915,0.005648668468495584,0.0001012015469242295,0.00013628947725794876,5.675130965042636e-05,0.0074747911088840786,-5.294883043319765e-05,-0.00019517046109214677,6.857534999010116e-06,2.520610073508953e-06,5.062443569265985e-06,-2.031148728364004e-05,-4.4171447732214505e-05,-9.183831748759502e-07,0.0005047428192199394,0.004483395042159144,0.0001262522403537723,0.003993733621529329,0.00010078016829544817,0.0016821423563837925,0.008884888060441784,3.533695144486019e-05,0.001426079853454081,0.0006182036045557426,0.0006243547225558825,3.168714417030056e-05,0.002923710496250293,0.0003009630851532269,0.0001304393084868002,0.00024440016956199057,1.946345276684607e-05,-2.120681095746405e-05,-8.480068383746426e-06,-2.9701041940304283e-05,-2.1025044186895316e-05,-4.8633164940141664e-05,-3.9032639948311214e-06,-2.1410895577876632e-05,2.6899013580741652e-05,3.804423767929526e-06,4.071406201036446e-06,0.010353415368451052,7.431961488687303e-05,3.2318428362106594e-05,4.6749902187279015e-05,5.177931663797864e-05,-2.1618082723985724e-05,-1.0891760317458757e-05,-4.793035037324888e-06,-1.3062296897011438e-05,-2.178091660333722e-06,2.192203421498638e-06,-3.187289465729683e-06,-3.636031326152009e-05
58,0.0009457054826868027,0.00016742578684334812,0.00012761923831190668,0.007524563291924211,0.015586099451107,2.565753022723697e-05,0.00942016167564768,0.0035345752506747777,-9.124454639011107e-07,-1.9603386984452827e-07,-2.7846920616796017e-05,-8.310478708794447e-06,-7.121628143281674e-06,-2.352878665996264e-05,-1.2253620820662359e-05,-1.1793369536056486e-05,6.796183506617833e-08,-9.75059784547764e-07,-5.832479290883849e-06,-5.918073413540634e-06,8.836987345754775e-06,-2.5025654338451367e-06,1.0771677604084941e-06,8.36121213535453e-06,0.0004546103082523817,0.00029388411285481334,0.0003747646050800243,0.00043821065962721333,0.0001484178701434013,0.0004562253444550878,0.00015489744633955741,0.00035708830878985705,1.3515059472575033e-05,2.1638316218792772e-07,3.687335902695595e-06,1.886979570164819e-05,-1.720927367614289e-07,-2.595608018851905e-06,-5.504238568216159e-06,-5.377878218188773e-05,-2.817724569444888e-06,4.497041094022322e-06,-4.549570087909365e-06,5.5014686072919e-07,-3.191385449243754e-06,1.0398235962845504e-06,2.9959002053566937e-07,1.2905836116643996e-06,-8.199616018299302e-06,1.8599501742474865e-05,2.2973450094217107e-05,-3.2072249938358948e-06,1.2580534108574668e-05,2.9427883405182902e-06,-8.227886848143902e-06,-1.500639429003458e-05,1.4648311704372326e-05,7.773648560544232e-07,-3.093143274068383e-06,6.686506328301798e-06,-0.0001372979887513361,4.812066780064493e-06,5.350313329442079e-06,0.00031647757204126496
59,-4.766076814504525e-07,1.333942008433941e-06,-3.7223388743816317e-07,2.290371634557538e-06,2.7527268679419782e-06,3.628684116006681e-07,6.204585377421284e-06,-4.101324320923819e-06,-0.00012879203538988798,-1.3615995351794976e-05,5.885906421476731e-06,7.955869483260902e-05,3.780183962025815e-05,6.687635353921635e-06,3.440674165598289e-05,0.00030186489913570404,9.288761406073151e-06,1.2829340570706556e-05,0.00026059206052653124,-9.848369769833042e-06,6.72586829916177e-06,2.4306640831058192e-05,2.046979235102267e-06,1.3685496446304667e-05,1.3488262236527819e-06,-4.75398162443411e-05,-6.158553046920489e-06,8.435644508762305e-06,-5.975444719959078e-06,-6.527421463611571e-05,-2.410063990325421e-05,1.2447383929779707e-05,4.672712962042846e-05,3.219561099192004e-05,0.0049386301033419126,0.003107651785705197,4.087702863318688e-05,2.3290526243296937e-05,0.001528548778594669,2.470547566366537e-05,-1.3432227543939386e-06,3.17073324758777e-07,-0.00011389360814676614,-2.4026159516233396e-06,-6.041773386617105e-07,-2.1011654041855715e-06,-2.0290142415235353e-05,9.902769175778013e-07,-4.785069016639325e-06,-1.069637251292936e-05,-9.690108479560894e-06,-0.0001088011108898084,-1.6822474722702586e-06,-1.0141319086209261e-07,3.428616821539524e-05,-1.7841825991801572e-05,0.000813429241744382,0.00024283357060615155,0.00013163651906693928,0.00015708679860066554,0.00039633283839251134,4.069762441405095e-06,3.7638683767370064e-05,7.641369687326851e-05
60,-0.00015427156367746588,2.361096334421115e-05,-5.364850152161963e-06,9.437671342159969e-06,9.970195800448074e-06,-0.0002030202888737524,-2.432966476321667e-05,3.1737411582513373e-06,-0.0001893388764075577,0.0006022993771753317,8.471010477367035e-05,0.00010327374600749528,0.0001834301197501691,0.0001495288934917282,0.0008822421940824513,-0.0003881512310036766,0.009945270733186202,0.0177693390502814,0.016357357389914257,0.02314984156743788,0.03354051783737402,0.02042488757184819,0.018523710889288475,0.04292242241411882,0.000291453698442412,-0.007924140448638938,0.02429319747566182,0.0023673901149411387,0.002971366194724312,3.6742306618723326e-05,0.0010017105085186383,0.0022894226754588357,9.74666849738915e-06,4.44247505265217e-06,7.765812459002096e-06,2.857661997395192e-06,2.814449759664613e-05,1.4076280528347631e-07,8.995615798843207e-07,7.157717422609075e-06,-1.881927198153324e-06,-6.436435272739159e-06,-7.91778566260694e-05,-6.044810811528104e-05,-8.44192016827814e-09,3.952696111682551e-06,-1.6976075869694557e-06,1.5993627639793162e-06,0.007701340184417794,0.0005227836177961761,0.0016945680494648264,0.0013772821995776318,0.00022630150612779195,0.0002259504307030329,0.0007077638085273366,0.005563821460009525,0.009471420314476472,-0.00022485131472688028,0.004145816476892756,0.0016120433174723239,0.004405421773261242,0.0001363452394027589,0.005982724801440234,0.00015952101173592346
61,0.0016454507267050348,0.0021708146291216537,0.0021900614614826543,0.002541538980352417,0.0003705271904535389,0.0035452824636695085,0.004634747819705295,-0.0004398564301809637,-9.85156196798417e-06,-1.0184570158449784e-06,-2.0908402212644027e-05,2.6683606224316423e-06,-5.633200972796197e-06,-9.920283547624482e-07,-6.072879843040081e-07,2.7137285294699734e-07,-1.2712870880544483e-06,-4.108696526383883e-07,-2.170288038579512e-06,5.501539215524008e-07,-1.4507908648034803e-06,-2.17759669663033e-06,-4.811179940676293e-06,-1.599795415918075e-05,2.1112445880280394e-05,9.279967856911229e-06,-3.169918428595103e-05,1.712487989343108e-05,1.561529284810218e-05,3.0653713619822136e-05,3.949745393684858e-06,9.261269385022794e-06,-3.954699267211228e-06,1.5328969408202393e-06,5.020694334096006e-06,6.874480974592695e-07,0.0019906306465617423,2.3271752926681553e-06,4.4077047350918905e-06,2.5437646308927045e-06,-1.9272823957122754e-06,3.071266160804635e-05,2.5183096573242553e-07,1.3060887556710817e-05,-3.941434804826691e-06,-9.961635258452652e-07,1.3517239854149228e-08,-8.531433753977387e-06,1.4000595564903664e-06,0.00011522402539227163,2.4854309342854325e-06,5.9916846132163845e-06,2.791033810607087e-05,0.0017416463194695967,1.9823402234132251e-07,3.297396506929987e-05,-7.217950480645025e-06,7.267305634524306e-06,-1.3260639656029001e-05,-1.4055159841084033e-07,-3.997603829574068e-06,-2.2749831000449126e-05,-2.8541660426328462e-05,-5.041888100889545e-06
62,-5.373711485225834e-06,-2.0774161842754643e-05,-2.6636277526676878e-06,-5.915441844747861e-06,-7.195799972314725e-06,-6.385314206990263e-07,-4.5438621184690714e-06,-2.820957014287672e-05,7.76133872144944e-06,2.793352020067053e-06,6.802378672825513e-06,-2.3650679062298605e-06,-1.311731483106566e-06,-3.059722703456105e-05,8.168790229594643e-06,2.384694170281004e-07,-6.904911145376865e-05,0.00019728997333922225,8.705610845730149e-06,-1.3284599853341087e-05,0.0006222014539254392,0.00021634820828932432,0.0001236866140022106,0.00015758839947784253,6.020249879386934e-06,2.670689140692465e-05,5.885669177819406e-06,0.00013967361117602,1.2431614287337075e-05,1.0078282881358814e-05,8.817407683133799e-06,4.565624281526678e-06,-1.8021161014876022e-05,-1.6559056593120645e-06,4.755359897113274e-06,-7.180970125423265e-07,0.00034509100997149564,-4.40763977551848e-06,-1.116636985174074e-05,-2.188290313301921e-07,3.167558701495193e-06,-2.955205151083977e-07,-2.849274304348702e-05,-2.119952136363408e-06,-4.2765584179074815e-06,1.8788229072518247e-06,-5.568653751809832e-06,3.178443666476914e-06,4.0226003792041875e-07,-9.695114603176276e-06,-5.712191813630363e-07,4.068242952260693e-06,-6.246749788994479e-06,3.0128402498473604e-05,0.0001045172981821867,-3.1841615210696803e-06,-2.2731628198347694e-05,-9.699217294474995e-06,-2.756111826563646e-06,9.636314892237842e-07,-2.543184584270742e-06,-5.839231556070459e-06,-2.3851848974925626e-06,-8.160351486798563e-06
63,4.476239908996941e-06,-2.1336084744330416e-06,3.2046816853337487e-06,1.8627965332789856e-05,1.7641890310896974e-07,-4.392227693161011e-05,1.048535345809602e-05,0.00014990907080522135,-2.0464030719324687e-06,-2.1969419399195e-06,-3.827193792883606e-05,7.33045198819669e-06,-9.141068755902777e-05,-7.796704972485744e-06,-0.00013048052109941428,-2.164150771089443e-05,5.819493731012692e-06,6.159678542134575e-06,0.00013457043230578474,1.5010918865516022e-05,4.9820978976809395e-05,4.093331469108478e-06,9.283926154375852e-05,2.7505648438907013e-06,1.9989119753687464e-06,4.370444771279415e-07,3.722585297108809e-06,8.193126768777549e-07,-1.3757690538769961e-05,1.4899021764431555e-06,-2.603992746353511e-07,-3.1370319386519085e-06,0.0027901146608920973,0.00023951253785247194,0.0005102474369543585,0.0011441080835933825,0.00020329470070497066,0.0010768746995311331,0.00029211066002371954,0.000120310755368881,-3.3893561028816807e-06,3.581934405872806e-06,6.025421226266432e-06,-4.524313523470644e-06,-8.38494779848469e-06,-1.1350931296123186e-05,-3.336970443702163e-06,-2.8545464797848452e-05,-2.3284448286725403e-06,-6.445386278256967e-06,-4.398195218461234e-06,1.3956243004240208e-06,-2.573353151555552e-05,-1.473335225849701e-05,2.5082698728747895e-06,-2.994212668609519e-08,0.0057483285191024785,4.3395190719304885e-05,0.00012692112060455922,0.012267395616752618,0.008742253467655253,0.0008548200582355265,0.003539949678127471,0.001116801654867727
64,-2.48742971210573e-05,-3.5852692326509588e-06,6.393932647735875e-06,-1.9981465821380754e-06,3.260532796517271e-06,4.152513876657453e-06,-4.950876914703752e-06,7.672526981677694e-07,4.920531191366358e-05,1.2073030383229259e-05,-1.4506531787465387e-07,3.830873329047903e-05,1.429033785538627e-05,-6.183340772702877e-06,9.307392800141798e-06,-7.986719631805411e-05,4.881655428777763e-07,1.1231933831268823e-07,7.347697342688112e-07,2.1185415251134884e-05,-2.5373625825352736e-06,-1.0254777688321245e-07,-9.080657765120916e-06,-3.862561173651085e-06,0.006974896578467008,0.007920871728111884,0.004430431954511824,0.01367254199359885,0.008647439062279041,0.004727930982877486,0.010011437176031264,0.01092017564563881,-3.4886805610370356e-05,-4.463438636610301e-06,-1.6136651673693835e-06,-8.317153481448393e-06,-0.00010954869954851685,-1.195723923816757e-06,-3.773384742365214e-06,-1.8689103588355298e-05,-0.00023301321959477426,0.0004020295783007493,-1.9044000330624436e-06,0.00552863456517842,0.0037064360704631674,-0.0010807172559806123,0.0005212460981344433,0.0015339912384906612,0.004701093166863223,0.0017437840994783554,0.01378740741955321,0.00013603912871203822,0.01775524718369201,0.013432368218130555,0.001999816856572258,0.0034511870873344948,0.0003253364535874728,6.29094489330957e-06,5.0248548535344734e-05,4.2598556170776684e-05,-4.306690904387405e-05,-4.522791633649435e-05,2.7028362212349066e-05,-2.639931630147884e-06
65,0.0001849958262179569,0.00023470926320940275,0.0005454294061552303,0.0009506408512095251,0.00026153478774272517,-5.7468017092973744e-05,9.037171285020042e-05,0.0002662442325190014,1.5433038880736472e-06,-9.451812052699632e-07,7.243733782493972e-07,-1.552780924917081e-07,-3.57612758490778e-06,1.933997591577471e-06,3.801171552782788e-06,0.00015023843278660277,-0.00016518091956623562,1.0575404372334549e-06,-2.6227309000681858e-05,-3.065177895427808e-05,2.1069010520538275e-05,-2.902896454878129e-05,6.404816200552627e-06,-5.2797305168207927e-05,4.50289592858326e-06,-1.4276447804067252e-06,5.429342298727103e-06,1.751913366397123e-05,8.423354157541268e-05,5.549312745020181e-07,1.4938877286828506e-05,-9.140009632425649e-07,-5.2832662946259383e-05,1.1155787089991132e-05,1.2453495778306025e-05,8.735665592552584e-06,5.357446455431072e-05,9.009538329937181e-06,0.00012122681809248698,0.00012605276362655284,-6.4552403630567246e-06,4.207471087631715e-06,4.5242453159206026e-05,9.080774974786253e-06,-1.4509003075595527e-07,-2.26814539889792e-06,-3.833654163640308e-06,2.259153299389116e-05,2.3017118461119395e-06,4.874369365369816e-06,1.8770845325902342e-06,7.521047612046356e-08,3.691709023520633e-06,-5.456251095785527e-07,-5.92147461205682e-07,-1.6765906937969426e-06,-5.079190429634109e-06,5.151714968627308e-06,-9.12859086921529e-06,-7.858371377617145e-07,-8.13067343489682e-06,1.8037053515638234e-05,2.822279930114462e-05,-9.005102720826458e-06
66,9.290800148153462e-05,0.005841738306454769,6.436025038915155e-05,9.566517243157535e-05,-4.0935856587417835e-06,4.2812194084922656e-05,0.0002159804806192293,5.4444540136685964e-05,7.433394553356838e-07,-4.061613545397232e-06,-2.98468761818259e-07,1.0250822568227701e-05,2.9421623985451315e-06,1.9523550257075456e-06,-1.6168077632364234e-06,8.398826552483844e-06,-3.0497170933896223e-06,1.2730329471884198e-05,-9.970863754320903e-07,-1.054142063047128e-06,-5.018600376380878e-05,-3.7444392508654648e-06,6.2684921817478375e-06,-8.718438949251857e-06,9.909431062431868e-07,0.0005741848513608269,2.003287991129199e-05,1.5466545310952624e-05,-2.4178371093235877e-05,-1.816526111822637e-05,-7.157914419574401e-06,7.449733298138377e-07,-0.0005598865375996004,1.3808450796460953e-05,-0.0002814091408767867,-1.8348368033033263e-05,0.001718131767429124,-0.00021698404388774734,-0.002338131662342385,0.0007230396791332325,1.877471748131934e-05,1.7786270023024923e-06,1.0248510854726205e-05,6.189766121777522e-05,1.584902586495594e-05,8.075959469284227e-07,1.7848388320839764e-05,1.1346810599724064e-05,1.0930577898855148e-06,2.4648556956037413e-07,2.7980268498639076e-05,1.2347967540236825e-08,-1.0030715527908314e-05,1.5744570871478795e-05,3.5600226945816094e-05,3.6398388044318115e-06,4.279691728792971e-05,8.441433818887752e-05,3.3175280434867975e-05,4.439312651177057e-05,2.7763467335714545e-05,-9.62046193209471e-06,7.683879020110744e-06,4.6742366876805026e-05
67,1.2756083118288075e-08,2.7530071826210706e-06,-6.186448947057471e-06,-5.772771558089607e-06,4.1070908951972695e-06,1.275430802733018e-05,-1.4985954619155641e-06,8.158635706768968e-06,2.93380873866535e-06,3.204397557809856e-05,1.4950798780660772e-06,8.071987403214648e-06,-7.963351696343623e-06,2.792056359017375e-06,5.4255562853500036e-05,3.503206227655463e-06,-5.34430880543057e-06,8.653093855249028e-05,-4.1717365440586924e-05,-0.00015262417760737363,-2.778358785738789e-05,0.00030373884160198673,0.00038260376254566146,0.0003189817353393928,0.00022492531215358006,0.0003945066496854136,4.829640886474598e-05,0.00018640143840578573,8.874058361935542e-05,0.0012893120703867103,3.239136525317198e-05,0.000178503935946219,-0.00013044571406557658,-2.190627728202651e-05,-3.5117357020295232e-06,-3.63769090202767e-05,1.768154389394432e-06,-3.3924515677546565e-05,-3.6771976197632314e-06,2.1152369186587138e-06,6.886696198653991e-07,-3.711538639277873e-05,6.122235879526209e-06,-6.430925712428375e-06,-1.6708194240753154e-05,5.744985100713922e-06,-3.3567647553465844e-07,-1.8976549699144045e-05,0.00018718999113612997,0.0010139089447698199,6.495058039446944e-05,0.001957535337009963,0.00022318446337950168,-5.163223545510159e-05,2.055354783528356e-06,0.0019767499494227217,0.01870959314819174,0.008413234879520465,0.013485790406148298,0.0009611809768850284,0.020042474926015116,0.006281442866802576,0.018311438504451143,0.0144751442481931
68,-9.82981533873876e-06,-2.081444807536438e-05,-2.969923436957876e-06,-1.1220738190062655e-05,-1.3706224198767545e-05,-1.196541778963349e-05,1.1913409178399081e-07,-4.874860092578501e-06,0.0007393929522718965,7.48299034008746e-05,0.002653443379507001,0.00020311638385260293,0.00023373162728353248,0.0024498575469415404,0.0008254803044945926,0.014963084409596615,-0.0002087494746765654,0.00965252114209919,0.014568120534895404,0.006116168348964551,0.01515323384590814,0.0107355607649519,0.007446379983307647,0.018259722324281684,-6.505096835381728e-05,-4.581333200892276e-06,9.597624405664457e-05,7.282928411846515e-05,-2.185595903189561e-06,6.0864318221512216e-05,0.00011288351502899322,0.00010561125128444365,2.1877932313528614e-06,-1.6402631116865718e-06,-1.7357169678024326e-06,-1.3021315879397635e-06,-1.785463573717518e-05,-2.6462005113810476e-05,-6.489438753942145e-06,7.6124796232905914e-06,3.245090776269866e-05,0.0006580127740647423,0.00035531404255193785,6.007746008872264e-05,-0.00017153140132042383,1.3078310843934865e-05,0.0006546010746930527,0.00011172417305562231,0.0021420685154999457,0.00031250981872419834,0.017511193909547473,0.005862447508724465,0.025785324517482153,-0.0006422757921659915,0.00025961881925699626,0.0030753477854291245,0.00042877172863419995,-2.76623422264364e-06,0.0009743283425794576,-4.122854182899126e-06,-7.537118045566283e-07,0.0006513481252206072,0.002343704431141932,-0.0001895096918414122
69,1.9500064547086856e-05,-4.086489531467778e-06,-4.164307922619853e-06,-7.296989335083027e-06,-1.1802247815096909e-05,-1.4653679342135975e-05,-7.94262535604384e-06,2.108780360745613e-05,3.36927159140706e-06,6.648697032450212e-06,2.0125605465317164e-07,-4.2995371607954116e-06,-2.467585974701054e-05,-1.18845346481868e-05,-5.833804607387199e-06,-1.4639416479347733e-06,-5.196743250071605e-06,9.89400951856728e-06,-1.8262960315993338e-07,1.9556229158813528e-05,1.2009940516143305e-05,4.0371629033143794e-05,-1.788907560821152e-05,4.111056394699537e-05,1.482091070215206e-05,3.925493725598657e-05,3.508431519225401e-05,9.457712782613475e-06,1.8787833666414372e-06,3.996788551628072e-05,-8.845347360374548e-06,-2.1103749770482954e-05,0.0006559490705639043,0.00010759442750932192,0.0006408498448074705,-2.089303221279666e-05,0.002423316534040912,0.001949112916010812,0.0017093882766793037,0.036111723210795345,8.6302215895749e-05,5.2179940683172975e-05,2.7255912066361796e-05,9.586654710805404e-05,0.00010515138269645525,0.0016155815016057472,3.754342478996711e-05,1.5217471949702643e-05,2.2175588374609325e-05,2.0007254771877697e-05,1.4033674109242137e-05,6.511669190793601e-05,3.977209736308246e-05,3.348398527202072e-05,4.353801846232822e-05,1.364553148114515e-05,-2.1362560006864045e-05,-0.0001722489730077239,0.00016927289818162626,0.00022224784801185316,-0.00022515232044246198,-0.0002732506252040077,0.000937435281737633,3.794859176879683e-06
70,1.298125276880435e-06,2.128881606371378e-05,1.4171776396361737e-05,2.3016999133206916e-05,6.532772437833918e-05,1.4365993163370613e-06,-1.5562364917717103e-06,3.923720329254179e-05,0.06001014796236051,0.00058432841861311,0.0012542646974212188,0.011123720491538001,0.0037915618063555784,-0.00022656615707709898,0.000671216987858585,0.0006522396642932237,-5.280267139381285e-06,-1.6902034665887513e-05,-7.344702141493439e-06,-3.7450634276343607e-06,1.0856834661781535e-06,-2.9180560421990117e-06,-7.044055115732725e-06,3.931647091766365e-06,0.00013239443347343884,6.830493458479569e-05,2.0186531896208064e-05,7.302423062154515e-05,2.8722728175405502e-05,-0.0003914418231365455,-3.7199444080321446e-05,-0.0010443807461661225,2.1939751232454927e-05,-0.00010338845896486192,3.586813999541271e-05,0.0001300637517759881,9.101510635372503e-05,4.983641958489204e-05,1.5205211536369072e-05,0.00020997044916311618,-0.00010244452293575149,0.0001716567450531278,0.00040557417931025004,0.00024395589127153752,5.432492273155321e-05,8.719395832006606e-05,0.00025599199637397417,0.0005324703893307215,3.8128874354327525e-05,5.3240335105126026e-05,0.0001575309865125747,0.00011882129449387835,0.00013526377124800605,0.00015134691423859044,-1.0798438829937746e-05,0.00916803199473071,-7.620900360988034e-06,2.95407894978303e-07,4.278101913848659e-06,0.0004081650834087167,8.323518637007067e-06,-0.00017368178913501031,6.778704862506996e-05,2.7780102635084945e-05
71,0.002124401545145006,0.00838433570984731,0.006283106814739467,0.0028613005920826626,0.003675236857416412,0.011899930225166973,0.0844689586833176,0.006248368558963195,0.000965085962308547,0.0009861639541961468,0.0021537360682281413,-0.0006733562026266076,0.0008199984056647761,0.0005203287108004104,4.794744038961567e-05,0.008179451318470431,-4.598089946409653e-06,0.0005551671511843128,-9.636317716573918e-05,1.1117418576946948e-05,0.0008564538988224752,-4.19291901353437e-05,-3.591164031473494e-05,1.914197631275463e-06,-8.973269140837844e-05,-4.3256726565008794e-05,1.552226509082691e-05,-1.218994066876034e-05,2.1400400370335438e-05,0.0001392890279088804,5.665971665241081e-05,-1.4858276578311598e-05,0.010428617721800554,0.00016447067983770485,0.0001777086500149025,0.002271728681921507,0.003236752554175526,0.003096675673969952,0.000541449293573306,0.000431436720537902,5.1802570752972e-05,-6.224160803547318e-06,-7.583261937061576e-05,5.561766624901982e-06,-2.5281768752558465e-05,5.404815046713737e-05,4.222067221265146e-06,1.2545263884732146e-05,0.002133730304702105,1.3645995377225233e-05,-4.162569901001059e-06,6.754760199012265e-05,6.104040385376606e-05,1.7403234488314253e-05,0.00017278524535094215,1.3906206480929907e-06,2.4359743869871338e-05,-3.6512572852104544e-05,3.027963403321433e-05,-2.1369013599227262e-05,-8.818577237884629e-05,-5.825913431430513e-06,-0.00011011597737838902,-4.17114597680919e-05
72,-9.106902844804249e-06,-0.00033558987595078805,-0.00032470039204271516,-2.7150435371775496e-05,0.0015131636403382393,-0.00021104725858675375,-0.0008241168651913424,-5.6862017708896956e-05,-9.506662362809544e-05,-8.886444175484905e-06,-8.199549787780221e-05,-1.5975569937607392e-05,7.835559270162401e-06,-6.397407420030574e-05,0.0008248422433247269,0.00014470783122295998,5.0822494606611644e-05,0.00013923712803433282,4.430468828954641e-05,1.2463428944323927e-05,0.00019305001116774718,5.511986974335911e-05,8.962613511393635e-06,4.994267085178682e-05,0.00022016850337554938,0.0001347135551912083,0.00010709652932779625,0.00046843380707515316,3.8446602217369655e-06,8.074524074544009e-05,0.00015368893844236556,0.0003503215321995583,0.011502672633589716,0.02458035973005895,0.01794206834002098,0.029268399976798313,0.001088390212966421,0.026534382188925697,0.027973043367300547,0.023836349880632077,0.0010370133590119812,2.522294362265293e-05,0.006289016757615142,0.0005193784934630238,0.00031537156470170684,0.0002719026519277945,0.0002508528920355108,0.00021221472333108344,8.111615143461647e-05,-4.9913636746960615e-06,0.0001313017004814139,0.00020377513041000499,-0.0001275461220759354,0.00025206054133659764,0.0030572905266619335,0.0005782594095133227,-0.00011242005389418089,-0.00010026233317365826,-0.00019225916508203904,-3.787536255964566e-05,-5.0941568328360073e-05,-0.0001798281622619864,8.628669338211723e-05,6.086437470809811e-05
73,0.012518692595024196,-0.00019279486126209526,0.007293227678722645,0.010303225726951153,0.00018589662909055792,0.006006001974254776,0.0396807316670913,0.00011930423220329931,-0.0006345176985988662,-0.0009968815833171986,-0.00010959116051466353,0.0031991225467476545,4.720785023137292e-05,0.000227544956626632,-0.00015729765172615653,-0.0031819094122133985,0.00012383246801403848,5.5484298596873856e-05,6.067030939574823e-05,-9.186535161427324e-06,-5.088720563869683e-05,1.415018334001832e-05,2.183640337604733e-05,0.0005080285535064749,1.6674573072162925e-05,-2.1433577766194855e-05,1.4750014388983077e-05,-4.3586030647635004e-06,-1.552642815215727e-05,1.5226086153937103e-06,-1.5856894446285167e-05,-1.073904530377378e-05,-8.57378231182188e-05,0.01004255663001962,0.0032846690399164122,0.000252923950089747,1.6261810059797346e-05,0.016519165472879474,0.03941281895641127,0.009208416242867008,-0.00024376085438992435,6.413260945051856e-05,-2.386884720059381e-05,6.579569314264756e-05,3.7584953727460984e-05,4.4861194127613896e-05,9.513728269760573e-05,0.002851086371409522,0.0001274164740654262,5.52430443911925e-05,-5.727685519110716e-05,9.08164995199303e-05,0.0001424592584258549,6.367483086618304e-05,-0.0003116036948152691,0.000687869775466976,0.00018303237510866087,0.0032167810215201656,0.0001749707113349783,0.004646873275288311,-0.003179638369052676,0.0004867782549391697,-3.2665356259355756e-05,0.0004187018876730018
74,0.022851938908528522,0.004601893640088709,-0.001978765300406571,0.0020638961878755584,0.013010242384794176,0.0002337461330386308,0.0005290980724062815,0.00831962607863096,0.00012390181094610938,0.002414879878422271,0.0010193898607330633,0.0008209415734763174,0.008242041075925563,0.010718224354093956,9.938534504541097e-05,0.0007852400406641462,7.173852815702197e-07,0.00034729143360330913,5.3956189600240086e-05,6.5617641777232784e-06,2.75783212551798e-05,0.010906762476668745,0.0009231578228236873,-0.00018702063305617823,0.001134272413420081,0.0010663970480189343,-0.00019144425006235126,0.002290347202697243,0.00021872924212888573,0.012388148481327082,0.00022431729054975063,0.002689116827188972,4.0864988517539716e-05,2.9727347743066203e-05,6.811112911073867e-05,0.0002826846531614123,8.348603199791527e-05,0.00042314155251804117,1.6339298357467978e-05,8.515492815967641e-05,0.0037593616510178673,0.0008147646975932999,0.0004668250239374419,0.0012408036278268432,0.00043960386736091085,-0.0003640843305378103,-4.745212082071321e-05,0.0009149468424105137,9.956632806460862e-05,4.971039801313556e-06,0.00025795814754205515,-4.967825714618495e-06,6.969194150358539e-06,2.79382340062074e-05,6.0937157673214176e-05,2.4333915378756656e-05,0.00017911342620126198,1.041507849736404e-05,4.523222626294464e-06,0.00017152383211799046,0.00041144047500149024,0.0004222061798552653,6.552796367445473e-05,2.0487716956691443e-05
75,0.00095061057439982,0.00011039576673254692,0.006347804470799746,0.00010890464515194235,1.7573259109973914e-05,0.001207780892239817,0.000785036372632308,0.005427668815855732,0.004233143020525768,0.0001258015960251571,0.0004963233129285883,2.187122170721032e-05,2.9899400233139433e-05,0.0006315078730380736,6.83180394725771e-05,-1.915105370701386e-05,0.005881813459996475,0.0015044606391727434,0.0006504229540351279,0.002393288174933604,0.0005875664556270493,0.019072815357870546,0.0023386852591213087,0.008996183353450102,0.0049902573962208,0.0018312796396771712,0.02139270685223398,0.002835592281827428,0.030471811518694436,0.005468311862931096,0.0013504675430633347,0.0010701718883499938,0.0032742755534162647,0.005529981476506831,0.0029421630820331474,0.0016928792813223712,0.00020166056638779538,0.01771629480270837,0.0011815258370284508,0.008426946794742703,0.005831079468571661,0.0005334767091445961,0.0020261619739951834,0.004798117960104895,0.005022299479498295,0.0022279431731344807,0.00211047195321778,0.021996274511411028,0.0003555421579778889,-0.0001297756179410269,-5.7473648805524e-05,-0.00015057427377932156,-0.000889828658808895,2.5340340045860557e-05,1.7387600413679717e-05,-8.231758438700467e-05,0.00013246321153966107,-0.00013241829340705644,3.665720110503488e-05,2.1202262375190304e-05,-8.289557772210556e-05,9.127105272024257e-05,-0.00045376098725360216,-0.00033676271821803756
76,-3.338574662724639e-06,-0.00021630222820892163,-6.867166809099277e-05,1.7197764534404835e-05,7.508088177219856e-06,4.9251218561514915e-05,1.5836579045893413e-05,4.703964447776223e-05,0.015808943458539775,0.0008799487935312747,0.00031775665427808813,0.003643058302548908,9.446599611827055e-05,0.0013063451030924983,-0.0004780766094517233,0.01515229169485513,5.9548405318888365e-06,-1.1712290103730483e-05,4.19368638379526e-05,6.356830846367589e-06,-7.14157581600471e-05,0.00010008044636909143,4.254543053733097e-05,4.943060583467862e-06,-0.00017903590401164278,0.0004002473135623517,0.0007056550061368323,-0.00019769220301561036,-3.240798078223103e-05,0.00792199070477142,9.098786852231434e-05,0.00040577382549722457,6.1873033066607034e-06,4.0800542972408804e-05,-2.0477449107659482e-05,1.6170781927635456e-05,-1.863860740546029e-05,1.7633437093590772e-05,2.2749271783255137e-05,-6.752551008662684e-05,0.00036942091197837343,0.000193584091831462,-0.0005957625800682983,-0.0011627036030316027,-0.009483442602960154,-0.000517137399489814,-0.0013072199673251374,-0.0004413356556867097,-0.0006192158893530275,-7.351048974217294e-05,-1.3944278439397602e-06,-0.0006148150872786549,-0.0003700143148539366,-4.981321489566854e-05,-7.515806786665135e-05,-0.00016052954299961518,0.00041209033621902993,0.021947938804828912,0.016512894648507838,-0.0028100944631835384,0.0020982623552173456,0.026324034640967983,0.000869181546593724,-0.0007753595427367841
77,1.840242569513214e-05,1.930259591796182e-06,0.004762379033173277,0.00018447631909324517,0.0031788398859806336,0.0002084112781932435,2.0096074278555947e-05,0.007867106259818145,3.62518477204875e-06,0.0002907802088862585,0.01037584569437925,0.0009423637588969436,0.0033812432509647164,0.00010890844105047434,0.009018974289738654,-0.0014079181058014587,0.00014400732695739923,-0.00029165695977084445,-0.0005563455517315526,0.001618890621338585,-0.00023840835785395912,2.3311485590763814e-05,9.537100159281303e-05,0.00012348808060097147,0.00010500237108451623,0.00013833790113746577,0.00016419150053866875,1.7801419725189752e-05,0.0001695895393840086,4.944134675886851e-05,0.0003094549338143365,0.0005056984592695148,0.0006898131173519198,0.0018580337651667035,0.007075530819318076,0.0007770183955836763,9.030984874201343e-06,0.0002999009283498169,0.00025045844621058205,0.0003578982812333418,0.006267567309942817,0.002303115791945495,0.028150794901930988,0.003836285625107819,0.010267477174705407,0.007303408911229987,0.0023716580605669564,0.0016653976651011667,0.0008879308677063112,0.019905401234196568,0.02321289776851952,0.02366849452460508,0.03519209918874606,0.03254928834696807,0.03206734299388593,0.010693033867663194,8.034648499405256e-05,0.0008675911102989014,0.00029053981327667076,0.00044354414560290173,0.001622879116529764,0.0009026346195819612,0.001970386035158564,0.00020117430726717363
78,0.02528775361923669,0.00461147950398732,0.023736651148011597,0.0004793986214933443,0.0024433831901058637,0.034989405437524435,-0.000318897050650758,-0.0005101856632247127,-4.1993889870115064e-05,6.335225857234759e-05,5.466182002341015e-05,-0.0001732078892792468,0.00012926674865248205,-0.00038007536650246267,-8.201215012314302e-05,0.00010037454942394744,0.0018289330513573136,8.179469936448421e-05,-8.66679552380467e-05,0.00011441362365074593,-0.0001690432915098292,0.00023169269879900039,4.453384306866195e-05,4.821633348146378e-05,0.009610103512461029,0.0016010216775493584,0.004440830908913427,0.0005069374752183595,0.00019798635690838938,0.0004322386605889633,0.001228847451242555,0.0013573708138382694,0.0016517681327392147,0.00019814515764556096,0.00016451686326982004,0.0012494446745056206,6.163194832067807e-05,0.00027407195709978937,0.0006066733650676812,1.365800442525663e-05,0.00018084600533925833,0.00011776050466583619,4.26164172290382e-05,0.00017957977944924234,0.0001542666380472298,0.0003602835741614303,0.00010564829518706533,2.6919139751076462e-05,-4.603579312766534e-05,0.0002680561075253941,0.0016054263884954342,2.367679563501209e-05,0.00019355239155981145,0.00010506260837904977,0.0021675443721594803,0.00018971213976301095,2.5272776088182e-06,7.838335020963264e-05,0.00016842463913064785,1.7745653343885825e-05,1.7563495403710487e-05,7.757820172052961e-05,0.000296599807117452,4.953856582076029e-06
79,0.0007217670589617598,1.7148587313268537e-05,0.0002120073723738782,8.05983925697147e-05,9.288825800782223e-05,9.502536582621266e-05,0.00010392157935662188,8.576149240960607e-05,0.00010596587406676281,1.574814364800008e-05,0.00030730627448925736,0.000637638830975928,0.00044176084151134246,0.00023185928903627338,6.8943466048591086e-12,0.0003127877327237186,0.002614447707204406,4.1305160233250244e-05,-2.172606812904583e-06,-8.910876035779338e-06,9.099048949987063e-05,-1.1078826941883068e-06,1.0911157810839267e-05,0.0003266107683564966,-3.109426097132619e-05,0.00010468325576970144,0.00024243183801172052,5.7062499897328275e-05,4.6273968814445235e-05,2.4849375239636925e-05,2.9623756994342167e-05,7.449306541993014e-05,3.561760716202339e-05,1.9975599689495356e-05,3.650124164310371e-05,4.501642491258694e-05,1.2527521095261124e-05,6.341889014833327e-05,2.7349556233505716e-05,0.00023438950394752704,-1.2240736230562141e-05,-1.9377779562970227e-06,2.5855909702540445e-05,8.412331082858698e-06,-9.635046768403476e-06,-2.0722047319185633e-06,2.7367750562621067e-06,6.041980833605877e-05,0.0003856846651767036,2.8506090823586124e-05,-2.1227297229778816e-05,6.779809175249325e-05,0.00010472972163474029,0.00013678908980733147,0.0006021134911205289,8.925246505506018e-05,0.0009947820899159374,0.00018864673498094313,6.992300411712824e-05,0.00032215225958661346,0.0004219018753231075,8.581079390122931e-05,5.351579758685171e-05,6.613720538849916e-06
